설치장소명,시도명,시군구명,소재지도로명주소,소재지지번주소,위도,경도,세부위치,휴지통종류,관리기관명,관리기관전화번호,데이터기준일자,제공기관코드,제공기관명
클린하우스,대구광역시,남구,대구광역시 남구 이천로28길 42-16,대구광역시 남구 대명동 383-4,35.85385142,128.5998035,,재활용쓰레기,대구광역시 남구청,053-664-2723,2025-08-01,3440000,대구광역시 남구
클린하우스,대구광역시,남구,대구광역시 남구 봉덕로11길 13,대구광역시 남구 봉덕동 705-32,35.84565736,128.5957994,,재활용쓰레기,대구광역시 남구청,053-664-2723,2025-08-01,3440000,대구광역시 남구
클린하우스,대구광역시,남구,대구광역시 남구 중앙대로22길 100,대구광역시 남구 봉덕동 702-6,35.8424186,128.5959476,,재활용쓰레기,대구광역시 남구청,053-664-2723,2025-08-01,3440000,대구광역시 남구
클린하우스,대구광역시,남구,대구광역시 남구 대명로30길 14,대구광역시 남구 대명동 916-2,35.8384918,128.5738239,,재활용쓰레기,대구광역시 남구청,053-664-2723,2025-08-01,3440000,대구광역시 남구
클린하우스,대구광역시,남구,대구광역시 남구 큰골길 53,대구광역시 남구 대명동 2680-7,35.8372536,128.5790379,,재활용쓰레기,대구광역시 남구청,053-664-2723,2025-08-01,3440000,대구광역시 남구
클린하우스,대구광역시,남구,대구광역시 남구 대명역6길 48,대구광역시 남구 대명동 1540,35.83269131,128.5640623,,재활용쓰레기,대구광역시 남구청,053-664-2723,2025-08-01,3440000,대구광역시 남구
클린하우스,대구광역시,남구,대구광역시 남구 관문시장4길 53,대구광역시 남구 대명동 1180,35.83624135,128.560605,,재활용쓰레기,대구광역시 남구청,053-664-2723,2025-08-01,3440000,대구광역시 남구
클린하우스,대구광역시,남구,대구광역시 남구 계명7길 18,대구광역시 남구 대명동 2255-1,35.85275091,128.5778762,,재활용쓰레기,대구광역시 남구청,053-664-2723,2025-08-01,3440000,대구광역시 남구
클린하우스,대구광역시,남구,대구광역시 남구 명덕로20길 115,대구광역시 남구 대명동 642-46,35.85230083,128.5790561,,재활용쓰레기,대구광역시 남구청,053-664-2723,2025-08-01,3440000,대구광역시 남구
클린하우스,대구광역시,남구,대구광역시 남구 두류공원로12길 25-48,대구광역시 남구 봉덕동 1067-121,35.84383615,128.5744916,,재활용쓰레기,대구광역시 남구청,053-664-2723,2025-08-01,3440000,대구광역시 남구
클린하우스,대구광역시,남구,대구광역시 남구 두류공원로20길 19,대구광역시 남구 대명동 3043-34,35.84596976,128.5695016,,재활용쓰레기,대구광역시 남구청,053-664-2723,2025-08-01,3440000,대구광역시 남구
클린하우스,대구광역시,남구,대구광역시 남구 봉덕로5길 20,대구광역시 남구 봉덕동 592-9,35.8461956,128.5933294,,재활용쓰레기,대구광역시 남구청,053-664-2723,2025-08-01,3440000,대구광역시 남구
클린하우스,대구광역시,남구,대구광역시 남구 봉덕로6길35-63,대구광역시 남구 봉덕동 990-17,35.84323063,128.5922385,,재활용쓰레기,대구광역시 남구청,053-664-2723,2025-08-01,3440000,대구광역시 남구
클린하우스,대구광역시,남구,대구광역시 남구 자유3길 54,대구광역시 남구 대명동 353-6,35.83876049,128.5819202,,재활용쓰레기,대구광역시 남구청,053-664-2723,2025-08-01,3440000,대구광역시 남구
클린하우스,대구광역시,남구,대구광역시 남구 대명로21길 9,대구광역시 남구 대명동 1624-22,35.84009483,128.5691654,,재활용쓰레기,대구광역시 남구청,053-664-2723,2025-08-01,3440000,대구광역시 남구
클린하우스,대구광역시,남구,대구광역시 남구 두류공원로 38,대구광역시 남구 대명동 1652-1,35.84171631,128.5735748,,재활용쓰레기,대구광역시 남구청,053-664-2723,2025-08-01,3440000,대구광역시 남구
클린하우스,대구광역시,남구,대구광역시 남구 명덕로32길 30,대구광역시 남구 대명동 1827,35.85528539,128.5862415,,재활용쓰레기,대구광역시 남구청,053-664-2723,2025-08-01,3440000,대구광역시 남구
교하로425번길 7 삽다리사거리 버스정류장,경기도,파주시,경기도 파주시 교하로425번길 1,경기도 파주시 동패동 302-2,37.70563342,126.7318432,,일반쓰레기,경기도 파주시청,031-940-4734,2025-08-12,4060000,경기도 파주시
교하로425번길 10 삽다리사거리 버스정류장,경기도,파주시,,경기도 파주시 동패동 1363-4,37.70512501,126.7319539,,일반쓰레기,경기도 파주시청,031-940-4734,2025-08-12,4060000,경기도 파주시
교하로 78 산내마을9단지 버스정류장,경기도,파주시,,경기도 파주시 목동동 1150,37.72481244,126.7355358,,일반쓰레기,경기도 파주시청,031-940-4734,2025-08-12,4060000,경기도 파주시
한울로 42 한울공원 버스정류장,경기도,파주시,,경기도 파주시 동패동 1903,37.71128925,126.737337,,일반쓰레기,경기도 파주시청,031-940-4734,2025-08-12,4060000,경기도 파주시
한울로 78 한울마을3·5단지 버스정류장,경기도,파주시,,경기도 파주시 동패동 1764,37.71007189,126.7409982,,일반쓰레기,경기도 파주시청,031-940-4734,2025-08-12,4060000,경기도 파주시
한울로 81 한울마을3·5단지 버스정류장,경기도,파주시,,경기도 파주시 동패동 1756-1,37.71036444,126.7403727,,일반쓰레기,경기도 파주시청,031-940-4734,2025-08-12,4060000,경기도 파주시
와석순환로 178 한울마을2단지 버스정류장,경기도,파주시,,경기도 파주시 동패동 1833,37.71586004,126.7383055,,일반쓰레기,경기도 파주시청,031-940-4734,2025-08-12,4060000,경기도 파주시
와석순환로 132 경기인력개발원 버스정류장,경기도,파주시,,경기도 파주시 동패동 1750,37.71299273,126.7424609,,일반쓰레기,경기도 파주시청,031-940-4734,2025-08-12,4060000,경기도 파주시
와석순환로 129 경기인력개발원 버스정류장,경기도,파주시,,경기도 파주시 동패동 1750,37.71299273,126.7424609,,일반쓰레기,경기도 파주시청,031-940-4734,2025-08-12,4060000,경기도 파주시
와석순환로 364 해솔마을2·5단지 버스정류장,경기도,파주시,,경기도 파주시 목동동 676,37.72399972,126.7474984,,일반쓰레기,경기도 파주시청,031-940-4734,2025-08-12,4060000,경기도 파주시
와석순환로 359 해솔마을2·5단지 버스정류장,경기도,파주시,,경기도 파주시 목동동 676,37.72399972,126.7474984,,일반쓰레기,경기도 파주시청,031-940-4734,2025-08-12,4060000,경기도 파주시
와석순환로 263 운정고등학교 버스정류장,경기도,파주시,,경기도 파주시 목동동 1050,37.72147402,126.7371394,,일반쓰레기,경기도 파주시청,031-940-4734,2025-08-12,4060000,경기도 파주시
와석순환로 299 산내마을11단지 버스정류장,경기도,파주시,,경기도 파주시 목동동 1008,37.72524807,126.7372276,,일반쓰레기,경기도 파주시청,031-940-4734,2025-08-12,4060000,경기도 파주시
와석순환로 24 한빛마을4·8단지 버스정류장,경기도,파주시,,경기도 파주시 야당동 1019-1,37.71008898,126.7560668,,일반쓰레기,경기도 파주시청,031-940-4734,2025-08-12,4060000,경기도 파주시
와석순환로 23 한빛마을4·8단지 버스정류장,경기도,파주시,,경기도 파주시 야당동 1020,37.71103055,126.7502093,,일반쓰레기+재활용쓰,경기도 파주시청,031-940-4734,2025-08-12,4060000,경기도 파주시
와석순환로 74 한빛마을3·6단지 버스정류장,경기도,파주시,,경기도 파주시 야당동 1020,37.71103055,126.7502093,,일반쓰레기+재활용쓰,경기도 파주시청,031-940-4734,2025-08-12,4060000,경기도 파주시
와석순환로 75 한빛마을3·6단지 버스정류장,경기도,파주시,,경기도 파주시 목동동 870,37.73192514,126.7358329,,일반쓰레기+재활용쓰,경기도 파주시청,031-940-4734,2025-08-12,4060000,경기도 파주시
한빛로 11 와석초등학교 버스정류장,경기도,파주시,,경기도 파주시 야당동 998,37.7120697,126.7591269,,일반쓰레기,경기도 파주시청,031-940-4734,2025-08-12,4060000,경기도 파주시
한빛로 12 와석초등학교 버스정류장,경기도,파주시,,경기도 파주시 야당동 998,37.7120697,126.7591269,,일반쓰레기,경기도 파주시청,031-940-4734,2025-08-12,4060000,경기도 파주시
한빛로 67 한빛중학교 버스정류장,경기도,파주시,,경기도 파주시 야당동 990,37.71326307,126.7539702,,일반쓰레기,경기도 파주시청,031-940-4734,2025-08-12,4060000,경기도 파주시
청암로 35 산내마을6·8단지 버스정류장,경기도,파주시,,경기도 파주시 목동동 870,37.73192514,126.7358329,,일반쓰레기,경기도 파주시청,031-940-4734,2025-08-12,4060000,경기도 파주시
경의로 1074 야당역·한빛마을5·9단지 버스정류장,경기도,파주시,,경기도 파주시 야당동 998,37.7120697,126.7591269,,일반쓰레기,경기도 파주시청,031-940-4734,2025-08-12,4060000,경기도 파주시
경의로 1073 야당역·한빛마을5·9단지 버스정류장,경기도,파주시,,경기도 파주시 야당동 998,37.7120697,126.7591269,,일반쓰레기,경기도 파주시청,031-940-4734,2025-08-12,4060000,경기도 파주시
심학산로 580 한빛마을5단지 버스정류장,경기도,파주시,,경기도 파주시 야당동 989,37.71685622,126.7535333,,일반쓰레기,경기도 파주시청,031-940-4734,2025-08-12,4060000,경기도 파주시
심학산로 524 한빛마을1·2단지 버스정류장,경기도,파주시,,경기도 파주시 야당동 989,37.71685622,126.7535333,,일반쓰레기,경기도 파주시청,031-940-4734,2025-08-12,4060000,경기도 파주시
미래로 375 새암공원 버스정류장2,경기도,파주시,,경기도 파주시 야당동 1022-5,37.7091436,126.7464058,,일반쓰레기,경기도 파주시청,031-940-4734,2025-08-12,4060000,경기도 파주시
미래로 375 새암공원 버스정류장1,경기도,파주시,,경기도 파주시 동패동 1749,37.71223811,126.7462207,,일반쓰레기,경기도 파주시청,031-940-4734,2025-08-12,4060000,경기도 파주시
미래로 416 한빛마을1단지 버스정류장,경기도,파주시,,경기도 파주시 야당동 980,37.71225363,126.74645,,일반쓰레기,경기도 파주시청,031-940-4734,2025-08-12,4060000,경기도 파주시
미래로 413 한빛마을1단지 버스정류장,경기도,파주시,,경기도 파주시 동패동 1749,37.71223811,126.7462207,,일반쓰레기,경기도 파주시청,031-940-4734,2025-08-12,4060000,경기도 파주시
미래로 498 해솔마을6·7단지 버스정류장,경기도,파주시,,경기도 파주시 와동동 1405,37.72189881,126.7491674,,일반쓰레기,경기도 파주시청,031-940-4734,2025-08-12,4060000,경기도 파주시
지산중학교·운정행복센터 정류장,경기도,파주시,,경기도 파주시 와동동 1364,37.72635513,126.7516634,,일반쓰레기,경기도 파주시청,031-940-4734,2025-08-12,4060000,경기도 파주시
해솔마을11단지 버스정류장,경기도,파주시,,경기도 파주시 와동동 1305,37.73150741,126.7512577,,일반쓰레기,경기도 파주시청,031-940-4734,2025-08-12,4060000,경기도 파주시
운정광역보건지소 버스정류장,경기도,파주시,,경기도 파주시 목동동 645,37.72957855,126.7456089,,일반쓰레기,경기도 파주시청,031-940-4734,2025-08-12,4060000,경기도 파주시
심학산로 580 호수공원 버스정류장,경기도,파주시,,경기도 파주시 와동동 1393,37.72376034,126.7546741,,일반쓰레기,경기도 파주시청,031-940-4734,2025-08-12,4060000,경기도 파주시
소리천로 154 운정역 버스정류장,경기도,파주시,,경기도 파주시 와동동 1421,37.72417538,126.7658301,,일반쓰레기,경기도 파주시청,031-940-4734,2025-08-12,4060000,경기도 파주시
경의로 1294 6단지아파트 버스정류장,경기도,파주시,,경기도 파주시 와동동 1329,37.72609443,126.7609012,,일반쓰레기,경기도 파주시청,031-940-4734,2025-08-12,4060000,경기도 파주시
경의로 1293 4단지아파트 버스정류장,경기도,파주시,,경기도 파주시 와동동 1329,37.72609443,126.7609012,,일반쓰레기,경기도 파주시청,031-940-4734,2025-08-12,4060000,경기도 파주시
책향기로 769 2단지아파트 버스정류장(하행),경기도,파주시,,경기도 파주시 와동동 1342,37.72986083,126.7560803,,일반쓰레기,경기도 파주시청,031-940-4734,2025-08-12,4060000,경기도 파주시
책향기로 769  8단지아파트 버스정류장(상행),경기도,파주시,,경기도 파주시 와동동 1342,37.72986083,126.7560803,,일반쓰레기,경기도 파주시청,031-940-4734,2025-08-12,4060000,경기도 파주시
한국전력공사 버스정류장,경기도,파주시,경기도 파주시 금바위로 50,경기도 파주시 와동동 1378,37.72902871,126.7588583,,일반쓰레기,경기도 파주시청,031-940-4734,2025-08-12,4060000,경기도 파주시
가람마을 8단지아파트 버스정류장,경기도,파주시,,경기도 파주시 와동동 1376,37.72713251,126.7584582,,일반쓰레기,경기도 파주시청,031-940-4734,2025-08-12,4060000,경기도 파주시
11단지아파트 버스정류장,경기도,파주시,,경기도 파주시 와동동 1369-1,37.72392455,126.7545938,,일반쓰레기,경기도 파주시청,031-940-4734,2025-08-12,4060000,경기도 파주시
가람11단지아파트 소공원,경기도,파주시,,경기도 파주시 와동동 1370,37.72502177,126.7561433,,일반쓰레기,경기도 파주시청,031-940-4734,2025-08-12,4060000,경기도 파주시
전LH사업단 소공원,경기도,파주시,,경기도 파주시 동패동 1792,37.71706943,126.7377643,,일반쓰레기,경기도 파주시청,031-940-4734,2025-08-12,4060000,경기도 파주시
전LH사업단 버스정류장(하행),경기도,파주시,,경기도 파주시 동패동 1833,37.71586004,126.7383055,,일반쓰레기,경기도 파주시청,031-940-4734,2025-08-12,4060000,경기도 파주시
전LH사업단 버스정류장(상행),경기도,파주시,,경기도 파주시 동패동 1792,37.71706943,126.7377643,,일반쓰레기,경기도 파주시청,031-940-4734,2025-08-12,4060000,경기도 파주시
운정행복센타 버스정류장,경기도,파주시,경기도 파주시 와석순환로 415,경기도 파주시 와동동 1358,37.72402922,126.7513065,,일반쓰레기,경기도 파주시청,031-940-4734,2025-08-12,4060000,경기도 파주시
운정행복센타 앞 소공원,경기도,파주시,경기도 파주시 와석순환로 415,경기도 파주시 와동동 1358,37.72402922,126.7513065,,일반쓰레기,경기도 파주시청,031-940-4734,2025-08-12,4060000,경기도 파주시
가람마을 10단지아파트 버스정류장,경기도,파주시,,경기도 파주시 와동동 1364,37.72635513,126.7516634,,일반쓰레기,경기도 파주시청,031-940-4734,2025-08-12,4060000,경기도 파주시
가람마을9단지아파트 소공원,경기도,파주시,경기도 파주시 미래로 564,경기도 파주시 와동동 1344,37.72766106,126.7531214,,일반쓰레기,경기도 파주시청,031-940-4734,2025-08-12,4060000,경기도 파주시
가람마을2단지 아파트 상가,경기도,파주시,경기도 파주시 미래로 610,경기도 파주시 와동동 1303-1,37.73165607,126.7514599,,일반쓰레기,경기도 파주시청,031-940-4734,2025-08-12,4060000,경기도 파주시
가람마을1단지아파트 정류장,경기도,파주시,경기도 파주시 가람로 22,경기도 파주시 와동동 1308,37.73292356,126.7533502,,일반쓰레기,경기도 파주시청,031-940-4734,2025-08-12,4060000,경기도 파주시
가람마을 4단지아파트 버스 정류장(하행),경기도,파주시,경기도 파주시 가람로 70,경기도 파주시 와동동 1321,37.73465466,126.7583889,,일반쓰레기,경기도 파주시청,031-940-4734,2025-08-12,4060000,경기도 파주시
가람마을 4단지아파트 버스 정류장(상행),경기도,파주시,경기도 파주시 가람로 59,경기도 파주시 와동동 1553-1,37.73476235,126.7565601,,일반쓰레기+재활용쓰,경기도 파주시청,031-940-4734,2025-08-12,4060000,경기도 파주시
초롱꽃마을6단지 정류장,경기도,파주시,,경기도 파주시 동패동 2148,37.71602862,126.7144667,,일반쓰레기,경기도 파주시청,031-940-4734,2025-08-12,4060000,경기도 파주시
초롱꽃마을3단지 정류장,경기도,파주시,,경기도 파주시 동패동 2154,37.7135641,126.7078536,,일반쓰레기,경기도 파주시청,031-940-4734,2025-08-12,4060000,경기도 파주시
초롱꽃마을3단지 정류장(상가쪽),경기도,파주시,,경기도 파주시 동패동 2154,37.7135641,126.7078536,,일반쓰레기,경기도 파주시청,031-940-4734,2025-08-12,4060000,경기도 파주시
롯데아울렛 정류장(상행),경기도,파주시,,경기도 파주시 문발동 541-3,37.71586589,126.6911528,,일반쓰레기,경기도 파주시청,031-940-4734,2025-08-12,4060000,경기도 파주시
롯데아울렛 정류장(하행),경기도,파주시,,경기도 파주시 문발동 541-3,37.71586589,126.6911528,,일반쓰레기,경기도 파주시청,031-940-4734,2025-08-12,4060000,경기도 파주시
은석교사거리 정류장(하행),경기도,파주시,,경기도 파주시 문발동 541-12,37.70170543,126.686117,,일반쓰레기,경기도 파주시청,031-940-4734,2025-08-12,4060000,경기도 파주시
은석교사거리 정류장(상행),경기도,파주시,,경기도 파주시 문발동 541-12,37.70170543,126.686117,,일반쓰레기,경기도 파주시청,031-940-4734,2025-08-12,4060000,경기도 파주시
이석교사거리 정류장(상행),경기도,파주시,,경기도 파주시 문발동 541-2,37.7138612,126.6873952,,일반쓰레기,경기도 파주시청,031-940-4734,2025-08-12,4060000,경기도 파주시
이채쇼핑몰 CU,경기도,파주시,경기도 파주시 문발로 233,경기도 파주시 문발동 502-1,37.71516574,126.6875146,,일반쓰레기,경기도 파주시청,031-940-4734,2025-08-12,4060000,경기도 파주시
이채쇼핑몰 정류장(상행),경기도,파주시,,경기도 파주시 문발동 541-2,37.7138612,126.6873952,,일반쓰레기,경기도 파주시청,031-940-4734,2025-08-12,4060000,경기도 파주시
이채쇼핑몰 정류장(하행),경기도,파주시,,경기도 파주시 문발동 541-2,37.7138612,126.6873952,,일반쓰레기,경기도 파주시청,031-940-4734,2025-08-12,4060000,경기도 파주시
출판단지심학교 정류장(상행),경기도,파주시,,경기도 파주시 문발동 541-2,37.7138612,126.6873952,,일반쓰레기,경기도 파주시청,031-940-4734,2025-08-12,4060000,경기도 파주시
출판단지심학교 정류장(하행),경기도,파주시,,경기도 파주시 문발동 541-2,37.7138612,126.6873952,,일반쓰레기,경기도 파주시청,031-940-4734,2025-08-12,4060000,경기도 파주시
서패동 돌곶이꽃마을 정류장,경기도,파주시,,경기도 파주시 서패동 305-1,37.71671563,126.6957951,,일반쓰레기,경기도 파주시청,031-940-4734,2025-08-12,4060000,경기도 파주시
문발동_진골 정류장(하행),경기도,파주시,,경기도 파주시 신촌동 산 55-3,37.73072362,126.7083059,,일반쓰레기,경기도 파주시청,031-940-4734,2025-08-12,4060000,경기도 파주시
문발동_진골 정류장(상행),경기도,파주시,,경기도 파주시 신촌동 703,37.73051673,126.7082899,,일반쓰레기,경기도 파주시청,031-940-4734,2025-08-12,4060000,경기도 파주시
문발동 한성타워,경기도,파주시,,경기도 파주시 문발동 32-1,37.72867906,126.7064347,,일반쓰레기+재활용쓰,경기도 파주시청,031-940-4734,2025-08-12,4060000,경기도 파주시
문발초교 정류장(하행),경기도,파주시,,경기도 파주시 문발동 621,37.72722975,126.7089423,,일반쓰레기+재활용쓰,경기도 파주시청,031-940-4734,2025-08-12,4060000,경기도 파주시
문발초교 정류장(상행),경기도,파주시,,경기도 파주시 문발동 621,37.72722975,126.7089423,,일반쓰레기,경기도 파주시청,031-940-4734,2025-08-12,4060000,경기도 파주시
노을빛마을1_2단지 정류장(상행),경기도,파주시,,경기도 파주시 문발동 621,37.72722975,126.7089423,,일반쓰레기,경기도 파주시청,031-940-4734,2025-08-12,4060000,경기도 파주시
책향기마을12단지 후문정류장,경기도,파주시,,경기도 파주시 동패동 1745-8,37.72353613,126.7227707,,일반쓰레기+재활용쓰,경기도 파주시청,031-940-4734,2025-08-12,4060000,경기도 파주시
책향기마을14단지 정류장(하행),경기도,파주시,,경기도 파주시 동패동 1745-2,37.72181355,126.7173793,,일반쓰레기,경기도 파주시청,031-940-4734,2025-08-12,4060000,경기도 파주시
책향기마을14단지 정류장(상행),경기도,파주시,,경기도 파주시 동패동 1711-1,37.71991202,126.7190772,,일반쓰레기,경기도 파주시청,031-940-4734,2025-08-12,4060000,경기도 파주시
중앙공원정류장(하행),경기도,파주시,,경기도 파주시 동패동 1745-2,37.72181355,126.7173793,,일반쓰레기,경기도 파주시청,031-940-4734,2025-08-12,4060000,경기도 파주시
중앙공원정류장(상행),경기도,파주시,,경기도 파주시 동패동 1704-1,37.72213757,126.7175437,,일반쓰레기,경기도 파주시청,031-940-4734,2025-08-12,4060000,경기도 파주시
책향기마을10_11단지 정류장(하행),경기도,파주시,,경기도 파주시 동패동 1745-7,37.72433601,126.7201435,,일반쓰레기,경기도 파주시청,031-940-4734,2025-08-12,4060000,경기도 파주시
책향기마을10_11단지 정류장(상행),경기도,파주시,,경기도 파주시 동패동 1745-7,37.72433601,126.7201435,,일반쓰레기,경기도 파주시청,031-940-4734,2025-08-12,4060000,경기도 파주시
중심상가 택시정류장,경기도,파주시,경기도 파주시 책향기로 423,경기도 파주시 동패동 1701,37.72492304,126.7189297,,일반쓰레기,경기도 파주시청,031-940-4734,2025-08-12,4060000,경기도 파주시
숲속길마을7단지 정류장(하행),경기도,파주시,,경기도 파주시 동패동 1745-2,37.72181355,126.7173793,,일반쓰레기,경기도 파주시청,031-940-4734,2025-08-12,4060000,경기도 파주시
숲속길마을7단지 정류장(상행),경기도,파주시,,경기도 파주시 동패동 1745-2,37.72181355,126.7173793,,일반쓰레기,경기도 파주시청,031-940-4734,2025-08-12,4060000,경기도 파주시
청석마을9단지 정류장(하행),경기도,파주시,,경기도 파주시 다율동 1003,37.73204777,126.7191699,,일반쓰레기,경기도 파주시청,031-940-4734,2025-08-12,4060000,경기도 파주시
청석마을9단지 정류장(상행),경기도,파주시,,경기도 파주시 다율동 1003,37.73204777,126.7191699,,일반쓰레기,경기도 파주시청,031-940-4734,2025-08-12,4060000,경기도 파주시
청석마을8단지 정류장,경기도,파주시,,경기도 파주시 다율동 982-1,37.7331968,126.7196748,,일반쓰레기,경기도 파주시청,031-940-4734,2025-08-12,4060000,경기도 파주시
교하지구대 정류장(하행),경기도,파주시,,경기도 파주시 교하동 372-1,37.75200818,126.750513,,일반쓰레기,경기도 파주시청,031-940-4734,2025-08-12,4060000,경기도 파주시
교하지구대 정류장(상행),경기도,파주시,,경기도 파주시 교하동 372-1,37.75200818,126.750513,,일반쓰레기,경기도 파주시청,031-940-4734,2025-08-12,4060000,경기도 파주시
이마트 정류장(하행),경기도,파주시,,경기도 파주시 당하동 151-1,37.746312,126.7518564,,일반쓰레기,경기도 파주시청,031-940-4734,2025-08-12,4060000,경기도 파주시
이마트 정류장(상행),경기도,파주시,경기도 파주시 천정구로 128,경기도 파주시 당하동 306,37.74691669,126.7520788,,일반쓰레기,경기도 파주시청,031-940-4734,2025-08-12,4060000,경기도 파주시
평화로(검산삼거리정류장),경기도,파주시,,경기도 파주시 검산동 297-2,37.77478772,126.7400962,,일반쓰레기,경기도 파주시청,031-940-4734,2025-08-12,4060000,경기도 파주시
평화로(배무기버스정류장),경기도,파주시,,경기도 파주시 맥금동 1140-1,37.76975169,126.7366968,,일반쓰레기+재활용쓰,경기도 파주시청,031-940-4734,2025-08-12,4060000,경기도 파주시
평화로(맥금동종접)하행,경기도,파주시,,경기도 파주시 맥금동 1078-4,37.77237264,126.7348273,,일반쓰레기,경기도 파주시청,031-940-4734,2025-08-12,4060000,경기도 파주시
평화로(맥금동종점)상행,경기도,파주시,경기도 파주시 장터고개길 10,경기도 파주시 맥금동 110-9,37.77298229,126.7337334,,일반쓰레기,경기도 파주시청,031-940-4734,2025-08-12,4060000,경기도 파주시
평화로(유승아파트)하행,경기도,파주시,,경기도 파주시 검산동 824,37.77216198,126.7446852,,일반쓰레기,경기도 파주시청,031-940-4734,2025-08-12,4060000,경기도 파주시
평화로(유승아파트)상행,경기도,파주시,경기도 파주시 평화로 352,경기도 파주시 검산동 276-13,37.7732299,126.7437819,,일반쓰레기,경기도 파주시청,031-940-4734,2025-08-12,4060000,경기도 파주시
평화로(성원아파트)하행,경기도,파주시,경기도 파주시 평화로 307,경기도 파주시 검산동 868,37.77195119,126.7482251,,일반쓰레기,경기도 파주시청,031-940-4734,2025-08-12,4060000,경기도 파주시
평화로(성원아파트)상행,경기도,파주시,,경기도 파주시 검산동 137-3,37.77226693,126.7470001,,일반쓰레기,경기도 파주시청,031-940-4734,2025-08-12,4060000,경기도 파주시
평화로(대방아파트)하행,경기도,파주시,,경기도 파주시 야동동 692,37.77259232,126.7511982,,일반쓰레기,경기도 파주시청,031-940-4734,2025-08-12,4060000,경기도 파주시
평화로(대방아파트)상행,경기도,파주시,경기도 파주시 평화로 278,경기도 파주시 야동동 589-12,37.77318377,126.7515676,,일반쓰레기,경기도 파주시청,031-940-4734,2025-08-12,4060000,경기도 파주시
평화로(문산제일고)하행,경기도,파주시,,경기도 파주시 야동동 910,37.77041489,126.7609747,,일반쓰레기,경기도 파주시청,031-940-4734,2025-08-12,4060000,경기도 파주시
평화로(문산제일고)상행,경기도,파주시,경기도 파주시 평화로 190,경기도 파주시 야동동 361,37.77260399,126.7628873,,일반쓰레기,경기도 파주시청,031-940-4734,2025-08-12,4060000,경기도 파주시
시청로(금성빌딩 버스정류장),경기도,파주시,,경기도 파주시 금촌동 419-1,37.77098332,126.771488,,일반쓰레기,경기도 파주시청,031-940-4734,2025-08-12,4060000,경기도 파주시
시청로(금빛사랑채 버스정류장),경기도,파주시,경기도 파주시 시청로 244,경기도 파주시 금촌동 423-5,37.7713412,126.7718827,,일반쓰레기,경기도 파주시청,031-940-4734,2025-08-12,4060000,경기도 파주시
시청로(금산공원 버스정류장),경기도,파주시,경기도 파주시 송화로 13,경기도 파주시 아동동 283,37.77166848,126.7750484,,일반쓰레기,경기도 파주시청,031-940-4734,2025-08-12,4060000,경기도 파주시
시청로(동문아파트 버스정류장),경기도,파주시,경기도 파주시 정담길 90,경기도 파주시 금촌동 11-7,37.77097862,126.7742951,,일반쓰레기,경기도 파주시청,031-940-4734,2025-08-12,4060000,경기도 파주시
시청로(이마트에브리데이 버스정류장)하행,경기도,파주시,경기도 파주시 정담길 40,경기도 파주시 아동동 275-13,37.76987067,126.7777367,,일반쓰레기+재활용쓰,경기도 파주시청,031-940-4734,2025-08-12,4060000,경기도 파주시
시청로(이마트에브리데이 버스정류장)상행,경기도,파주시,경기도 파주시 시청로 190,경기도 파주시 아동동 275-6,37.77069465,126.778001,,일반쓰레기+재활용쓰,경기도 파주시청,031-940-4734,2025-08-12,4060000,경기도 파주시
쇠재로(우체국 버스정류장),경기도,파주시,경기도 파주시 새꽃로 1,경기도 파주시 금촌동 1023,37.75023227,126.7681602,,일반쓰레기,경기도 파주시청,031-940-4734,2025-08-12,4060000,경기도 파주시
쇠재로(금향초교 버스정류장),경기도,파주시,경기도 파주시 쇠재로 123,경기도 파주시 금촌동 1007,37.75259449,126.7767807,,일반쓰레기,경기도 파주시청,031-940-4734,2025-08-12,4060000,경기도 파주시
가나무로(노인복지회관 버스정류장),경기도,파주시,경기도 파주시 가나무로 130,경기도 파주시 금릉동 428,37.7538401,126.7798134,,일반쓰레기,경기도 파주시청,031-940-4734,2025-08-12,4060000,경기도 파주시
가나무로(뜨란채5단지 버스정류장),경기도,파주시,경기도 파주시 쇠재로 133,경기도 파주시 금촌동 1003,37.75326607,126.7769711,,일반쓰레기,경기도 파주시청,031-940-4734,2025-08-12,4060000,경기도 파주시
가나무로(후곡4단지 버스정류장),경기도,파주시,경기도 파주시 후곡로 50,경기도 파주시 금촌동 992,37.7532251,126.769121,,일반쓰레기+재활용쓰,경기도 파주시청,031-940-4734,2025-08-12,4060000,경기도 파주시
가나무로(주공3단지 버스정류장),경기도,파주시,경기도 파주시 새꽃로 35,경기도 파주시 금촌동 984,37.75382255,126.7679869,,일반쓰레기,경기도 파주시청,031-940-4734,2025-08-12,4060000,경기도 파주시
가나무로(금화초교 버스정류장),경기도,파주시,경기도 파주시 새꽃로 55,경기도 파주시 금촌동 974,37.75504144,126.767654,,일반쓰레기+재활용쓰,경기도 파주시청,031-940-4734,2025-08-12,4060000,경기도 파주시
후곡로(중앙하이츠 버스정류장),경기도,파주시,경기도 파주시 후곡로 80,경기도 파주시 금촌동 997,37.75043566,126.7729952,,일반쓰레기,경기도 파주시청,031-940-4734,2025-08-12,4060000,경기도 파주시
후곡로(금릉초교_CU편의점 버스정류장),경기도,파주시,경기도 파주시 후곡로 50,경기도 파주시 금촌동 992,37.7532251,126.769121,,일반쓰레기,경기도 파주시청,031-940-4734,2025-08-12,4060000,경기도 파주시
번영로(로타리 택시주차장),경기도,파주시,경기도 파주시 후곡로 2,경기도 파주시 금촌동 958-10,37.75740458,126.7731555,,일반쓰레기+재활용쓰,경기도 파주시청,031-940-4734,2025-08-12,4060000,경기도 파주시
번영로(대하마트),경기도,파주시,경기도 파주시 번영로 15,경기도 파주시 금촌동 959-2,37.75756997,126.771369,,일반쓰레기+재활용쓰,경기도 파주시청,031-940-4734,2025-08-12,4060000,경기도 파주시
번영로(새꽃마을 1단지 버스정류장),경기도,파주시,경기도 파주시 번영로 55,경기도 파주시 금촌동 972,37.75741591,126.7660484,,일반쓰레기+재활용쓰,경기도 파주시청,031-940-4734,2025-08-12,4060000,경기도 파주시
금릉역 버스정류장,경기도,파주시,,경기도 파주시 금촌동 978-13,37.75240553,126.7654264,,일반쓰레기+재활용쓰,경기도 파주시청,031-940-4734,2025-08-12,4060000,경기도 파주시
금릉로데요(중앙광장),경기도,파주시,경기도 파주시 금빛로 24-17,경기도 파주시 금촌동 988-4,37.75198848,126.767633,,일반쓰레기+재활용쓰,경기도 파주시청,031-940-4734,2025-08-12,4060000,경기도 파주시
금릉로데오(역전 우동 앞),경기도,파주시,경기도 파주시 금빛로 24-28,경기도 파주시 금촌동 989-6,37.75165485,126.7682735,,일반쓰레기+재활용쓰,경기도 파주시청,031-940-4734,2025-08-12,4060000,경기도 파주시
금릉로데오(스마일 약국 앞),경기도,파주시,경기도 파주시 금빛로 24-22,경기도 파주시 금촌동 989-5,37.75165206,126.7679103,,일반쓰레기+재활용쓰,경기도 파주시청,031-940-4734,2025-08-12,4060000,경기도 파주시
금릉로데오(공차카페 앞),경기도,파주시,경기도 파주시 금빛로 24-17,경기도 파주시 금촌동 988-4,37.75198848,126.767633,,일반쓰레기+재활용쓰,경기도 파주시청,031-940-4734,2025-08-12,4060000,경기도 파주시
금릉로데오(여우야 상가 앞),경기도,파주시,경기도 파주시 금빛로 24-10,경기도 파주시 금촌동 989-2,37.75165559,126.7672766,,일반쓰레기+재활용쓰,경기도 파주시청,031-940-4734,2025-08-12,4060000,경기도 파주시
금릉로데오(LG유플러스 앞),경기도,파주시,경기도 파주시 금빛로 24,경기도 파주시 금촌동 988-1,37.75198853,126.7668832,,일반쓰레기+재활용쓰,경기도 파주시청,031-940-4734,2025-08-12,4060000,경기도 파주시
중앙로 193(금능로터리앞),경기도,파주시,경기도 파주시 중앙로 193,경기도 파주시 금릉동 211-11,37.75449299,126.7819724,,일반쓰레기,경기도 파주시청,031-940-4734,2025-08-12,4060000,경기도 파주시
중앙로 194(통일로마트 앞),경기도,파주시,경기도 파주시 중앙로 194,경기도 파주시 금릉동 216-21,37.75489984,126.7824175,,일반쓰레기,경기도 파주시청,031-940-4734,2025-08-12,4060000,경기도 파주시
중앙로 164(파주스타디움 앞),경기도,파주시,경기도 파주시 중앙로 160,경기도 파주시 금릉동 186-5,37.75612433,126.786478,,일반쓰레기,경기도 파주시청,031-940-4734,2025-08-12,4060000,경기도 파주시
통일로 546(PX마을),경기도,파주시,,경기도 파주시 아동동 51-10,37.75968332,126.7956703,,일반쓰레기,경기도 파주시청,031-940-4734,2025-08-12,4060000,경기도 파주시
통일로 541(낙머리 삼거리),경기도,파주시,경기도 파주시 통일로 541,경기도 파주시 아동동 45-7,37.75840583,126.7957202,,일반쓰레기,경기도 파주시청,031-940-4734,2025-08-12,4060000,경기도 파주시
후곡로 19(미래여성병원),경기도,파주시,경기도 파주시 후곡로 19,경기도 파주시 금촌동 953-5,37.75574508,126.7739012,,일반쓰레기,경기도 파주시청,031-940-4734,2025-08-12,4060000,경기도 파주시
가나무로 101 (쇠재마을 5단지),경기도,파주시,경기도 파주시 가나무로 101,경기도 파주시 금촌동 123-30,37.75432256,126.7765047,,일반쓰레기,경기도 파주시청,031-940-4734,2025-08-12,4060000,경기도 파주시
시청로 21(KT파주지사),경기도,파주시,경기도 파주시 시청로 21,경기도 파주시 금촌동 765-21,37.75893833,126.7759047,,일반쓰레기,경기도 파주시청,031-940-4734,2025-08-12,4060000,경기도 파주시
시청로 2(버스정류장),경기도,파주시,경기도 파주시 시청로 2,경기도 파주시 금촌동 948-1,37.75784489,126.7742406,,일반쓰레기+재활용쓰,경기도 파주시청,031-940-4734,2025-08-12,4060000,경기도 파주시
후곡로 1(경기빌딩),경기도,파주시,경기도 파주시 후곡로 1,경기도 파주시 금촌동 952-1,37.75740254,126.7740148,,일반쓰레기,경기도 파주시청,031-940-4734,2025-08-12,4060000,경기도 파주시
번영로 56 버스정류장,경기도,파주시,경기도 파주시 번영로 56,경기도 파주시 금촌동 967-3,37.75791486,126.7669098,,일반쓰레기,경기도 파주시청,031-940-4734,2025-08-12,4060000,경기도 파주시
번영로 4 버스정류장,경기도,파주시,경기도 파주시 번영로 4,경기도 파주시 금촌동 945-11,37.75789734,126.7726538,,일반쓰레기,경기도 파주시청,031-940-4734,2025-08-12,4060000,경기도 파주시
평화로 3-1 버스정류장,경기도,파주시,경기도 파주시 평화로 3-1,경기도 파주시 금촌동 945-6,37.75838584,126.7729811,,일반쓰레기,경기도 파주시청,031-940-4734,2025-08-12,4060000,경기도 파주시
평화로 6 버스정류장,경기도,파주시,경기도 파주시 평화로 6,경기도 파주시 금촌동 946-19,37.75856794,126.7732647,,일반쓰레기,경기도 파주시청,031-940-4734,2025-08-12,4060000,경기도 파주시
평화로 2 현대자동차 앞,경기도,파주시,경기도 파주시 평화로 2,경기도 파주시 금촌동 946-17,37.75827499,126.773524,,일반쓰레기+재활용쓰,경기도 파주시청,031-940-4734,2025-08-12,4060000,경기도 파주시
문화로 103 아디다스앞 정류장,경기도,파주시,경기도 파주시 문화로 103,경기도 파주시 금촌동 62-1,37.76331085,126.7744701,,일반쓰레기+재활용쓰,경기도 파주시청,031-940-4734,2025-08-12,4060000,경기도 파주시
새꽃로 193 금촌역 택시승강장,경기도,파주시,경기도 파주시 새꽃로 193,경기도 파주시 금촌동 329-251,37.76608619,126.7750857,,일반쓰레기+재활용쓰,경기도 파주시청,031-940-4734,2025-08-12,4060000,경기도 파주시
새꽃로 193 금촌역 고속버스정류장,경기도,파주시,경기도 파주시 새꽃로 193,경기도 파주시 금촌동 329-251,37.76608619,126.7750857,,일반쓰레기+재활용쓰,경기도 파주시청,031-940-4734,2025-08-12,4060000,경기도 파주시
새꽃로 204(24시편의점),경기도,파주시,경기도 파주시 새꽃로 204,경기도 파주시 금촌동 329-223,37.76546747,126.7751657,,일반쓰레기+재활용쓰,경기도 파주시청,031-940-4734,2025-08-12,4060000,경기도 파주시
새꽃로 205,경기도,파주시,경기도 파주시 새꽃로 205,경기도 파주시 아동동 351-15,37.76586674,126.7752438,,일반쓰레기+재활용쓰,경기도 파주시청,031-940-4734,2025-08-12,4060000,경기도 파주시
새꽃로 200,경기도,파주시,경기도 파주시 새꽃로 204,경기도 파주시 금촌동 329-223,37.76546747,126.7751657,,일반쓰레기+재활용쓰,경기도 파주시청,031-940-4734,2025-08-12,4060000,경기도 파주시
서영로 174(서영대 맞은편 버스정거장),경기도,파주시,,경기도 파주시 월롱면 능산리 236-1,37.82603186,126.7715271,,일반쓰레기+재활용쓰,경기도 파주시청,031-940-4734,2025-08-12,4060000,경기도 파주시
서영로 165(서영대 버스정거장),경기도,파주시,,경기도 파주시 월롱면 능산리 256-10,37.82616767,126.772548,,일반쓰레기+재활용쓰,경기도 파주시청,031-940-4734,2025-08-12,4060000,경기도 파주시
휴암로 484(LG화학 맞은편 버스정거장),경기도,파주시,,경기도 파주시 월롱면 능산리 665,37.83326284,126.7784847,,일반쓰레기,경기도 파주시청,031-940-4734,2025-08-12,4060000,경기도 파주시
휴암로 481(LG화학 버스정거장),경기도,파주시,경기도 파주시 월롱면 휴암로 477,경기도 파주시 월롱면 능산리 658,37.83430163,126.7775546,,일반쓰레기,경기도 파주시청,031-940-4734,2025-08-12,4060000,경기도 파주시
엘지로 392(덕은4리),경기도,파주시,,경기도 파주시 월롱면 덕은리 957-4,37.81520761,126.7618768,,일반쓰레기,경기도 파주시청,031-940-4734,2025-08-12,4060000,경기도 파주시
엘지로 352(덕은4리),경기도,파주시,,경기도 파주시 월롱면 덕은리 833-2,37.81559292,126.7619825,,일반쓰레기,경기도 파주시청,031-940-4734,2025-08-12,4060000,경기도 파주시
엘지로 300(LCD 산업단지),경기도,파주시,,경기도 파주시 월롱면 덕은리 1005,37.81239617,126.7672721,,일반쓰레기,경기도 파주시청,031-940-4734,2025-08-12,4060000,경기도 파주시
엘지로 295(LCD 산업단지),경기도,파주시,,경기도 파주시 월롱면 덕은리 938-49,37.81288656,126.7667669,,일반쓰레기,경기도 파주시청,031-940-4734,2025-08-12,4060000,경기도 파주시
엘지로 225(양지마을 입구),경기도,파주시,,경기도 파주시 월롱면 덕은리 1277,37.81227091,126.7751194,,일반쓰레기,경기도 파주시청,031-940-4734,2025-08-12,4060000,경기도 파주시
엘지로 228(양지마을 입구),경기도,파주시,,경기도 파주시 월롱면 덕은리 523-2,37.81275397,126.7744436,,일반쓰레기,경기도 파주시청,031-940-4734,2025-08-12,4060000,경기도 파주시
엘지로 164(덕은5리 사거리),경기도,파주시,경기도 파주시 월롱면 엘지로 164,경기도 파주시 월롱면 덕은리 1060,37.81076895,126.7811147,,일반쓰레기,경기도 파주시청,031-940-4734,2025-08-12,4060000,경기도 파주시
엘지로 163(덕은5리 사거리),경기도,파주시,,경기도 파주시 월롱면 덕은리 463-1,37.80999514,126.7812599,,일반쓰레기,경기도 파주시청,031-940-4734,2025-08-12,4060000,경기도 파주시
휴암로 4 (월롱삼거리파출소 옆),경기도,파주시,경기도 파주시 월롱면 휴암로 4,경기도 파주시 월롱면 위전리 427-13,37.79594398,126.7912003,,일반쓰레기,경기도 파주시청,031-940-4734,2025-08-12,4060000,경기도 파주시
통일로 979(월롱역 건너편 버스정거장),경기도,파주시,,경기도 파주시 월롱면 위전리 425-1,37.79645096,126.7915788,,일반쓰레기+재활용쓰,경기도 파주시청,031-940-4734,2025-08-12,4060000,경기도 파주시
통일로 982(월롱역앞 택시승강장),경기도,파주시,경기도 파주시 월롱면 통일로 980,경기도 파주시 월롱면 위전리 168-3,37.79614315,126.7922047,,일반쓰레기,경기도 파주시청,031-940-4734,2025-08-12,4060000,경기도 파주시
통일로 982(월롱역 버스정거장),경기도,파주시,경기도 파주시 월롱면 통일로 980,경기도 파주시 월롱면 위전리 168-3,37.79614315,126.7922047,,일반쓰레기+재활용쓰,경기도 파주시청,031-940-4734,2025-08-12,4060000,경기도 파주시
통일로 759(영태5리 맞은편 버스정거장),경기도,파주시,,경기도 파주시 월롱면 영태리 572-6,37.77623936,126.7886051,,일반쓰레기,경기도 파주시청,031-940-4734,2025-08-12,4060000,경기도 파주시
통일로 759(영태5리 버스정거장),경기도,파주시,,경기도 파주시 월롱면 영태리 579-12,37.77774471,126.7887711,,일반쓰레기+재활용쓰,경기도 파주시청,031-940-4734,2025-08-12,4060000,경기도 파주시
통일로 823(영태1리 맞은편 버스정거장),경기도,파주시,경기도 파주시 월롱면 통일로 824,경기도 파주시 월롱면 영태리 612-17,37.78268931,126.7885168,,일반쓰레기+재활용쓰,경기도 파주시청,031-940-4734,2025-08-12,4060000,경기도 파주시
통일로824(영태1리 버스정거정),경기도,파주시,경기도 파주시 월롱면 통일로 824,경기도 파주시 월롱면 영태리 612-17,37.78268931,126.7885168,,일반쓰레기+재활용쓰,경기도 파주시청,031-940-4734,2025-08-12,4060000,경기도 파주시
아동로 165(파주여고 앞),경기도,파주시,,경기도 파주시 월롱면 영태리 513-1,37.77378606,126.7884552,,일반쓰레기,경기도 파주시청,031-940-4734,2025-08-12,4060000,경기도 파주시
약산로(믿음부동산 앞),경기도,파주시,경기도 파주시 탄현면 약산로 76,경기도 파주시 탄현면 법흥리 1581-1,37.77111216,126.7051236,,일반쓰레기+재활용쓰,경기도 파주시청,031-940-4734,2025-08-12,4060000,경기도 파주시
얼음실로 57(미래교육캠버스),경기도,파주시,,경기도 파주시 탄현면 법흥리 1664,37.78574641,126.6997465,,일반쓰레기+재활용쓰,경기도 파주시청,031-940-4734,2025-08-12,4060000,경기도 파주시
법흥로(통일우체국) 정류장,경기도,파주시,경기도 파주시 탄현면 여치길 81,경기도 파주시 탄현면 법흥리 1566,37.77045463,126.7025397,,일반쓰레기+재활용쓰,경기도 파주시청,031-940-4734,2025-08-12,4060000,경기도 파주시
헤이리로(헤이리맞은편 1번게이트),경기도,파주시,,경기도 파주시 탄현면 법흥리 747-9,37.78890418,126.6936048,,일반쓰레기+재활용쓰,경기도 파주시청,031-940-4734,2025-08-12,4060000,경기도 파주시
헤이리로(헤이리1번게이트),경기도,파주시,경기도 파주시 탄현면 헤이리마을길 55-61,경기도 파주시 탄현면 법흥리 1652-164,37.7887567,126.6942883,,일반쓰레기+재활용쓰,경기도 파주시청,031-940-4734,2025-08-12,4060000,경기도 파주시
새오리로 542,경기도,파주시,경기도 파주시 탄현면 새오리로 542,경기도 파주시 탄현면 금산리 208-2,37.8120444,126.7080859,,일반쓰레기,경기도 파주시청,031-940-4734,2025-08-12,4060000,경기도 파주시
혜음로1121-1 (GS25 버스정류장),경기도,파주시,경기도 파주시 광탄면 혜음로 1121-1,경기도 파주시 광탄면 신산리 371-24,37.78150414,126.8473902,,일반쓰레기+재활용쓰,경기도 파주시청,031-940-4734,2025-08-12,4060000,경기도 파주시
어가길 528 (광탄농협건너편 버스정류장),경기도,파주시,경기도 파주시 광탄면 혜음로 1121-1,경기도 파주시 광탄면 신산리 371-24,37.78150414,126.8473902,,일반쓰레기+재활용쓰,경기도 파주시청,031-940-4734,2025-08-12,4060000,경기도 파주시
신산리366-1 (광탄농협입구 버스정류장),경기도,파주시,경기도 파주시 광탄면 등원로 527,경기도 파주시 광탄면 신산리 366-1,37.78335959,126.8449088,,일반쓰레기+재활용쓰,경기도 파주시청,031-940-4734,2025-08-12,4060000,경기도 파주시
파평면행정복지센터(버스 정류장),경기도,파주시,,경기도 파주시 파평면 금파리 296-9,37.92169557,126.8392175,,일반쓰레기+재활용쓰,경기도 파주시청,031-940-4734,2025-08-12,4060000,경기도 파주시
장파1리(버스 정류장),경기도,파주시,경기도 파주시 파평면 장마루로 263,경기도 파주시 파평면 장파리 370-118,37.94525328,126.8374999,,일반쓰레기+재활용쓰,경기도 파주시청,031-940-4734,2025-08-12,4060000,경기도 파주시
장파2리(버스 정류장),경기도,파주시,경기도 파주시 파평면 장마루로 225,경기도 파주시 파평면 장파리 370-21,37.94203677,126.8368652,,일반쓰레기+재활용쓰,경기도 파주시청,031-940-4734,2025-08-12,4060000,경기도 파주시
눌로리우체국(버스 정류장),경기도,파주시,경기도 파주시 파평면 청송로 415,경기도 파주시 파평면 눌노리 231-13,37.93067136,126.8589747,,일반쓰레기,경기도 파주시청,031-940-4734,2025-08-12,4060000,경기도 파주시
부대앞.한강요양병원 앞(버스 정류장),경기도,파주시,경기도 파주시 파평면 청송로652번길 14,경기도 파주시 파평면 덕천리 126-19,37.942166,126.8800281,,일반쓰레기,경기도 파주시청,031-940-4734,2025-08-12,4060000,경기도 파주시
삼광중고등학교(버스 정류장),경기도,파주시,경기도 파주시 적성면 청송로 701,경기도 파주시 적성면 식현리 284,37.94557773,126.8855095,,일반쓰레기+재활용쓰,경기도 파주시청,031-940-4734,2025-08-12,4060000,경기도 파주시
적성파출소(버스 정류장),경기도,파주시,경기도 파주시 적성면 청송로 1003,경기도 파주시 적성면 마지리 48-2,37.95340587,126.9169532,,일반쓰레기+재활용쓰,경기도 파주시청,031-940-4734,2025-08-12,4060000,경기도 파주시
적성전통시장(버스 정류장),경기도,파주시,,경기도 파주시 적성면 마지리 39-49,37.95686246,126.9160336,,일반쓰레기,경기도 파주시청,031-940-4734,2025-08-12,4060000,경기도 파주시
술이홀로 1722 (웅담초교 버스 정류장),경기도,파주시,경기도 파주시 법원읍 술이홀로 1722,경기도 파주시 법원읍 웅담리 388-2,37.91471347,126.8955351,,일반쓰레기,경기도 파주시청,031-940-4734,2025-08-12,4060000,경기도 파주시
술이홀로 1321(금곡2리사무소 버스 정류장),경기도,파주시,,경기도 파주시 법원읍 금곡리 336-4,37.88532474,126.8778106,,일반쓰레기,경기도 파주시청,031-940-4734,2025-08-12,4060000,경기도 파주시
가야1리 (가야교회 버스 정류장),경기도,파주시,,경기도 파주시 법원읍 가야리 86-3,37.84968924,126.8633434,,일반쓰레기,경기도 파주시청,031-940-4734,2025-08-12,4060000,경기도 파주시
사임당로 881 (천현초교 버스 정류장),경기도,파주시,경기도 파주시 법원읍 사임당로 881,경기도 파주시 법원읍 법원리 444-7,37.84844706,126.8787791,,일반쓰레기,경기도 파주시청,031-940-4734,2025-08-12,4060000,경기도 파주시
사임당로 895 (법원설렁탕 버스 정류장),경기도,파주시,경기도 파주시 법원읍 사임당로 895,경기도 파주시 법원읍 법원리 447-28,37.8481883,126.8804482,,일반쓰레기,경기도 파주시청,031-940-4734,2025-08-12,4060000,경기도 파주시
술이홀로 869 (법원사거리 버스 정류장),경기도,파주시,경기도 파주시 법원읍 술이홀로 869,경기도 파주시 법원읍 대능리 94-105,37.84907513,126.8724766,,일반쓰레기,경기도 파주시청,031-940-4734,2025-08-12,4060000,경기도 파주시
사임당로 845(우체국 버스 정류장),경기도,파주시,경기도 파주시 법원읍 사임당로 845,경기도 파주시 법원읍 대능리 87-6,37.84919233,126.8748211,,일반쓰레기,경기도 파주시청,031-940-4734,2025-08-12,4060000,경기도 파주시
사임당로 846(천현농협 버스 정류장),경기도,파주시,경기도 파주시 법원읍 사임당로 846,경기도 파주시 법원읍 대능리 84-1,37.84864911,126.8745313,,일반쓰레기,경기도 파주시청,031-940-4734,2025-08-12,4060000,경기도 파주시
봉일천2리 통일로 330 버스정류장,경기도,파주시,,경기도 파주시 조리읍 봉일천리 229-2,37.74492281,126.8084016,,일반쓰레기,경기도 파주시청,031-940-4734,2025-08-12,4060000,경기도 파주시
조리농협 후문 쪽,경기도,파주시,경기도 파주시 조리읍 봉천로 28,경기도 파주시 조리읍 봉일천리 210-16,37.74364707,126.8087516,,일반쓰레기,경기도 파주시청,031-940-4734,2025-08-12,4060000,경기도 파주시
봉일천중학교 두루봉로 29 버스정류장,경기도,파주시,경기도 파주시 조리읍 두루봉로 27,경기도 파주시 조리읍 봉일천리 237-3,37.74654276,126.8108062,,일반쓰레기,경기도 파주시청,031-940-4734,2025-08-12,4060000,경기도 파주시
봉일천4리 통일로 210 버스정류장,경기도,파주시,,경기도 파주시 조리읍 봉일천리 39-5,37.73815631,126.8207799,,일반쓰레기,경기도 파주시청,031-940-4734,2025-08-12,4060000,경기도 파주시
파주삼릉 통일로 170 버스정류장,경기도,파주시,,경기도 파주시 조리읍 봉일천리 26-54,37.73706699,126.8233395,,일반쓰레기,경기도 파주시청,031-940-4734,2025-08-12,4060000,경기도 파주시
장곡검문소 통일로 6 버스정류장,경기도,파주시,,경기도 파주시 조리읍 장곡리 765-1,37.72896107,126.8390474,,일반쓰레기,경기도 파주시청,031-940-4734,2025-08-12,4060000,경기도 파주시
장곡2리 마을회관 명봉산로 67 버스정류장,경기도,파주시,경기도 파주시 조리읍 명봉산로 68,경기도 파주시 조리읍 장곡리 656-1,37.73398069,126.842373,,일반쓰레기,경기도 파주시청,031-940-4734,2025-08-12,4060000,경기도 파주시
장곡3리 버스정류장,경기도,파주시,,경기도 파주시 조리읍 장곡리 598-236,37.73761328,126.8450458,,일반쓰레기,경기도 파주시청,031-940-4734,2025-08-12,4060000,경기도 파주시
장곡검문소 통일로 5 버스정류장,경기도,파주시,,경기도 파주시 조리읍 장곡리 765-1,37.72896107,126.8390474,,일반쓰레기,경기도 파주시청,031-940-4734,2025-08-12,4060000,경기도 파주시
장곡리 농협하나로클럽 49 버스정류장,경기도,파주시,경기도 파주시 조리읍 통일로 43,경기도 파주시 조리읍 장곡리 463-2,37.73115763,126.8354089,,일반쓰레기,경기도 파주시청,031-940-4734,2025-08-12,4060000,경기도 파주시
토파즈 APT 통일로 145 버스정류장,경기도,파주시,경기도 파주시 조리읍 통일로 155,경기도 파주시 조리읍 봉일천리 13-15,37.73635799,126.8247639,,일반쓰레기,경기도 파주시청,031-940-4734,2025-08-12,4060000,경기도 파주시
파주삼릉 통일로 171 버스정류장,경기도,파주시,,경기도 파주시 조리읍 봉일천리 26-54,37.73706699,126.8233395,,일반쓰레기+재활용쓰,경기도 파주시청,031-940-4734,2025-08-12,4060000,경기도 파주시
조리농협로컬푸드 봉천로 10,경기도,파주시,,경기도 파주시 조리읍 봉일천리 125-2,37.74263952,126.8105131,,일반쓰레기,경기도 파주시청,031-940-4734,2025-08-12,4060000,경기도 파주시
봉일천시내 고봉로 1028 버스정류장,경기도,파주시,경기도 파주시 조리읍 고봉로 1028,경기도 파주시 조리읍 봉일천리 142-23,37.74273625,126.8078444,,일반쓰레기,경기도 파주시청,031-940-4734,2025-08-12,4060000,경기도 파주시
봉일천시내 고봉로 1029 택시정류장,경기도,파주시,경기도 파주시 조리읍 고봉로 1029,경기도 파주시 조리읍 봉일천리 154-4,37.74306766,126.8075355,,일반쓰레기,경기도 파주시청,031-940-4734,2025-08-12,4060000,경기도 파주시
봉일천시내 봉천로 43 축협 버스정류장,경기도,파주시,경기도 파주시 조리읍 봉천로 43,경기도 파주시 조리읍 봉일천리 168-13,37.74357358,126.8069427,,일반쓰레기,경기도 파주시청,031-940-4734,2025-08-12,4060000,경기도 파주시
봉일천시내 봉천로 44 버스정류장,경기도,파주시,경기도 파주시 조리읍 봉천로 38-11,경기도 파주시 조리읍 봉일천리 204-11,37.74392069,126.8069248,,일반쓰레기,경기도 파주시청,031-940-4734,2025-08-12,4060000,경기도 파주시
조리읍 행정복지센터 버스정류장(양쪽),경기도,파주시,,경기도 파주시 조리읍 봉일천리 187-23,37.74486117,126.8045334,,일반쓰레기,경기도 파주시청,031-940-4734,2025-08-12,4060000,경기도 파주시
능안로(한라비발디) 63 버스정류장(양쪽),경기도,파주시,,경기도 파주시 조리읍 대원리 963-5,37.74009021,126.8064822,,일반쓰레기+재활용쓰,경기도 파주시청,031-940-4734,2025-08-12,4060000,경기도 파주시
대원로(대원3리) 84 버스정류장,경기도,파주시,,경기도 파주시 조리읍 대원리 227-4,37.72843972,126.8134568,,일반쓰레기+재활용쓰,경기도 파주시청,031-940-4734,2025-08-12,4060000,경기도 파주시
대원로(동문아파트) 56 버스정류장,경기도,파주시,경기도 파주시 조리읍 대원로 56,경기도 파주시 조리읍 대원리 218,37.72808793,126.8155688,,일반쓰레기,경기도 파주시청,031-940-4734,2025-08-12,4060000,경기도 파주시
대원로(대원초교) 27 버스정류장,경기도,파주시,,경기도 파주시 조리읍 대원리 198-4,37.72718203,126.8175882,,일반쓰레기,경기도 파주시청,031-940-4734,2025-08-12,4060000,경기도 파주시
대원로 45 동문아파트 버스정류장,경기도,파주시,경기도 파주시 조리읍 대원로 45,경기도 파주시 조리읍 대원리 272,37.72708817,126.8171588,,일반쓰레기,경기도 파주시청,031-940-4734,2025-08-12,4060000,경기도 파주시
대원리(고봉로) 925 버스정류장,경기도,파주시,경기도 파주시 조리읍 고봉로 925,경기도 파주시 조리읍 대원리 637-1,37.73485195,126.802978,,일반쓰레기,경기도 파주시청,031-940-4734,2025-08-12,4060000,경기도 파주시
낙머리사거리 8 버스정류장,경기도,파주시,,경기도 파주시 조리읍 등원리 275-1,37.75600139,126.8030243,,일반쓰레기,경기도 파주시청,031-940-4734,2025-08-12,4060000,경기도 파주시
낙머리 버스정류장,경기도,파주시,,경기도 파주시 조리읍 등원리 263-1,37.75679131,126.8036403,,일반쓰레기,경기도 파주시청,031-940-4734,2025-08-12,4060000,경기도 파주시
등원1리 93 버스정류장,경기도,파주시,경기도 파주시 조리읍 등원로 93,경기도 파주시 조리읍 등원리 1-2,37.76160985,126.8095522,,일반쓰레기,경기도 파주시청,031-940-4734,2025-08-12,4060000,경기도 파주시
뇌조삼거리 129 버스정류장,경기도,파주시,경기도 파주시 조리읍 등원로 127,경기도 파주시 조리읍 뇌조리 417-2,37.76399146,126.8120217,,일반쓰레기,경기도 파주시청,031-940-4734,2025-08-12,4060000,경기도 파주시
덕암초등학교 204 버스정류장,경기도,파주시,경기도 파주시 조리읍 등원로 199,경기도 파주시 조리읍 뇌조리 457-1,37.76533187,126.8194822,,일반쓰레기,경기도 파주시청,031-940-4734,2025-08-12,4060000,경기도 파주시
오산2리(황새말1길) 버스정류장,경기도,파주시,,경기도 파주시 조리읍 오산리 377-4,37.76495518,126.8226438,,일반쓰레기,경기도 파주시청,031-940-4734,2025-08-12,4060000,경기도 파주시
오산2리 (연당말) 275 버스정류장,경기도,파주시,,경기도 파주시 조리읍 오산리 309-7,37.7688689,126.8254268,,일반쓰레기,경기도 파주시청,031-940-4734,2025-08-12,4060000,경기도 파주시
오산2리 309 버스정류장,경기도,파주시,경기도 파주시 조리읍 등원로 273,경기도 파주시 조리읍 오산리 309-1,37.76890172,126.8251376,,일반쓰레기,경기도 파주시청,031-940-4734,2025-08-12,4060000,경기도 파주시
오산리 353 버스정류장,경기도,파주시,경기도 파주시 조리읍 사근절길 95,경기도 파주시 조리읍 오산리 353,37.7636475,126.8287113,,일반쓰레기,경기도 파주시청,031-940-4734,2025-08-12,4060000,경기도 파주시
문산로 42_문산 축협 앞,경기도,파주시,경기도 파주시 문산읍 문산로 42,경기도 파주시 문산읍 문산리 10-28,37.85725458,126.783868,,일반쓰레기+재활용쓰,경기도 파주시청,031-940-4734,2025-08-12,4060000,경기도 파주시
당동2로1_당동리버스정류장,경기도,파주시,경기도 파주시 문산읍 당동2로 1,경기도 파주시 문산읍 당동리 888-4,37.86776721,126.7850443,,일반쓰레기+재활용쓰,경기도 파주시청,031-940-4734,2025-08-12,4060000,경기도 파주시
당동리 897_CGV 문산점앞 맞은편 공원,경기도,파주시,,경기도 파주시 문산읍 당동리 897,37.86604827,126.7836137,,일반쓰레기+재활용쓰,경기도 파주시청,031-940-4734,2025-08-12,4060000,경기도 파주시
문향로 26_한진1차 아파트 앞버스정류장,경기도,파주시,경기도 파주시 문산읍 문향로 26,경기도 파주시 문산읍 문산리 17-360,37.8542204,126.786258,,일반쓰레기+재활용쓰,경기도 파주시청,031-940-4734,2025-08-12,4060000,경기도 파주시
문산역로 94_문산역 앞,경기도,파주시,경기도 파주시 문산읍 문산역로 94,경기도 파주시 문산읍 문산리 17-14,37.8545887,126.7875954,,일반쓰레기+재활용쓰,경기도 파주시청,031-940-4734,2025-08-12,4060000,경기도 파주시
문향로 66-1_문산 김밥천국 앞,경기도,파주시,경기도 파주시 문산읍 문향로68번길 5,경기도 파주시 문산읍 문산리 9-5,37.85777951,126.7855624,,일반쓰레기+재활용쓰,경기도 파주시청,031-940-4734,2025-08-12,4060000,경기도 파주시
사임당로113_선유주공아파트 버스정류장,경기도,파주시,경기도 파주시 문산읍 사임당로 113,경기도 파주시 문산읍 선유리 434-3,37.86523362,126.8041368,,일반쓰레기+재활용쓰,경기도 파주시청,031-940-4734,2025-08-12,4060000,경기도 파주시
문향로 75_문산터미널 맞은편,경기도,파주시,경기도 파주시 문산읍 문향로 75,경기도 파주시 문산읍 문산리 3-5,37.85858077,126.7854415,,일반쓰레기+재활용쓰,경기도 파주시청,031-940-4734,2025-08-12,4060000,경기도 파주시
문산로 43-2_새마을금고 앞,경기도,파주시,경기도 파주시 문산읍 문산로 43-2,경기도 파주시 문산읍 문산리 8-16,37.85764869,126.7841803,,일반쓰레기+재활용쓰,경기도 파주시청,031-940-4734,2025-08-12,4060000,경기도 파주시
문향로 42 홈마트 앞,경기도,파주시,경기도 파주시 문산읍 문향로 42,경기도 파주시 문산읍 문산리 13-1,37.85578022,126.7861632,,일반쓰레기+재활용쓰,경기도 파주시청,031-940-4734,2025-08-12,4060000,경기도 파주시
신원면 과정리,경상남도,거창군,,경상남도 거창군 신원면 과정리 309-7,35.57037796,127.9247715,,일반쓰레기,경상남도 거창군청,,2025-08-01,5470000,경상남도 거창군
신원면 과정리,경상남도,거창군,,경상남도 거창군 신원면 과정리 187-13,35.56772966,127.9255701,,일반쓰레기,경상남도 거창군청,,2025-08-01,5470000,경상남도 거창군
신원면 과정리,경상남도,거창군,,경상남도 거창군 신원면 양지리 307-1,35.58499648,127.9589552,,일반쓰레기,경상남도 거창군청,,2025-08-01,5470000,경상남도 거창군
고제면 봉계리,경상남도,거창군,,경상남도 거창군 고제면 봉계리 548-1,35.87993465,127.8764909,,일반쓰레기,경상남도 거창군청,,2025-08-01,5470000,경상남도 거창군
수승대,경상남도,거창군,경상남도 거창군 위천면 은하리길 2,,35.76092327,127.8336769,,일반쓰레기,경상남도 거창군청,,2025-08-01,5470000,경상남도 거창군
클럽디,경상남도,거창군,경상남도 거창군 신원면 감악산로 398,,35.60002215,127.9112594,,일반쓰레기,경상남도 거창군청,,2025-08-01,5470000,경상남도 거창군
녹동마을,경상남도,거창군,경상남도 거창군 가조면 가조가야로 1296,,35.7042267,128.0345597,,재활용쓰레기,경상남도 거창군청,,2025-08-01,5470000,경상남도 거창군
재활용 도움센터,경상남도,거창군,경상남도 거창군 가조면 의상봉길 65,,35.70908568,128.0191933,,재활용쓰레기,경상남도 거창군청,,2025-08-01,5470000,경상남도 거창군
청용마을,경상남도,거창군,경상남도 거창군 신원면 청용1길 16,,35.57016755,127.9016399,,재활용쓰레기,경상남도 거창군청,,2025-08-01,5470000,경상남도 거창군
오례마을,경상남도,거창군,경상남도 거창군 신원면 오례길 127-5,,35.57025282,127.8912278,,재활용쓰레기,경상남도 거창군청,,2025-08-01,5470000,경상남도 거창군
내탐마을,경상남도,거창군,,경상남도 거창군 신원면 대현리 345-3,35.55358357,127.9260712,,재활용쓰레기,경상남도 거창군청,,2025-08-01,5470000,경상남도 거창군
청연마을,경상남도,거창군,,경상남도 거창군 신원면 덕산리 1548,35.60200738,127.9108411,,재활용쓰레기,경상남도 거창군청,,2025-08-01,5470000,경상남도 거창군
구사마을,경상남도,거창군,,경상남도 거창군 신원면 구사리 972-1,35.5765338,127.9496965,,재활용쓰레기,경상남도 거창군청,,2025-08-01,5470000,경상남도 거창군
LH임대주택,경상남도,거창군,경상남도 거창군 신원면 신차로 3016,,35.56320368,127.9263887,,재활용쓰레기,경상남도 거창군청,,2025-08-01,5470000,경상남도 거창군
세안마을,경상남도,거창군,,경상남도 거창군 신원면 과정리 355-1,35.57185355,127.9212112,,재활용쓰레기,경상남도 거창군청,,2025-08-01,5470000,경상남도 거창군
산포마을,경상남도,거창군,,경상남도 거창군 남하면 무릉리 556-1,35.65121684,127.9538186,,재활용쓰레기,경상남도 거창군청,,2025-08-01,5470000,경상남도 거창군
대촌마을,경상남도,거창군,,경상남도 거창군 남하면 둔마리 710-2,35.71480479,127.9656457,,재활용쓰레기,경상남도 거창군청,,2025-08-01,5470000,경상남도 거창군
월곡마을,경상남도,거창군,,경상남도 거창군 남하면 무릉리 307-2,35.65782405,127.9581137,,재활용쓰레기,경상남도 거창군청,,2025-08-01,5470000,경상남도 거창군
안흥마을,경상남도,거창군,,경상남도 거창군 남하면 둔마리 1145-1,35.70531421,127.951549,,재활용쓰레기,경상남도 거창군청,,2025-08-01,5470000,경상남도 거창군
월포마을,경상남도,거창군,,경상남도 거창군 남상면 임불리 602-5,35.62705364,127.9887798,,재활용쓰레기,경상남도 거창군청,,2025-08-01,5470000,경상남도 거창군
무촌마을,경상남도,거창군,,경상남도 거창군 남상면 무촌리 1344-38,35.64092847,127.9068367,,재활용쓰레기,경상남도 거창군청,,2025-08-01,5470000,경상남도 거창군
춘전마을,경상남도,거창군,,경상남도 거창군 남상면 춘전리 53-4,35.58675826,127.8560539,,재활용쓰레기,경상남도 거창군청,,2025-08-01,5470000,경상남도 거창군
매산마을,경상남도,거창군,,경상남도 거창군 남상면 무촌리 1098,35.63182684,127.9064172,,재활용쓰레기,경상남도 거창군청,,2025-08-01,5470000,경상남도 거창군
대산마을,경상남도,거창군,,경상남도 거창군 남상면 대산리 1270-2,35.64508894,127.9201178,,재활용쓰레기,경상남도 거창군청,,2025-08-01,5470000,경상남도 거창군
진목마을,경상남도,거창군,경상남도 거창군 남상면 진목1길 20,,35.59493615,127.8702702,,재활용쓰레기,경상남도 거창군청,,2025-08-01,5470000,경상남도 거창군
한산마을,경상남도,거창군,,경상남도 거창군 남상면 대산리 412-2,35.64183675,127.937744,,재활용쓰레기,경상남도 거창군청,,2025-08-01,5470000,경상남도 거창군
계동마을,경상남도,거창군,,경상남도 거창군 마리면 영승리 273,35.70290025,127.8630043,,재활용쓰레기,경상남도 거창군청,,2025-08-01,5470000,경상남도 거창군
동편마을,경상남도,거창군,,경상남도 거창군 마리면 대동리 318-1,35.66954974,127.856815,,재활용쓰레기,경상남도 거창군청,,2025-08-01,5470000,경상남도 거창군
금곡마을,경상남도,거창군,,경상남도 거창군 위천면 남산리 753-1,35.73598938,127.8285592,,재활용쓰레기,경상남도 거창군청,,2025-08-01,5470000,경상남도 거창군
남산마을,경상남도,거창군,,경상남도 거창군 위천면 남산리 221-1,35.73864253,127.837724,,재활용쓰레기,경상남도 거창군청,,2025-08-01,5470000,경상남도 거창군
당산마을,경상남도,거창군,,경상남도 거창군 위천면 당산리 337-7,35.74985118,127.8564089,,재활용쓰레기,경상남도 거창군청,,2025-08-01,5470000,경상남도 거창군
무월마을,경상남도,거창군,,경상남도 거창군 위천면 모동리 256-2,35.78380321,127.8639845,,재활용쓰레기,경상남도 거창군청,,2025-08-01,5470000,경상남도 거창군
강동마을,경상남도,거창군,,경상남도 거창군 위천면 강천리 160-1,35.7547564,127.8280998,,재활용쓰레기,경상남도 거창군청,,2025-08-01,5470000,경상남도 거창군
내계마을,경상남도,거창군,,경상남도 거창군 북상면 월성리 835-3,35.75819681,127.7397428,,재활용쓰레기,경상남도 거창군청,,2025-08-01,5470000,경상남도 거창군
월성마을,경상남도,거창군,,경상남도 거창군 북상면 월성리 1084-6,35.76493855,127.7428904,,재활용쓰레기,경상남도 거창군청,,2025-08-01,5470000,경상남도 거창군
달빛고운 병곡캠핑장,경상남도,거창군,,경상남도 거창군 북상면 병곡리 768-3,35.810219,127.7748968,,재활용쓰레기,경상남도 거창군청,,2025-08-01,5470000,경상남도 거창군
황점주차장,경상남도,거창군,,경상남도 거창군 북상면 월성리 1783,35.77020671,127.7173898,,재활용쓰레기,경상남도 거창군청,,2025-08-01,5470000,경상남도 거창군
원봉계마을,경상남도,거창군,,경상남도 거창군 고제면 봉계리 355-5,35.87254176,127.8748814,,재활용쓰레기,경상남도 거창군청,,2025-08-01,5470000,경상남도 거창군
용초마을,경상남도,거창군,,경상남도 거창군 고제면 봉산리 1427-14,35.86360664,127.8732422,,재활용쓰레기,경상남도 거창군청,,2025-08-01,5470000,경상남도 거창군
원기마을,경상남도,거창군,,경상남도 거창군 고제면 봉계리 678-1,35.89113997,127.8715298,,재활용쓰레기,경상남도 거창군청,,2025-08-01,5470000,경상남도 거창군
학림마을,경상남도,거창군,경상남도 거창군 고제면 방학길 13-3,,35.83839429,127.8766847,,재활용쓰레기,경상남도 거창군청,,2025-08-01,5470000,경상남도 거창군
온곡마을,경상남도,거창군,,경상남도 거창군 고제면 농산리 1438-1,35.81077982,127.8507687,,재활용쓰레기,경상남도 거창군청,,2025-08-01,5470000,경상남도 거창군
수유마을,경상남도,거창군,,경상남도 거창군 고제면 개명리 1056,35.83144897,127.8489465,,재활용쓰레기,경상남도 거창군청,,2025-08-01,5470000,경상남도 거창군
산양마을,경상남도,거창군,,경상남도 거창군 고제면 궁항리 1305-2,35.8260665,127.8734814,,재활용쓰레기,경상남도 거창군청,,2025-08-01,5470000,경상남도 거창군
둔기마을,경상남도,거창군,,경상남도 거창군 고제면 봉산리 823-2,35.85212676,127.8774521,,재활용쓰레기,경상남도 거창군청,,2025-08-01,5470000,경상남도 거창군
화동마을,경상남도,거창군,,경상남도 거창군 웅양면 노현리 1331,35.80449367,127.9102938,,재활용쓰레기,경상남도 거창군청,,2025-08-01,5470000,경상남도 거창군
왕암마을,경상남도,거창군,,경상남도 거창군 웅양면 신촌리 524-1,35.8763281,127.9108236,,재활용쓰레기,경상남도 거창군청,,2025-08-01,5470000,경상남도 거창군
우랑마을,경상남도,거창군,,경상남도 거창군 웅양면 산포리 282,35.81275931,127.9544963,,재활용쓰레기,경상남도 거창군청,,2025-08-01,5470000,경상남도 거창군
한기마을,경상남도,거창군,,경상남도 거창군 웅양면 한기리 823-5,35.88389643,127.9202222,,재활용쓰레기,경상남도 거창군청,,2025-08-01,5470000,경상남도 거창군
신촌마을,경상남도,거창군,,경상남도 거창군 웅양면 신촌리 1073-2,35.87128817,127.9064344,,재활용쓰레기,경상남도 거창군청,,2025-08-01,5470000,경상남도 거창군
아주마을,경상남도,거창군,,경상남도 거창군 웅양면 신촌리 288-11,35.86709288,127.9147638,,재활용쓰레기,경상남도 거창군청,,2025-08-01,5470000,경상남도 거창군
노현마을,경상남도,거창군,,경상남도 거창군 웅양면 노현리 1096-1,35.81000858,127.910288,,재활용쓰레기,경상남도 거창군청,,2025-08-01,5470000,경상남도 거창군
성북마을,경상남도,거창군,,경상남도 거창군 웅양면 동호리 308-2,35.79181412,127.9286302,,재활용쓰레기,경상남도 거창군청,,2025-08-01,5470000,경상남도 거창군
죽림마을,경상남도,거창군,,경상남도 거창군 웅양면 죽림리 921-1,35.80169382,127.9051093,,재활용쓰레기,경상남도 거창군청,,2025-08-01,5470000,경상남도 거창군
운평마을,경상남도,거창군,,경상남도 거창군 웅양면 죽림리 195-5,35.79525856,127.9127246,,재활용쓰레기,경상남도 거창군청,,2025-08-01,5470000,경상남도 거창군
백학마을,경상남도,거창군,,경상남도 거창군 웅양면 한기리 68-8,35.87344448,127.9283874,,재활용쓰레기,경상남도 거창군청,,2025-08-01,5470000,경상남도 거창군
신오산마을,경상남도,거창군,,경상남도 거창군 웅양면 한기리 424-7,35.87433837,127.9261376,,재활용쓰레기,경상남도 거창군청,,2025-08-01,5470000,경상남도 거창군
오산마을,경상남도,거창군,,경상남도 거창군 웅양면 한기리 453-17,35.87240862,127.9219525,,재활용쓰레기,경상남도 거창군청,,2025-08-01,5470000,경상남도 거창군
하곡마을,경상남도,거창군,,경상남도 거창군 웅양면 한기리 354-7,35.86904697,127.9258216,,재활용쓰레기,경상남도 거창군청,,2025-08-01,5470000,경상남도 거창군
동호마을,경상남도,거창군,,경상남도 거창군 웅양면 동호리 868,35.79923213,127.9242421,,재활용쓰레기,경상남도 거창군청,,2025-08-01,5470000,경상남도 거창군
누룩재마을,경상남도,거창군,,경상남도 거창군 웅양면 죽림리 686-7,35.7971002,127.9071784,,재활용쓰레기,경상남도 거창군청,,2025-08-01,5470000,경상남도 거창군
진마루마을,경상남도,거창군,,경상남도 거창군 웅양면 신촌리 620-5,35.88168142,127.9131966,,재활용쓰레기,경상남도 거창군청,,2025-08-01,5470000,경상남도 거창군
강천마을,경상남도,거창군,,경상남도 거창군 웅양면 산포리 1387-19,35.82108481,127.9284932,,재활용쓰레기,경상남도 거창군청,,2025-08-01,5470000,경상남도 거창군
원촌마을,경상남도,거창군,,경상남도 거창군 웅양면 노현리 147-2,35.80666381,127.9178214,,재활용쓰레기,경상남도 거창군청,,2025-08-01,5470000,경상남도 거창군
상도평마을,경상남도,거창군,,경상남도 거창군 주상면 도평리 376-9,35.75554332,127.9157703,,재활용쓰레기,경상남도 거창군청,,2025-08-01,5470000,경상남도 거창군
김천마을,경상남도,거창군,,경상남도 거창군 거창읍 김천리 210-31,35.6757584,127.909394,,재활용쓰레기,경상남도 거창군청,,2025-08-01,5470000,경상남도 거창군
절부마을입구,경상남도,거창군,,경상남도 거창군 거창읍 송정리 839-1,35.68152227,127.8959979,,재활용쓰레기,경상남도 거창군청,,2025-08-01,5470000,경상남도 거창군
죽전마을 / 개나리아파트 뒤,경상남도,거창군,,경상남도 거창군 거창읍 중앙리 353-3,35.69011991,127.9100497,,재활용쓰레기,경상남도 거창군청,,2025-08-01,5470000,경상남도 거창군
거고담장 / 크린하우스 세탁소 옆,경상남도,거창군,,경상남도 거창군 거창읍 중앙리 2-6,35.69310911,127.9119846,,재활용쓰레기,경상남도 거창군청,,2025-08-01,5470000,경상남도 거창군
갈지마을다목적센터 뒤,경상남도,거창군,,경상남도 거창군 거창읍 가지리 995-1,35.70345119,127.897809,,재활용쓰레기,경상남도 거창군청,,2025-08-01,5470000,경상남도 거창군
김용마을 / 생태공원 입구,경상남도,거창군,,경상남도 거창군 거창읍 양평리 1239-110,35.68692195,127.9375303,,재활용쓰레기,경상남도 거창군청,,2025-08-01,5470000,경상남도 거창군
당동마을회관 아래,경상남도,거창군,,경상남도 거창군 거창읍 양평리 829,35.71402531,127.938854,,재활용쓰레기,경상남도 거창군청,,2025-08-01,5470000,경상남도 거창군
모곡마을,경상남도,거창군,,경상남도 거창군 거창읍 동변리 62-1,35.7162098,127.9178782,,재활용쓰레기,경상남도 거창군청,,2025-08-01,5470000,경상남도 거창군
강촌추어탕 뒤,경상남도,거창군,,경상남도 거창군 거창읍 김천리 20-6,35.68358187,127.9145165,,재활용쓰레기,경상남도 거창군청,,2025-08-01,5470000,경상남도 거창군
동그라미센터,경상남도,거창군,,경상남도 거창군 거창읍 김천리 59-7,35.68252094,127.9137194,,재활용쓰레기,경상남도 거창군청,,2025-08-01,5470000,경상남도 거창군
세륭아파트 앞,경상남도,거창군,,경상남도 거창군 거창읍 대평리 1054-11,35.68424168,127.9195439,,재활용쓰레기,경상남도 거창군청,,2025-08-01,5470000,경상남도 거창군
원상동쌀집 근처,경상남도,거창군,,경상남도 거창군 거창읍 상림리 243-19,35.68449465,127.9022872,,재활용쓰레기,경상남도 거창군청,,2025-08-01,5470000,경상남도 거창군
주상임실회관앞,경상남도,거창군,경상남도 거창군 주상면 하임실길 112,,35.75051893,127.8951033,,재활용쓰레기,경상남도 거창군청,,2025-08-01,5470000,경상남도 거창군
주상 원성기마을회관,경상남도,거창군,경상남도 거창군 주상면 원성기1길 88,,35.77600321,127.9245279,,재활용쓰레기,경상남도 거창군청,,2025-08-01,5470000,경상남도 거창군
주상오류동회관앞,경상남도,거창군,경상남도 거창군 주상면 오류동길 44,,35.78585923,127.8890597,,재활용쓰레기,경상남도 거창군청,,2025-08-01,5470000,경상남도 거창군
주상연교회관앞,경상남도,거창군,경상남도 거창군 주상면 연교1길 40,,35.76142063,127.8992363,,재활용쓰레기,경상남도 거창군청,,2025-08-01,5470000,경상남도 거창군
주상도평회관앞,경상남도,거창군,경상남도 거창군 주상면 상도평길 35-6,,35.75470379,127.9137809,,재활용쓰레기,경상남도 거창군청,,2025-08-01,5470000,경상남도 거창군
주상 도평리 1126,경상남도,거창군,,경상남도 거창군 주상면 도평리 1126,35.74506998,127.9290736,,재활용쓰레기,경상남도 거창군청,,2025-08-01,5470000,경상남도 거창군
주상 북부노인센타,경상남도,거창군,경상남도 거창군 주상면 도평3길 15,,35.74982815,127.9129963,,재활용쓰레기,경상남도 거창군청,,2025-08-01,5470000,경상남도 거창군
주상초등학교,경상남도,거창군,경상남도 거창군 주상면 도평1길 60,,35.74952313,127.9142324,,재활용쓰레기,경상남도 거창군청,,2025-08-01,5470000,경상남도 거창군
주상도동회관앞,경상남도,거창군,경상남도 거창군 주상면 도동길 15,,35.79696853,127.876873,,재활용쓰레기,경상남도 거창군청,,2025-08-01,5470000,경상남도 거창군
북부농협 주상지점,경상남도,거창군,경상남도 거창군 주상면 당대고개길 6,,35.75068571,127.9145895,,재활용쓰레기,경상남도 거창군청,,2025-08-01,5470000,경상남도 거창군
주상거기회관앞,경상남도,거창군,경상남도 거창군 주상면 거기1길 23,,35.75659428,127.9410311,,재활용쓰레기,경상남도 거창군청,,2025-08-01,5470000,경상남도 거창군
위천수승대,경상남도,거창군,경상남도 거창군 위천면 은하리길 2,,35.76092327,127.8336769,,재활용쓰레기,경상남도 거창군청,,2025-08-01,5470000,경상남도 거창군
위천119안전센터,경상남도,거창군,경상남도 거창군 위천면 원학길 321,,35.74924121,127.8326881,,재활용쓰레기,경상남도 거창군청,,2025-08-01,5470000,경상남도 거창군
위천 원당마을,경상남도,거창군,경상남도 거창군 위천면 원당1길 39,,35.77489552,127.8678822,,재활용쓰레기,경상남도 거창군청,,2025-08-01,5470000,경상남도 거창군
"금원산자연휴양림(복합산막,일반산막,숲속수련장)",경상남도,거창군,경상남도 거창군 위천면 금원산길 471-27,,35.72617571,127.795727,,재활용쓰레기,경상남도 거창군청,,2025-08-01,5470000,경상남도 거창군
웅양공설공원묘지,경상남도,거창군,,경상남도 거창군 웅양면 죽림리 산108,35.79030695,127.9056157,,재활용쓰레기,경상남도 거창군청,,2025-08-01,5470000,경상남도 거창군
웅양면 복지회관 공부방,경상남도,거창군,경상남도 거창군 웅양면 성북1길 259-6,,35.79177533,127.9283434,,재활용쓰레기,경상남도 거창군청,,2025-08-01,5470000,경상남도 거창군
웅양누룩재경로당,경상남도,거창군,경상남도 거창군 웅양면 누룩재길 164,,35.7971002,127.9071784,,재활용쓰레기,경상남도 거창군청,,2025-08-01,5470000,경상남도 거창군
신원양지마을회관,경상남도,거창군,경상남도 거창군 신원면 양지1길 8-1,,35.5849552,127.9584444,,재활용쓰레기,경상남도 거창군청,,2025-08-01,5470000,경상남도 거창군
거창사건 추모공원,경상남도,거창군,경상남도 거창군 신원면 신차로 2924,,35.55574562,127.9248903,,재활용쓰레기,경상남도 거창군청,,2025-08-01,5470000,경상남도 거창군
"신원 신촌,예동 마을회관",경상남도,거창군,경상남도 거창군 신원면 신머리길 3,,35.53510242,127.8841341,,재활용쓰레기,경상남도 거창군청,,2025-08-01,5470000,경상남도 거창군
흰돌기도원(신원),경상남도,거창군,경상남도 거창군 신원면 상감악길 447-44,,35.58800734,127.930925,,재활용쓰레기,경상남도 거창군청,,2025-08-01,5470000,경상남도 거창군
병곡 산림체험교육장,경상남도,거창군,,경상남도 거창군 북상면 병곡리 768-4,35.80911337,127.7756271,,재활용쓰레기,경상남도 거창군청,,2025-08-01,5470000,경상남도 거창군
휴일엔캠핑장,경상남도,거창군,경상남도 거창군 북상면 병곡길 185,,35.79172837,127.7891925,,재활용쓰레기,경상남도 거창군청,,2025-08-01,5470000,경상남도 거창군
거창월성우주창의과학관,경상남도,거창군,경상남도 거창군 북상면 덕유월성로1312-96,,35.76120302,127.724,,재활용쓰레기,경상남도 거창군청,,2025-08-01,5470000,경상남도 거창군
월성청소년수련원,경상남도,거창군,경상남도 거창군 북상면 덕유월성로 1312-96,,35.76120302,127.724,,재활용쓰레기,경상남도 거창군청,,2025-08-01,5470000,경상남도 거창군
마리교회,경상남도,거창군,경상남도 거창군 마리면 진산길 51-13,,35.6983895,127.856838,,재활용쓰레기,경상남도 거창군청,,2025-08-01,5470000,경상남도 거창군
장풍숲입구,경상남도,거창군,,경상남도 거창군 마리면 율리 940-7,35.73199174,127.8536034,,재활용쓰레기,경상남도 거창군청,,2025-08-01,5470000,경상남도 거창군
마리초등학교,경상남도,거창군,경상남도 거창군 마리면 빼재로 23,,35.70257339,127.8535867,,재활용쓰레기,경상남도 거창군청,,2025-08-01,5470000,경상남도 거창군
마리 도동마을,경상남도,거창군,경상남도 거창군 마리면 매바우길 26,,35.74449654,127.8580807,,재활용쓰레기,경상남도 거창군청,,2025-08-01,5470000,경상남도 거창군
마리 진산마을,경상남도,거창군,경상남도 거창군 마리면 거안로 851,,35.69943006,127.8564486,,재활용쓰레기,경상남도 거창군청,,2025-08-01,5470000,경상남도 거창군
태평양휴게소앞,경상남도,거창군,경상남도 거창군 마리면 거안로 1035,,35.68826694,127.8703455,,재활용쓰레기,경상남도 거창군청,,2025-08-01,5470000,경상남도 거창군
남하지산복지회관,경상남도,거창군,경상남도 거창군 남하면 지산로 731,,35.66501522,127.9982123,,재활용쓰레기,경상남도 거창군청,,2025-08-01,5470000,경상남도 거창군
남하 상촌마을경로당,경상남도,거창군,경상남도 거창군 남하면 양항길 354,,35.68566767,127.9453686,,재활용쓰레기,경상남도 거창군청,,2025-08-01,5470000,경상남도 거창군
거창우리교회,경상남도,거창군,경상남도 거창군 남하면 양항길 310-11,,35.68359544,127.944922,,재활용쓰레기,경상남도 거창군청,,2025-08-01,5470000,경상남도 거창군
심소정,경상남도,거창군,,경상남도 거창군 남하면 양항리 958,35.68436863,127.9398827,,재활용쓰레기,경상남도 거창군청,,2025-08-01,5470000,경상남도 거창군
심검당,경상남도,거창군,경상남도 거창군 남하면 대야길 69-26,,35.63801549,127.9642103,,재활용쓰레기,경상남도 거창군청,,2025-08-01,5470000,경상남도 거창군
㈜올빛(남상산업단지),경상남도,거창군,경상남도 거창군 남상면 홍덕길 41,,35.65442187,127.9334152,,재활용쓰레기,경상남도 거창군청,,2025-08-01,5470000,경상남도 거창군
한산마을 경로당(남상),경상남도,거창군,경상남도 거창군 남상면 한산1길 122,,35.64183675,127.937744,,재활용쓰레기,경상남도 거창군청,,2025-08-01,5470000,경상남도 거창군
남상 임불마을회관,경상남도,거창군,경상남도 거창군 남상면 임불1길 57,,35.61457278,127.9691721,,재활용쓰레기,경상남도 거창군청,,2025-08-01,5470000,경상남도 거창군
장애인근로사업장,경상남도,거창군,경상남도 거창군 남상면 일반산업길 160,,35.65622785,127.9270145,,재활용쓰레기,경상남도 거창군청,,2025-08-01,5470000,경상남도 거창군
남상면사무소,경상남도,거창군,경상남도 거창군 남상면 인평길 36,,35.64298394,127.9105058,,재활용쓰레기,경상남도 거창군청,,2025-08-01,5470000,경상남도 거창군
남상초등학교,경상남도,거창군,경상남도 거창군 남상면 인평길 21,,35.64501258,127.9105881,,재활용쓰레기,경상남도 거창군청,,2025-08-01,5470000,경상남도 거창군
거창효노인복지센터,경상남도,거창군,경상남도 거창군 남상면 웃골길 71,,35.65646376,127.9146321,,재활용쓰레기,경상남도 거창군청,,2025-08-01,5470000,경상남도 거창군
남상동령마을,경상남도,거창군,경상남도 거창군 남상면 동령길 26-10,,35.60688644,127.8770277,,재활용쓰레기,경상남도 거창군청,,2025-08-01,5470000,경상남도 거창군
가우정푸드,경상남도,거창군,,경상남도 거창군 남상면 대산리 1599-1,35.65507959,127.9352875,,재활용쓰레기,경상남도 거창군청,,2025-08-01,5470000,경상남도 거창군
하개명마을회관,경상남도,거창군,경상남도 거창군 고제면 하개명길 37,,35.82801774,127.857058,,재활용쓰레기,경상남도 거창군청,,2025-08-01,5470000,경상남도 거창군
고제 소사마을회관,경상남도,거창군,경상남도 거창군 고제면 소사길 52-5,,35.90008506,127.8632116,,재활용쓰레기,경상남도 거창군청,,2025-08-01,5470000,경상남도 거창군
고제초등학교,경상남도,거창군,경상남도 거창군 고제면 고제로 333,,35.83826388,127.876882,,재활용쓰레기,경상남도 거창군청,,2025-08-01,5470000,경상남도 거창군
아림미용실,경상남도,거창군,경상남도 거창군 거창읍 창남5길 3-8,,35.68246429,127.9125741,,재활용쓰레기,경상남도 거창군청,,2025-08-01,5470000,경상남도 거창군
거창성당 인근cctv설치대상지,경상남도,거창군,경상남도 거창군 거창읍 창남1길 58,,35.68316068,127.9152693,,재활용쓰레기,경상남도 거창군청,,2025-08-01,5470000,경상남도 거창군
레미안빌 A동,경상남도,거창군,경상남도 거창군 거창읍 창남1길 44,,35.68226474,127.9146302,,재활용쓰레기,경상남도 거창군청,,2025-08-01,5470000,경상남도 거창군
레미안빌 B동,경상남도,거창군,경상남도 거창군 거창읍 창남1길 44,,35.68226474,127.9146302,,재활용쓰레기,경상남도 거창군청,,2025-08-01,5470000,경상남도 거창군
레미안 빌라,경상남도,거창군,경상남도 거창군 거창읍 창남1길 44,,35.68226474,127.9146302,,재활용쓰레기,경상남도 거창군청,,2025-08-01,5470000,경상남도 거창군
주공2차편의점,경상남도,거창군,경상남도 거창군 거창읍 창남1길 44,,35.68226474,127.9146302,,재활용쓰레기,경상남도 거창군청,,2025-08-01,5470000,경상남도 거창군
판타블아파트,경상남도,거창군,경상남도 거창군 거창읍 창남1길 21,,35.68164038,127.9134168,,재활용쓰레기,경상남도 거창군청,,2025-08-01,5470000,경상남도 거창군
해바라기어린이집마당,경상남도,거창군,,경상남도 거창군 거창읍 중앙리 427-4,35.69121372,127.9098227,,재활용쓰레기,경상남도 거창군청,,2025-08-01,5470000,경상남도 거창군
거창성결교회,경상남도,거창군,경상남도 거창군 거창읍 중앙로1길 94,,35.69006104,127.9168934,,재활용쓰레기,경상남도 거창군청,,2025-08-01,5470000,경상남도 거창군
매립장 선별체험시설,경상남도,거창군,경상남도 거창군 거창읍 중앙로1길 67,,35.68951115,127.915727,,재활용쓰레기,경상남도 거창군청,,2025-08-01,5470000,경상남도 거창군
만리성앞,경상남도,거창군,경상남도 거창군 거창읍 중앙로1길 67,,35.68951115,127.915727,,재활용쓰레기,경상남도 거창군청,,2025-08-01,5470000,경상남도 거창군
80번택시앞,경상남도,거창군,경상남도 거창군 거창읍 중앙로1길 124,,35.69095781,127.9182729,,재활용쓰레기,경상남도 거창군청,,2025-08-01,5470000,경상남도 거창군
거창우체국,경상남도,거창군,경상남도 거창군 거창읍 중앙로 89,,35.68569829,127.9085389,,재활용쓰레기,경상남도 거창군청,,2025-08-01,5470000,경상남도 거창군
큰길대현기계전기앞,경상남도,거창군,경상남도 거창군 거창읍 중앙로 198,,35.68861862,127.9198318,,재활용쓰레기,경상남도 거창군청,,2025-08-01,5470000,경상남도 거창군
신한장옆,경상남도,거창군,경상남도 거창군 거창읍 중앙로 182,,35.6881817,127.9182268,,재활용쓰레기,경상남도 거창군청,,2025-08-01,5470000,경상남도 거창군
기쁜소식거창교회,경상남도,거창군,경상남도 거창군 거창읍 중산길 62,,35.67152291,127.9088316,,재활용쓰레기,경상남도 거창군청,,2025-08-01,5470000,경상남도 거창군
장관.목화빌라앞,경상남도,거창군,경상남도 거창군 거창읍 죽전길 24-5,,35.69011922,127.908328,,재활용쓰레기,경상남도 거창군청,,2025-08-01,5470000,경상남도 거창군
무지개아파트바동,경상남도,거창군,경상남도 거창군 거창읍 죽전7길 13,,35.69310247,127.9134433,,재활용쓰레기,경상남도 거창군청,,2025-08-01,5470000,경상남도 거창군
해피원룸B동(거고 뒤),경상남도,거창군,경상남도 거창군 거창읍 죽전4길 79-3,,35.69346601,127.9102459,,재활용쓰레기,경상남도 거창군청,,2025-08-01,5470000,경상남도 거창군
해피원룸A동(거고 뒤),경상남도,거창군,경상남도 거창군 거창읍 죽전4길 79-3,,35.69346601,127.9102459,,재활용쓰레기,경상남도 거창군청,,2025-08-01,5470000,경상남도 거창군
거창여중,경상남도,거창군,경상남도 거창군 거창읍 죽전4길 39,,35.69196393,127.9102311,,재활용쓰레기,경상남도 거창군청,,2025-08-01,5470000,경상남도 거창군
샛별초등정문앞,경상남도,거창군,경상남도 거창군 거창읍 죽전4길 28,,35.69175768,127.9121537,,재활용쓰레기,경상남도 거창군청,,2025-08-01,5470000,경상남도 거창군
대성네오빌2차,경상남도,거창군,경상남도 거창군 거창읍 죽전2길 60,,35.69174336,127.909401,,재활용쓰레기,경상남도 거창군청,,2025-08-01,5470000,경상남도 거창군
유승베스트빌,경상남도,거창군,경상남도 거창군 거창읍 죽전2길 57,,35.69134655,127.9094595,,재활용쓰레기,경상남도 거창군청,,2025-08-01,5470000,경상남도 거창군
"죽전2길 43,33-4",경상남도,거창군,"경상남도 거창군 거창읍 죽전2길 43,33-4",,35.69142095,127.9099067,,재활용쓰레기,경상남도 거창군청,,2025-08-01,5470000,경상남도 거창군
"죽전2길 34-3,죽전길 24-5 (장관빌라뒤)",경상남도,거창군,"경상남도 거창군 거창읍 죽전2길 34-3,죽전길 24-5",,35.69115915,127.9102384,,재활용쓰레기,경상남도 거창군청,,2025-08-01,5470000,경상남도 거창군
미가원룸,경상남도,거창군,경상남도 거창군 거창읍 죽전2길 33-4,,35.69117361,127.9100188,,재활용쓰레기,경상남도 거창군청,,2025-08-01,5470000,경상남도 거창군
중앙캐슬 앞,경상남도,거창군,경상남도 거창군 거창읍 죽전2길 16,,35.69037659,127.9104314,,재활용쓰레기,경상남도 거창군청,,2025-08-01,5470000,경상남도 거창군
거창교육청 관사,경상남도,거창군,경상남도 거창군 거창읍 죽전1길 8,,35.68971563,127.909165,,재활용쓰레기,경상남도 거창군청,,2025-08-01,5470000,경상남도 거창군
거창여자고등학교,경상남도,거창군,경상남도 거창군 거창읍 죽전1길 72,,35.69274942,127.9088778,,재활용쓰레기,경상남도 거창군청,,2025-08-01,5470000,경상남도 거창군
경상남도 사과이용연구소,경상남도,거창군,경상남도 거창군 거창읍 죽동길 138,,35.71868403,127.9020084,,재활용쓰레기,경상남도 거창군청,,2025-08-01,5470000,경상남도 거창군
월천초등학교,경상남도,거창군,경상남도 거창군 거창읍 주곡로 207,,35.71382296,127.9169681,,재활용쓰레기,경상남도 거창군청,,2025-08-01,5470000,경상남도 거창군
창동건재,경상남도,거창군,경상남도 거창군 거창읍 주곡로 19,,35.69670903,127.9192366,,재활용쓰레기,경상남도 거창군청,,2025-08-01,5470000,경상남도 거창군
아림고등학교 내,경상남도,거창군,경상남도 거창군 거창읍 정장길 19,,35.6776769,127.9132959,,재활용쓰레기,경상남도 거창군청,,2025-08-01,5470000,경상남도 거창군
인애노인의집,경상남도,거창군,경상남도 거창군 거창읍 장팔길 93,,35.67639913,127.9084095,,재활용쓰레기,경상남도 거창군청,,2025-08-01,5470000,경상남도 거창군
거창인애노인통합지원센타,경상남도,거창군,경상남도 거창군 거창읍 장팔길 93,,35.67639913,127.9084095,,재활용쓰레기,경상남도 거창군청,,2025-08-01,5470000,경상남도 거창군
제일라이프,경상남도,거창군,경상남도 거창군 거창읍 장팔길 91,,35.67644016,127.908442,,재활용쓰레기,경상남도 거창군청,,2025-08-01,5470000,경상남도 거창군
장성골길 99 주차장,경상남도,거창군,경상남도 거창군 거창읍 장성골길 99,,35.73686092,127.9307974,,재활용쓰레기,경상남도 거창군청,,2025-08-01,5470000,경상남도 거창군
의동마을,경상남도,거창군,경상남도 거창군 거창읍 의동1길 71-4,,35.71644122,127.9295868,,재활용쓰레기,경상남도 거창군청,,2025-08-01,5470000,경상남도 거창군
쌍정식당,경상남도,거창군,경상남도 거창군 거창읍 운정3길 70-20,,35.67768183,127.8952051,,재활용쓰레기,경상남도 거창군청,,2025-08-01,5470000,경상남도 거창군
아림노인요양원,경상남도,거창군,경상남도 거창군 거창읍 운정3길 179,,35.6758361,127.890462,,재활용쓰레기,경상남도 거창군청,,2025-08-01,5470000,경상남도 거창군
외학길 19 주차장,경상남도,거창군,경상남도 거창군 거창읍 외학길 19,,35.74047317,127.927131,,재활용쓰레기,경상남도 거창군청,,2025-08-01,5470000,경상남도 거창군
거창군립골프연습장,경상남도,거창군,,경상남도 거창군 거창읍 양평리 1141,35.69370448,127.9308049,,재활용쓰레기,경상남도 거창군청,,2025-08-01,5470000,경상남도 거창군
지혜미용실앞(정하탕옆),경상남도,거창군,경상남도 거창군 거창읍 아림로3길 91,,35.68997504,127.9141115,,재활용쓰레기,경상남도 거창군청,,2025-08-01,5470000,경상남도 거창군
청마장,경상남도,거창군,경상남도 거창군 거창읍 아림로1길 20,,35.68523733,127.9098241,,재활용쓰레기,경상남도 거창군청,,2025-08-01,5470000,경상남도 거창군
아진캐슬,경상남도,거창군,경상남도 거창군 거창읍 아림로 23,,35.68517155,127.9105735,,재활용쓰레기,경상남도 거창군청,,2025-08-01,5470000,경상남도 거창군
거창하수종말처리장,경상남도,거창군,경상남도 거창군 거창읍 심소정길 185,,35.68709799,127.9048324,,재활용쓰레기,경상남도 거창군청,,2025-08-01,5470000,경상남도 거창군
파크에비뉴원룸,경상남도,거창군,경상남도 거창군 거창읍 수남로 2264-22,,35.68114651,127.9135099,,재활용쓰레기,경상남도 거창군청,,2025-08-01,5470000,경상남도 거창군
상아빌라,경상남도,거창군,경상남도 거창군 거창읍 수남로 2203-8,,35.67579688,127.9108131,,재활용쓰레기,경상남도 거창군청,,2025-08-01,5470000,경상남도 거창군
통계청,경상남도,거창군,경상남도 거창군 거창읍 수남로 2159,,35.67177176,127.9107253,,재활용쓰레기,경상남도 거창군청,,2025-08-01,5470000,경상남도 거창군
마동마을,경상남도,거창군,,경상남도 거창군 거창읍 송정리 609,35.67746209,127.901858,,재활용쓰레기,경상남도 거창군청,,2025-08-01,5470000,경상남도 거창군
라임빌2,경상남도,거창군,,"경상남도 거창군 거창읍 송정리 1134-13,14",35.68131794,127.9085437,,재활용쓰레기,경상남도 거창군청,,2025-08-01,5470000,경상남도 거창군
스타팰리스,경상남도,거창군,,경상남도 거창군 거창읍 송정리 1118-3,35.68048981,127.9028147,,재활용쓰레기,경상남도 거창군청,,2025-08-01,5470000,경상남도 거창군
강남하이츠,경상남도,거창군,,경상남도 거창군 거창읍 송정리 1114-12,35.68076043,127.9032866,,재활용쓰레기,경상남도 거창군청,,2025-08-01,5470000,경상남도 거창군
송정리 1110-8,경상남도,거창군,,경상남도 거창군 거창읍 송정리 1110-8,35.68159846,127.9048888,,재활용쓰레기,경상남도 거창군청,,2025-08-01,5470000,경상남도 거창군
송정리 1109-8,경상남도,거창군,,경상남도 거창군 거창읍 송정리 1109-8,35.68170841,127.9040766,,재활용쓰레기,경상남도 거창군청,,2025-08-01,5470000,경상남도 거창군
송정9길 77,경상남도,거창군,경상남도 거창군 거창읍 송정9길 77,,35.68135243,127.9105028,,재활용쓰레기,경상남도 거창군청,,2025-08-01,5470000,경상남도 거창군
해피엔딩 c동,경상남도,거창군,경상남도 거창군 거창읍 송정9길 66,,35.68105101,127.9098857,,재활용쓰레기,경상남도 거창군청,,2025-08-01,5470000,경상남도 거창군
다옴하이츠,경상남도,거창군,경상남도 거창군 거창읍 송정9길 60,,35.68104827,127.9095849,,재활용쓰레기,경상남도 거창군청,,2025-08-01,5470000,경상남도 거창군
봉구하우스,경상남도,거창군,경상남도 거창군 거창읍 송정9길 53,,35.68132409,127.9092023,,재활용쓰레기,경상남도 거창군청,,2025-08-01,5470000,경상남도 거창군
라온빌,경상남도,거창군,경상남도 거창군 거창읍 송정9길 49,,35.68134262,127.9090343,,재활용쓰레기,경상남도 거창군청,,2025-08-01,5470000,경상남도 거창군
스마트빌,경상남도,거창군,경상남도 거창군 거창읍 송정9길 47,,35.68134089,127.9088693,,재활용쓰레기,경상남도 거창군청,,2025-08-01,5470000,경상남도 거창군
송정연가,경상남도,거창군,경상남도 거창군 거창읍 송정9길 43,,35.68134262,127.908711,,재활용쓰레기,경상남도 거창군청,,2025-08-01,5470000,경상남도 거창군
다온빌리지,경상남도,거창군,경상남도 거창군 거창읍 송정9길 42,,35.68103949,127.9086528,,재활용쓰레기,경상남도 거창군청,,2025-08-01,5470000,경상남도 거창군
리더스b,경상남도,거창군,경상남도 거창군 거창읍 송정9길 40,,35.68103277,127.9085211,,재활용쓰레기,경상남도 거창군청,,2025-08-01,5470000,경상남도 거창군
에이치빌,경상남도,거창군,경상남도 거창군 거창읍 송정9길 38,,35.68102482,127.9083562,,재활용쓰레기,경상남도 거창군청,,2025-08-01,5470000,경상남도 거창군
광화문연가,경상남도,거창군,경상남도 거창군 거창읍 송정9길 22,,35.68101388,127.9074397,,재활용쓰레기,경상남도 거창군청,,2025-08-01,5470000,경상남도 거창군
리더스,경상남도,거창군,경상남도 거창군 거창읍 송정8길 86,,35.68104691,127.9094361,,재활용쓰레기,경상남도 거창군청,,2025-08-01,5470000,경상남도 거창군
맨체스터빌,경상남도,거창군,경상남도 거창군 거창읍 송정7길 86,,35.68053337,127.9105393,,재활용쓰레기,경상남도 거창군청,,2025-08-01,5470000,경상남도 거창군
지지하우스,경상남도,거창군,경상남도 거창군 거창읍 송정7길 80,,35.68060831,127.9101991,,재활용쓰레기,경상남도 거창군청,,2025-08-01,5470000,경상남도 거창군
송정7길 74,경상남도,거창군,경상남도 거창군 거창읍 송정7길 74,,35.68059462,127.9098512,,재활용쓰레기,경상남도 거창군청,,2025-08-01,5470000,경상남도 거창군
DY빌,경상남도,거창군,경상남도 거창군 거창읍 송정7길 70,,35.68059285,127.909668,,재활용쓰레기,경상남도 거창군청,,2025-08-01,5470000,경상남도 거창군
뉴스마트빌,경상남도,거창군,경상남도 거창군 거창읍 송정7길 67,,35.68085196,127.9096094,,재활용쓰레기,경상남도 거창군청,,2025-08-01,5470000,경상남도 거창군
"구름지빌A,B동",경상남도,거창군,경상남도 거창군 거창읍 송정7길 59,,35.68087241,127.9090735,,재활용쓰레기,경상남도 거창군청,,2025-08-01,5470000,경상남도 거창군
송정7길 112,경상남도,거창군,경상남도 거창군 거창읍 송정7길 112,,35.68182474,127.9107626,,재활용쓰레기,경상남도 거창군청,,2025-08-01,5470000,경상남도 거창군
리치하이,경상남도,거창군,경상남도 거창군 거창읍 송정6길 19,,35.68119777,127.9038063,,재활용쓰레기,경상남도 거창군청,,2025-08-01,5470000,경상남도 거창군
H캐슬,경상남도,거창군,경상남도 거창군 거창읍 송정5길 54,,35.68094801,127.9047917,,재활용쓰레기,경상남도 거창군청,,2025-08-01,5470000,경상남도 거창군
오렌지하우스,경상남도,거창군,경상남도 거창군 거창읍 송정5길 48,,35.68094565,127.9045397,,재활용쓰레기,경상남도 거창군청,,2025-08-01,5470000,경상남도 거창군
송정5길 40,경상남도,거창군,경상남도 거창군 거창읍 송정5길 40,,35.68092537,127.9040895,,재활용쓰레기,경상남도 거창군청,,2025-08-01,5470000,경상남도 거창군
로제하우스,경상남도,거창군,경상남도 거창군 거창읍 송정5길 25,,35.68122383,127.9033354,,재활용쓰레기,경상남도 거창군청,,2025-08-01,5470000,경상남도 거창군
나인빌리지,경상남도,거창군,경상남도 거창군 거창읍 송정5길 22,,35.68093238,127.9031418,,재활용쓰레기,경상남도 거창군청,,2025-08-01,5470000,경상남도 거창군
휴드림빌,경상남도,거창군,경상남도 거창군 거창읍 송정5길 13,,35.68117045,127.9026772,,재활용쓰레기,경상남도 거창군청,,2025-08-01,5470000,경상남도 거창군
송정그린빌,경상남도,거창군,경상남도 거창군 거창읍 송정4길 57,,35.68042338,127.9043022,,재활용쓰레기,경상남도 거창군청,,2025-08-01,5470000,경상남도 거창군
송정3길 37-10,경상남도,거창군,경상남도 거창군 거창읍 송정3길 37-10,,35.68191472,127.9032018,,재활용쓰레기,경상남도 거창군청,,2025-08-01,5470000,경상남도 거창군
송정3길 34,경상남도,거창군,경상남도 거창군 거창읍 송정3길 34,,35.68135206,127.9028079,,재활용쓰레기,경상남도 거창군청,,2025-08-01,5470000,경상남도 거창군
더원,경상남도,거창군,경상남도 거창군 거창읍 송정3길 20,,35.68129268,127.9023661,,재활용쓰레기,경상남도 거창군청,,2025-08-01,5470000,경상남도 거창군
추생빌,경상남도,거창군,경상남도 거창군 거창읍 송정1길 95,,35.68070354,127.902099,,재활용쓰레기,경상남도 거창군청,,2025-08-01,5470000,경상남도 거창군
파라다이스,경상남도,거창군,경상남도 거창군 거창읍 송정1길 147,,35.68078403,127.9049659,,재활용쓰레기,경상남도 거창군청,,2025-08-01,5470000,경상남도 거창군
해피엔딩,경상남도,거창군,"경상남도 거창군 거창읍 송정1길 146,148",,35.68054782,127.904833,,재활용쓰레기,경상남도 거창군청,,2025-08-01,5470000,경상남도 거창군
담소동락,경상남도,거창군,경상남도 거창군 거창읍 송정1길 134,,35.68054168,127.9042469,,재활용쓰레기,경상남도 거창군청,,2025-08-01,5470000,경상남도 거창군
송정1길 132,경상남도,거창군,경상남도 거창군 거창읍 송정1길 132,,35.68054182,127.9040721,,재활용쓰레기,경상남도 거창군청,,2025-08-01,5470000,경상남도 거창군
조재하우스,경상남도,거창군,경상남도 거창군 거창읍 송정1길 124,,35.68052155,127.9036068,,재활용쓰레기,경상남도 거창군청,,2025-08-01,5470000,경상남도 거창군
송정1길 121,경상남도,거창군,경상남도 거창군 거창읍 송정1길 121,,35.68076372,127.9034643,,재활용쓰레기,경상남도 거창군청,,2025-08-01,5470000,경상남도 거창군
인빌리지,경상남도,거창군,경상남도 거창군 거창읍 송정1길 120,,35.68051602,127.9033957,,재활용쓰레기,경상남도 거창군청,,2025-08-01,5470000,경상남도 거창군
송정1길 112,경상남도,거창군,경상남도 거창군 거창읍 송정1길 112,,35.68049471,127.9030026,,재활용쓰레기,경상남도 거창군청,,2025-08-01,5470000,경상남도 거창군
하늘빛,경상남도,거창군,경상남도 거창군 거창읍 송정10길 51,,35.68181152,127.9090015,,재활용쓰레기,경상남도 거창군청,,2025-08-01,5470000,경상남도 거창군
"송정리 1134-5,1134-6",경상남도,거창군,"경상남도 거창군 거창읍 송정10길 48,50",,35.68150924,127.9087502,,재활용쓰레기,경상남도 거창군청,,2025-08-01,5470000,경상남도 거창군
송정10길 47,경상남도,거창군,경상남도 거창군 거창읍 송정10길 47,,35.68183104,127.9088138,,재활용쓰레기,경상남도 거창군청,,2025-08-01,5470000,경상남도 거창군
수복빌,경상남도,거창군,경상남도 거창군 거창읍 송정10길 15,,35.68084163,127.9078908,,재활용쓰레기,경상남도 거창군청,,2025-08-01,5470000,경상남도 거창군
소만 늘푸른빌 (녹환-20716),경상남도,거창군,경상남도 거창군 거창읍 소만5길 37,,35.69238766,127.9220067,,재활용쓰레기,경상남도 거창군청,,2025-08-01,5470000,경상남도 거창군
아림키즈어린이집,경상남도,거창군,경상남도 거창군 거창읍 소만4길 22,,35.69307488,127.9236258,,재활용쓰레기,경상남도 거창군청,,2025-08-01,5470000,경상남도 거창군
소만3길 42,경상남도,거창군,경상남도 거창군 거창읍 소만3길 42,,35.69382728,127.9220679,,재활용쓰레기,경상남도 거창군청,,2025-08-01,5470000,경상남도 거창군
오윤빌,경상남도,거창군,경상남도 거창군 거창읍 소만3길 36-19,,35.69309764,127.9218582,,재활용쓰레기,경상남도 거창군청,,2025-08-01,5470000,경상남도 거창군
다온빌,경상남도,거창군,경상남도 거창군 거창읍 소만3길 36-16,,35.69304951,127.921517,,재활용쓰레기,경상남도 거창군청,,2025-08-01,5470000,경상남도 거창군
이스티빌,경상남도,거창군,경상남도 거창군 거창읍 소만3길 14-23,,35.69289169,127.9206736,,재활용쓰레기,경상남도 거창군청,,2025-08-01,5470000,경상남도 거창군
또랑메기,경상남도,거창군,경상남도 거창군 거창읍 소만3길 14-15,,35.69319233,127.9206583,,재활용쓰레기,경상남도 거창군청,,2025-08-01,5470000,경상남도 거창군
거창군 농업인회관,경상남도,거창군,경상남도 거창군 거창읍 소만3길 14-15,,35.69319233,127.9206583,,재활용쓰레기,경상남도 거창군청,,2025-08-01,5470000,경상남도 거창군
수요일인소만,경상남도,거창군,경상남도 거창군 거창읍 소만2길 31,,35.69367373,127.9220776,,재활용쓰레기,경상남도 거창군청,,2025-08-01,5470000,경상남도 거창군
아림교회,경상남도,거창군,경상남도 거창군 거창읍 소만1길 58,,35.69489358,127.9210978,,재활용쓰레기,경상남도 거창군청,,2025-08-01,5470000,경상남도 거창군
수기1977,경상남도,거창군,경상남도 거창군 거창읍 소만1길 28,,35.69348022,127.9212427,,재활용쓰레기,경상남도 거창군청,,2025-08-01,5470000,경상남도 거창군
G&G하우스,경상남도,거창군,경상남도 거창군 거창읍 소만1길 21,,35.69317204,127.9209194,,재활용쓰레기,경상남도 거창군청,,2025-08-01,5470000,경상남도 거창군
소만지구G&G오피스텔,경상남도,거창군,경상남도 거창군 거창읍 소만1길 17,,35.69290774,127.9209379,,재활용쓰레기,경상남도 거창군청,,2025-08-01,5470000,경상남도 거창군
뉴파라다이스 빌라,경상남도,거창군,경상남도 거창군 거창읍 소만1길 16-8,,35.69267152,127.9216098,,재활용쓰레기,경상남도 거창군청,,2025-08-01,5470000,경상남도 거창군
실버간호주간보호센타,경상남도,거창군,경상남도 거창군 거창읍 샛단길 21-14,,35.6833386,127.8935413,,재활용쓰레기,경상남도 거창군청,,2025-08-01,5470000,경상남도 거창군
아림유치원,경상남도,거창군,,경상남도 거창군 거창읍 상림리 851,35.68628654,127.9022585,,재활용쓰레기,경상남도 거창군청,,2025-08-01,5470000,경상남도 거창군
거열빌라 가는도로,경상남도,거창군,,경상남도 거창군 거창읍 상림리 495,35.68648926,127.8943328,,재활용쓰레기,경상남도 거창군청,,2025-08-01,5470000,경상남도 거창군
제일교회 사거리,경상남도,거창군,,경상남도 거창군 거창읍 상림리 31-2,35.68730526,127.907825,,재활용쓰레기,경상남도 거창군청,,2025-08-01,5470000,경상남도 거창군
스녹빌,경상남도,거창군,,경상남도 거창군 거창읍 상림리 116-5,35.68483448,127.9085095,,재활용쓰레기,경상남도 거창군청,,2025-08-01,5470000,경상남도 거창군
혜성여자중학교,경상남도,거창군,경상남도 거창군 거창읍 상동8길 15,,35.68725247,127.9058254,,재활용쓰레기,경상남도 거창군청,,2025-08-01,5470000,경상남도 거창군
상동7길 46 도로변,경상남도,거창군,경상남도 거창군 거창읍 상동7길 46,,35.68739662,127.9066347,,재활용쓰레기,경상남도 거창군청,,2025-08-01,5470000,경상남도 거창군
영창빌라 앞,경상남도,거창군,경상남도 거창군 거창읍 상동7길 46,,35.68739662,127.9066347,,재활용쓰레기,경상남도 거창군청,,2025-08-01,5470000,경상남도 거창군
영창빌라 B동 안쪽,경상남도,거창군,경상남도 거창군 거창읍 상동7길 46,,35.68739662,127.9066347,,재활용쓰레기,경상남도 거창군청,,2025-08-01,5470000,경상남도 거창군
유빌리지 2차,경상남도,거창군,경상남도 거창군 거창읍 상동6길 17,,35.68860743,127.9084048,,재활용쓰레기,경상남도 거창군청,,2025-08-01,5470000,경상남도 거창군
유빌리지1차,경상남도,거창군,경상남도 거창군 거창읍 상동6길 17,,35.68860743,127.9084048,,재활용쓰레기,경상남도 거창군청,,2025-08-01,5470000,경상남도 거창군
웰리스아파트,경상남도,거창군,경상남도 거창군 거창읍 상동1길 45,,35.68684802,127.906684,,재활용쓰레기,경상남도 거창군청,,2025-08-01,5470000,경상남도 거창군
한국철강산업,경상남도,거창군,경상남도 거창군 거창읍 밤티재로 1288,,35.67061785,127.9324907,,재활용쓰레기,경상남도 거창군청,,2025-08-01,5470000,경상남도 거창군
서변리 모곡마을,경상남도,거창군,경상남도 거창군 거창읍 모곡2길 22,,35.71515524,127.9170544,,재활용쓰레기,경상남도 거창군청,,2025-08-01,5470000,경상남도 거창군
모곡마을회관,경상남도,거창군,경상남도 거창군 거창읍 모곡2길 22,,35.71515524,127.9170544,,재활용쓰레기,경상남도 거창군청,,2025-08-01,5470000,경상남도 거창군
동산마을회관,경상남도,거창군,경상남도 거창군 거창읍 동산길 41,,35.69971886,127.9175179,,재활용쓰레기,경상남도 거창군청,,2025-08-01,5470000,경상남도 거창군
거창중학교,경상남도,거창군,경상남도 거창군 거창읍 동동6길 9,,35.69050342,127.9206649,,재활용쓰레기,경상남도 거창군청,,2025-08-01,5470000,경상남도 거창군
미가아파트,경상남도,거창군,경상남도 거창군 거창읍 동동5길 90,,35.69203978,127.9248256,,재활용쓰레기,경상남도 거창군청,,2025-08-01,5470000,경상남도 거창군
하나로1차,경상남도,거창군,경상남도 거창군 거창읍 동동5길 68,,35.69181555,127.9234173,,재활용쓰레기,경상남도 거창군청,,2025-08-01,5470000,경상남도 거창군
창동초등학교,경상남도,거창군,경상남도 거창군 거창읍 동동1길 31,,35.68883105,127.9213158,,재활용쓰레기,경상남도 거창군청,,2025-08-01,5470000,경상남도 거창군
참좋은아파트,경상남도,거창군,,경상남도 거창군 거창읍 대평리 1187,35.68425419,127.9170294,,재활용쓰레기,경상남도 거창군청,,2025-08-01,5470000,경상남도 거창군
라인하이츠빌,경상남도,거창군,,경상남도 거창군 거창읍 대평리 1054-5,35.68473007,127.9201862,,재활용쓰레기,경상남도 거창군청,,2025-08-01,5470000,경상남도 거창군
가람하이츠,경상남도,거창군,,경상남도 거창군 거창읍 대평리 1054-20,35.68450616,127.9201144,,재활용쓰레기,경상남도 거창군청,,2025-08-01,5470000,경상남도 거창군
타임빌,경상남도,거창군,,경상남도 거창군 거창읍 대평리 1053-4,35.68499321,127.9196285,,재활용쓰레기,경상남도 거창군청,,2025-08-01,5470000,경상남도 거창군
라온빌,경상남도,거창군,,경상남도 거창군 거창읍 대평리 1053-1,35.68482494,127.9197718,,재활용쓰레기,경상남도 거창군청,,2025-08-01,5470000,경상남도 거창군
은하빌라,경상남도,거창군,경상남도 거창군 거창읍 대평8길 35,,35.68338589,127.9207542,,재활용쓰레기,경상남도 거창군청,,2025-08-01,5470000,경상남도 거창군
대평늘푸른빌,경상남도,거창군,경상남도 거창군 거창읍 대평7길 54,,35.68359021,127.9207651,,재활용쓰레기,경상남도 거창군청,,2025-08-01,5470000,경상남도 거창군
대성네오빌3차,경상남도,거창군,경상남도 거창군 거창읍 대평7길 50,,35.68358744,127.9203973,,재활용쓰레기,경상남도 거창군청,,2025-08-01,5470000,경상남도 거창군
아쇼카빌,경상남도,거창군,경상남도 거창군 거창읍 대평6길 47,,35.68418481,127.9202284,,재활용쓰레기,경상남도 거창군청,,2025-08-01,5470000,경상남도 거창군
북두칠성,경상남도,거창군,경상남도 거창군 거창읍 대평6길 30,,35.68376034,127.9192946,,재활용쓰레기,경상남도 거창군청,,2025-08-01,5470000,경상남도 거창군
대평세륭아파트앞,경상남도,거창군,경상남도 거창군 거창읍 대평5길 38-8,,35.6842755,127.9193876,,재활용쓰레기,경상남도 거창군청,,2025-08-01,5470000,경상남도 거창군
백두빌,경상남도,거창군,경상남도 거창군 거창읍 대평3길 51,,35.68487525,127.9207125,,재활용쓰레기,경상남도 거창군청,,2025-08-01,5470000,경상남도 거창군
금강빌,경상남도,거창군,경상남도 거창군 거창읍 대평3길 51,,35.68487525,127.9207125,,재활용쓰레기,경상남도 거창군청,,2025-08-01,5470000,경상남도 거창군
대야오피스힐,경상남도,거창군,경상남도 거창군 거창읍 대평3길 48,,35.68479756,127.9211947,,재활용쓰레기,경상남도 거창군청,,2025-08-01,5470000,경상남도 거창군
거창축협동물병원,경상남도,거창군,경상남도 거창군 거창읍 대평3길 38,,35.68453109,127.9213924,,재활용쓰레기,경상남도 거창군청,,2025-08-01,5470000,경상남도 거창군
아이티빌,경상남도,거창군,경상남도 거창군 거창읍 대평2길 13,,35.68295105,127.9199871,,재활용쓰레기,경상남도 거창군청,,2025-08-01,5470000,경상남도 거창군
명림빌,경상남도,거창군,,경상남도 거창군 거창읍 대동리 983-3,35.69334291,127.9209087,,재활용쓰레기,경상남도 거창군청,,2025-08-01,5470000,경상남도 거창군
행복마을 원룸,경상남도,거창군,경상남도 거창군 거창읍 강양1길 27,,35.69039867,127.9188171,,재활용쓰레기,경상남도 거창군청,,2025-08-01,5470000,경상남도 거창군
대동리 562-2(나리안 오피스텔),경상남도,거창군,경상남도 거창군 거창읍 거열로2길 76-14,,35.6948296,127.9136907,,재활용쓰레기,경상남도 거창군청,,2025-08-01,5470000,경상남도 거창군
휴먼빌,경상남도,거창군,,경상남도 거창군 거창읍 대동리 27-20,35.68725782,127.9176847,,재활용쓰레기,경상남도 거창군청,,2025-08-01,5470000,경상남도 거창군
썬라이즈하우스,경상남도,거창군,,경상남도 거창군 거창읍 대동리 13-5,35.69023793,127.9233809,,재활용쓰레기,경상남도 거창군청,,2025-08-01,5470000,경상남도 거창군
하늘바이오,경상남도,거창군,경상남도 거창군 남상면 홍덕길 15,,35.65542594,127.9337653,,재활용쓰레기,경상남도 거창군청,,2025-08-01,5470000,경상남도 거창군
하늘바이오,경상남도,거창군,경상남도 거창군 남상면 홍덕길 11,,35.65574527,127.9333913,,재활용쓰레기,경상남도 거창군청,,2025-08-01,5470000,경상남도 거창군
창포원,경상남도,거창군,경상남도 거창군 남상면 창포원길 21-1,,35.6549216,127.9398302,,재활용쓰레기,경상남도 거창군청,,2025-08-01,5470000,경상남도 거창군
진목보건소,경상남도,거창군,경상남도 거창군 남상면 진목1길 20,,35.59493615,127.8702702,,재활용쓰레기,경상남도 거창군청,,2025-08-01,5470000,경상남도 거창군
한국승강기안전공단 기술원,경상남도,거창군,경상남도 거창군 남상면 승강기길 80,,35.65308646,127.9300075,,재활용쓰레기,경상남도 거창군청,,2025-08-01,5470000,경상남도 거창군
김천리 475-3,경상남도,거창군,,경상남도 거창군 거창읍 김천리 475-3,35.68104964,127.9097353,,재활용쓰레기,경상남도 거창군청,,2025-08-01,5470000,경상남도 거창군
지브로,경상남도,거창군,,경상남도 거창군 거창읍 김천리 473-1,35.68209922,127.9094591,,재활용쓰레기,경상남도 거창군청,,2025-08-01,5470000,경상남도 거창군
거창기상대 사택,경상남도,거창군,경상남도 거창군 거창읍 김천2길 46,,35.67694353,127.9089053,,재활용쓰레기,경상남도 거창군청,,2025-08-01,5470000,경상남도 거창군
국농소무릉식당앞,경상남도,거창군,경상남도 거창군 거창읍 국농소2길 10,,35.67346358,127.9362578,,재활용쓰레기,경상남도 거창군청,,2025-08-01,5470000,경상남도 거창군
죽동마을회관앞,경상남도,거창군,경상남도 거창군 거창읍 구산1길 4,,35.71803162,127.9066859,,재활용쓰레기,경상남도 거창군청,,2025-08-01,5470000,경상남도 거창군
구례경로당앞,경상남도,거창군,경상남도 거창군 거창읍 구례길 166,,35.72252727,127.9274857,,재활용쓰레기,경상남도 거창군청,,2025-08-01,5470000,경상남도 거창군
우정빌라,경상남도,거창군,경상남도 거창군 거창읍 공수들8길 11,,35.68548079,127.9008675,,재활용쓰레기,경상남도 거창군청,,2025-08-01,5470000,경상남도 거창군
비룡앞 도로변,경상남도,거창군,경상남도 거창군 거창읍 공수들6길 17,,35.68690156,127.9034589,,재활용쓰레기,경상남도 거창군청,,2025-08-01,5470000,경상남도 거창군
영송빌라,경상남도,거창군,경상남도 거창군 거창읍 공수들1길 16,,35.68529222,127.9006909,,재활용쓰레기,경상남도 거창군청,,2025-08-01,5470000,경상남도 거창군
삼양택시,경상남도,거창군,경상남도 거창군 거창읍 거함대로5길 51,,35.68284699,127.9208779,,재활용쓰레기,경상남도 거창군청,,2025-08-01,5470000,경상남도 거창군
청소년문화의집앞,경상남도,거창군,경상남도 거창군 거창읍 거함대로4길 60,,35.68316487,127.9142794,,재활용쓰레기,경상남도 거창군청,,2025-08-01,5470000,경상남도 거창군
창남초등학교,경상남도,거창군,경상남도 거창군 거창읍 거함대로4길 24,,35.68308147,127.9166304,,재활용쓰레기,경상남도 거창군청,,2025-08-01,5470000,경상남도 거창군
들꽃마을,경상남도,거창군,경상남도 거창군 거창읍 거함대로3길 23,,35.67937054,127.9107121,,재활용쓰레기,경상남도 거창군청,,2025-08-01,5470000,경상남도 거창군
거창군 산림조합,경상남도,거창군,경상남도 거창군 거창읍 거함대로 4길 64,,35.68322887,127.9138744,,재활용쓰레기,경상남도 거창군청,,2025-08-01,5470000,경상남도 거창군
거창푸드종합센타,경상남도,거창군,경상남도 거창군 거창읍 거함대로 3372-8,,35.67608301,127.9272966,,재활용쓰레기,경상남도 거창군청,,2025-08-01,5470000,경상남도 거창군
학교급식지원센타,경상남도,거창군,경상남도 거창군 거창읍 거함대로 3372-30,,35.67569426,127.924782,,재활용쓰레기,경상남도 거창군청,,2025-08-01,5470000,경상남도 거창군
지애플,경상남도,거창군,경상남도 거창군 거창읍 거함대로 3372,,35.6758035,127.926212,,재활용쓰레기,경상남도 거창군청,,2025-08-01,5470000,경상남도 거창군
농업기술센터,경상남도,거창군,경상남도 거창군 거창읍 거함대로 3322,,35.67800721,127.9230338,,재활용쓰레기,경상남도 거창군청,,2025-08-01,5470000,경상남도 거창군
제일가스충전소,경상남도,거창군,경상남도 거창군 거창읍 거함대로 3276-3,,35.68031636,127.9188533,,재활용쓰레기,경상남도 거창군청,,2025-08-01,5470000,경상남도 거창군
거창교육청,경상남도,거창군,경상남도 거창군 거창읍 거함대로 3235,,35.68175872,127.9154447,,재활용쓰레기,경상남도 거창군청,,2025-08-01,5470000,경상남도 거창군
세븐일레븐 편의점,경상남도,거창군,경상남도 거창군 거창읍 거함대로 3200,,35.6802029,127.9117994,,재활용쓰레기,경상남도 거창군청,,2025-08-01,5470000,경상남도 거창군
세륭1차,경상남도,거창군,경상남도 거창군 거창읍 거함대로 3196,,35.68022138,127.9115848,,재활용쓰레기,경상남도 거창군청,,2025-08-01,5470000,경상남도 거창군
보건소 후문 창고 앞,경상남도,거창군,경상남도 거창군 거창읍 거함대로 3079,,35.6809354,127.8987277,,재활용쓰레기,경상남도 거창군청,,2025-08-01,5470000,경상남도 거창군
거창전문대후문 CU 옆,경상남도,거창군,경상남도 거창군 거창읍 거창대학로 72,,35.67320256,127.9124187,,재활용쓰레기,경상남도 거창군청,,2025-08-01,5470000,경상남도 거창군
한전사택,경상남도,거창군,경상남도 거창군 거창읍 거창대로3길 50,,35.68881756,127.9180453,,재활용쓰레기,경상남도 거창군청,,2025-08-01,5470000,경상남도 거창군
동성리젠시,경상남도,거창군,경상남도 거창군 거창읍 거창대로 52,,35.68639967,127.9167601,,재활용쓰레기,경상남도 거창군청,,2025-08-01,5470000,경상남도 거창군
거창구치소,경상남도,거창군,경상남도 거창군 거창읍 거열산성로 73,,35.69281847,127.8948848,,재활용쓰레기,경상남도 거창군청,,2025-08-01,5470000,경상남도 거창군
거열빌라,경상남도,거창군,경상남도 거창군 거창읍 거열로9길 158,,35.68728568,127.890722,,재활용쓰레기,경상남도 거창군청,,2025-08-01,5470000,경상남도 거창군
대성빌라,경상남도,거창군,경상남도 거창군 거창읍 거열로7길 94,,35.69221396,127.9008954,,재활용쓰레기,경상남도 거창군청,,2025-08-01,5470000,경상남도 거창군
거창대성일고,경상남도,거창군,경상남도 거창군 거창읍 거열로7길 57,,35.69108338,127.9003606,,재활용쓰레기,경상남도 거창군청,,2025-08-01,5470000,경상남도 거창군
한마음도서관앞,경상남도,거창군,경상남도 거창군 거창읍 거열로6길 11,,35.68919288,127.9036746,,재활용쓰레기,경상남도 거창군청,,2025-08-01,5470000,경상남도 거창군
홍덕사택 입구,경상남도,거창군,경상남도 거창군 거창읍 거열로5길 8-26,,35.68994682,127.9065094,,재활용쓰레기,경상남도 거창군청,,2025-08-01,5470000,경상남도 거창군
하나로3차,경상남도,거창군,경상남도 거창군 거창읍 거열로4길 98,,35.69287394,127.9079562,,재활용쓰레기,경상남도 거창군청,,2025-08-01,5470000,경상남도 거창군
연세학원앞(홍덕STC앞),경상남도,거창군,경상남도 거창군 거창읍 거열로4길 7-13,,35.6895796,127.9067804,,재활용쓰레기,경상남도 거창군청,,2025-08-01,5470000,경상남도 거창군
거창너싱케어주간보호센타,경상남도,거창군,경상남도 거창군 거창읍 거열로4길 406,,35.7023336,127.8959264,,재활용쓰레기,경상남도 거창군청,,2025-08-01,5470000,경상남도 거창군
가지리 미니스톱,경상남도,거창군,경상남도 거창군 거창읍 거열로4길 161,,35.69541269,127.9059213,,재활용쓰레기,경상남도 거창군청,,2025-08-01,5470000,경상남도 거창군
드림빌리지 2차,경상남도,거창군,경상남도 거창군 거창읍 장팔길 77,,35.6770135,127.9086622,,재활용쓰레기,경상남도 거창군청,,2025-08-01,5470000,경상남도 거창군
동원그린빌2차,경상남도,거창군,경상남도 거창군 거창읍 거열로4길 160,,35.69545691,127.9065963,,재활용쓰레기,경상남도 거창군청,,2025-08-01,5470000,경상남도 거창군
에이스타운,경상남도,거창군,경상남도 거창군 거창읍 거열로4길 144-61,,35.69520126,127.9083853,,재활용쓰레기,경상남도 거창군청,,2025-08-01,5470000,경상남도 거창군
대선빌라,경상남도,거창군,경상남도 거창군 거창읍 거열로4길 127,,35.6940635,127.9067636,,재활용쓰레기,경상남도 거창군청,,2025-08-01,5470000,경상남도 거창군
방주아트빌,경상남도,거창군,경상남도 거창군 거창읍 거열로4길 120,,35.69388856,127.9076975,,재활용쓰레기,경상남도 거창군청,,2025-08-01,5470000,경상남도 거창군
참사랑교회,경상남도,거창군,경상남도 거창군 거창읍 거열로3길5-6,,35.69190463,127.9162419,,재활용쓰레기,경상남도 거창군청,,2025-08-01,5470000,경상남도 거창군
동방아트빌1차,경상남도,거창군,경상남도 거창군 거창읍 거열로3길 66-4,,35.69373737,127.9151432,,재활용쓰레기,경상남도 거창군청,,2025-08-01,5470000,경상남도 거창군
동방아트빌2차,경상남도,거창군,경상남도 거창군 거창읍 거열로3길 66-3,,35.69371959,127.9148982,,재활용쓰레기,경상남도 거창군청,,2025-08-01,5470000,경상남도 거창군
새한아트빌,경상남도,거창군,경상남도 거창군 거창읍 거열로3길 26,,35.69264455,127.9163833,,재활용쓰레기,경상남도 거창군청,,2025-08-01,5470000,경상남도 거창군
베버리힐스,경상남도,거창군,경상남도 거창군 거창읍 거열로3길 16-12,,35.69244028,127.9169698,,재활용쓰레기,경상남도 거창군청,,2025-08-01,5470000,경상남도 거창군
판타블2차,경상남도,거창군,경상남도 거창군 거창읍 거열로3길 10,,35.69196826,127.9168207,,재활용쓰레기,경상남도 거창군청,,2025-08-01,5470000,경상남도 거창군
대동늘푸른빌,경상남도,거창군,경상남도 거창군 거창읍 거열로2길 73,,35.69401818,127.9138524,,재활용쓰레기,경상남도 거창군청,,2025-08-01,5470000,경상남도 거창군
문화빌라앞,경상남도,거창군,경상남도 거창군 거창읍 거열로2길 63,,35.6931808,127.9142603,,재활용쓰레기,경상남도 거창군청,,2025-08-01,5470000,경상남도 거창군
문화빌라 C동,경상남도,거창군,경상남도 거창군 거창읍 거열로2길 63,,35.6931808,127.9142603,,재활용쓰레기,경상남도 거창군청,,2025-08-01,5470000,경상남도 거창군
그린아파트B동,경상남도,거창군,경상남도 거창군 거창읍 거열로2길 24,,35.69228661,127.915349,,재활용쓰레기,경상남도 거창군청,,2025-08-01,5470000,경상남도 거창군
그린아파트 A동,경상남도,거창군,경상남도 거창군 거창읍 거열로2길 24,,35.69228661,127.915349,,재활용쓰레기,경상남도 거창군청,,2025-08-01,5470000,경상남도 거창군
그린아파트 105동,경상남도,거창군,경상남도 거창군 거창읍 거열로2길 24,,35.69228661,127.915349,,재활용쓰레기,경상남도 거창군청,,2025-08-01,5470000,경상남도 거창군
지앤지6차(나리안길 106동)-샛별중 옆,경상남도,거창군,경상남도 거창군 거창읍 거열로1길 92,,35.69369226,127.9119192,,재활용쓰레기,경상남도 거창군청,,2025-08-01,5470000,경상남도 거창군
지앤지4차(나리안길104동)-편의점 뒤,경상남도,거창군,경상남도 거창군 거창읍 거열로1길 86,,35.69377129,127.912361,,재활용쓰레기,경상남도 거창군청,,2025-08-01,5470000,경상남도 거창군
지앤지 하이든(베르디 공용),경상남도,거창군,경상남도 거창군 거창읍 거열로1길 79,,35.69311755,127.9127854,,재활용쓰레기,경상남도 거창군청,,2025-08-01,5470000,경상남도 거창군
아림빌라,경상남도,거창군,경상남도 거창군 거창읍 거열로1길 78-7,,35.6937871,127.9126648,,재활용쓰레기,경상남도 거창군청,,2025-08-01,5470000,경상남도 거창군
청소년발전소,경상남도,거창군,경상남도 거창군 거창읍 거열로1길 78-57,,35.6947845,127.9108405,,재활용쓰레기,경상남도 거창군청,,2025-08-01,5470000,경상남도 거창군
신세계아파트,경상남도,거창군,경상남도 거창군 거창읍 거열로1길 78-23,,35.69472709,127.9121551,,재활용쓰레기,경상남도 거창군청,,2025-08-01,5470000,경상남도 거창군
거열로1길 74,경상남도,거창군,경상남도 거창군 거창읍 거열로1길 74,,35.69379956,127.9130182,,재활용쓰레기,경상남도 거창군청,,2025-08-01,5470000,경상남도 거창군
나리안길 군민스포츠센타,경상남도,거창군,경상남도 거창군 거창읍 거열로1길 100-26,,35.69454347,127.9115521,,재활용쓰레기,경상남도 거창군청,,2025-08-01,5470000,경상남도 거창군
지앤지5차(나리안길105동)-편의점 옆,경상남도,거창군,경상남도 거창군 거창읍 거열로1길 100-24,,35.69421007,127.911771,,재활용쓰레기,경상남도 거창군청,,2025-08-01,5470000,경상남도 거창군
삼성하이츠빌,경상남도,거창군,경상남도 거창군 거창읍 거열로 234-14,,35.69248278,127.918772,,재활용쓰레기,경상남도 거창군청,,2025-08-01,5470000,경상남도 거창군
중앙교회,경상남도,거창군,경상남도 거창군 거창읍 거열로 165-1,,35.69015826,127.9117472,,재활용쓰레기,경상남도 거창군청,,2025-08-01,5470000,경상남도 거창군
거창노인전문요양원,경상남도,거창군,경상남도 거창군 거창읍 거안로 1266-43,,35.68415861,127.8878089,,재활용쓰레기,경상남도 거창군청,,2025-08-01,5470000,경상남도 거창군
공작아파트,경상남도,거창군,경상남도 거창군 거창읍 개봉길 58,,35.69343584,127.9145705,,재활용쓰레기,경상남도 거창군청,,2025-08-01,5470000,경상남도 거창군
상록빌라,경상남도,거창군,경상남도 거창군 거창읍 개봉길 46,,35.69330986,127.9156836,,재활용쓰레기,경상남도 거창군청,,2025-08-01,5470000,경상남도 거창군
유빌리지3차,경상남도,거창군,경상남도 거창군 거창읍 강양5길 61-3,,35.68944658,127.9184526,,재활용쓰레기,경상남도 거창군청,,2025-08-01,5470000,경상남도 거창군
송림아파트,경상남도,거창군,경상남도 거창군 거창읍 강양4길 26,,35.6898523,127.9187858,,재활용쓰레기,경상남도 거창군청,,2025-08-01,5470000,경상남도 거창군
"동원4,5차아파트",경상남도,거창군,경상남도 거창군 거창읍 강양4길 19-6,,35.69032792,127.9185333,,재활용쓰레기,경상남도 거창군청,,2025-08-01,5470000,경상남도 거창군
동원그린빌3차,경상남도,거창군,경상남도 거창군 거창읍 강양4길 16,,35.68991512,127.9182785,,재활용쓰레기,경상남도 거창군청,,2025-08-01,5470000,경상남도 거창군
신흥빌라,경상남도,거창군,경상남도 거창군 거창읍 강양4길 10,,35.68991233,127.9179701,,재활용쓰레기,경상남도 거창군청,,2025-08-01,5470000,경상남도 거창군
대동빌라,경상남도,거창군,경상남도 거창군 거창읍 강양2길 36,,35.69173606,127.9186111,,재활용쓰레기,경상남도 거창군청,,2025-08-01,5470000,경상남도 거창군
하우스누리,경상남도,거창군,경상남도 거창군 거창읍 강양1길 31,,35.69060972,127.9187602,,재활용쓰레기,경상남도 거창군청,,2025-08-01,5470000,경상남도 거창군
하우스마루,경상남도,거창군,경상남도 거창군 거창읍 강양1길 27,,35.69039867,127.9188171,,재활용쓰레기,경상남도 거창군청,,2025-08-01,5470000,경상남도 거창군
아진빌라,경상남도,거창군,경상남도 거창군 거창읍 강변로9길 51,,35.68898986,127.9175035,,재활용쓰레기,경상남도 거창군청,,2025-08-01,5470000,경상남도 거창군
솔잎가든앞전화국뒤,경상남도,거창군,경상남도 거창군 거창읍 강변로7길 13,,35.68478296,127.9081355,,재활용쓰레기,경상남도 거창군청,,2025-08-01,5470000,경상남도 거창군
송림빌라,경상남도,거창군,경상남도 거창군 거창읍 강변로2길 12,,35.68396949,127.9005546,,재활용쓰레기,경상남도 거창군청,,2025-08-01,5470000,경상남도 거창군
아림월드 신규배치,경상남도,거창군,경상남도 거창군 거창읍 강변로157,,35.685603,127.9142081,,재활용쓰레기,경상남도 거창군청,,2025-08-01,5470000,경상남도 거창군
남양우유대리점맞은편,경상남도,거창군,경상남도 거창군 거창읍 강변로 35-1,,35.68365935,127.901015,,재활용쓰레기,경상남도 거창군청,,2025-08-01,5470000,경상남도 거창군
참사랑요양원,경상남도,거창군,경상남도 거창군 거창읍 강변로 279,,35.69045411,127.9257556,,재활용쓰레기,경상남도 거창군청,,2025-08-01,5470000,경상남도 거창군
상림빌라C동,경상남도,거창군,경상남도 거창군 거창읍 강변로 19,,35.68352625,127.8993494,,재활용쓰레기,경상남도 거창군청,,2025-08-01,5470000,경상남도 거창군
한성시티타운,경상남도,거창군,경상남도 거창군 거창읍 강변로 127,,35.68463392,127.9109002,,재활용쓰레기,경상남도 거창군청,,2025-08-01,5470000,경상남도 거창군
한성시티빌,경상남도,거창군,경상남도 거창군 거창읍 강변로 127,,35.68463392,127.9109002,,재활용쓰레기,경상남도 거창군청,,2025-08-01,5470000,경상남도 거창군
강남로3길 34,경상남도,거창군,경상남도 거창군 거창읍 강남로3길 34,,35.68197849,127.9086104,,재활용쓰레기,경상남도 거창군청,,2025-08-01,5470000,경상남도 거창군
강남로2길 33-10,경상남도,거창군,경상남도 거창군 거창읍 강남로2길 33-10,,35.6815093,127.9073277,,재활용쓰레기,경상남도 거창군청,,2025-08-01,5470000,경상남도 거창군
송정슈퍼,경상남도,거창군,경상남도 거창군 거창읍 강남로1길 96,,35.68218367,127.9060204,,재활용쓰레기,경상남도 거창군청,,2025-08-01,5470000,경상남도 거창군
제이하우스,경상남도,거창군,경상남도 거창군 거창읍 강남로1길 78-10,,35.68159846,127.9048888,,재활용쓰레기,경상남도 거창군청,,2025-08-01,5470000,경상남도 거창군
어울림,경상남도,거창군,경상남도 거창군 거창읍 강남로1길 67,,35.68213099,127.9043715,,재활용쓰레기,경상남도 거창군청,,2025-08-01,5470000,경상남도 거창군
크라운제과,경상남도,거창군,경상남도 거창군 거창읍 강남로1길 53,,35.68237243,127.9036639,,재활용쓰레기,경상남도 거창군청,,2025-08-01,5470000,경상남도 거창군
경상남도 거창군 거열로4길 111,경상남도,거창군,경상남도 거창군 거창읍 강남로1길 49,,35.68239329,127.9035025,,재활용쓰레기,경상남도 거창군청,,2025-08-01,5470000,경상남도 거창군
강남로1길 41,경상남도,거창군,경상남도 거창군 거창읍 강남로1길 41,,35.68230203,127.9029701,,재활용쓰레기,경상남도 거창군청,,2025-08-01,5470000,경상남도 거창군
제일씽크공장 앞,경상남도,거창군,경상남도 거창군 거창읍 강남로1길 158,,35.68259082,127.9092754,,재활용쓰레기,경상남도 거창군청,,2025-08-01,5470000,경상남도 거창군
거창LPG충전소,경상남도,거창군,경상남도 거창군 거창읍 강남로 80,,35.68263539,127.906341,,재활용쓰레기,경상남도 거창군청,,2025-08-01,5470000,경상남도 거창군
지인빌,경상남도,거창군,경상남도 거창군 거창읍 강남로 64,,35.68230705,127.9047019,,재활용쓰레기,경상남도 거창군청,,2025-08-01,5470000,경상남도 거창군
남광빌라,경상남도,거창군,경상남도 거창군 거창읍 강남로 254-14,,35.68656767,127.9240321,,재활용쓰레기,경상남도 거창군청,,2025-08-01,5470000,경상남도 거창군
전원장로교회,경상남도,거창군,,경상남도 거창군 거창읍 가지리 799-4,35.71470488,127.8996589,,재활용쓰레기,경상남도 거창군청,,2025-08-01,5470000,경상남도 거창군
가지리 210,경상남도,거창군,,경상남도 거창군 거창읍 가지리 210,35.69546019,127.9071036,,재활용쓰레기,경상남도 거창군청,,2025-08-01,5470000,경상남도 거창군
가조 파크골프장,경상남도,거창군,경상남도 거창군 가조면 지산로 1386,,35.70165276,128.0193527,,재활용쓰레기,경상남도 거창군청,,2025-08-01,5470000,경상남도 거창군
월포마을회,경상남도,거창군,경상남도 거창군 가조면 의상봉길 149,,35.71221677,128.0214844,,재활용쓰레기,경상남도 거창군청,,2025-08-01,5470000,경상남도 거창군
가조 힐링랜드,경상남도,거창군,,경상남도 거창군 가조면 수월리 산19,35.73662049,128.0408983,,재활용쓰레기,경상남도 거창군청,,2025-08-01,5470000,경상남도 거창군
장군아파트(가조),경상남도,거창군,경상남도 거창군 가조면 마상3길 49,,35.71215841,128.0169467,,재활용쓰레기,경상남도 거창군청,,2025-08-01,5470000,경상남도 거창군
거창승강기고,경상남도,거창군,경상남도 거창군 가조면 마상3길 33-20,,35.71373734,128.0157437,,재활용쓰레기,경상남도 거창군청,,2025-08-01,5470000,경상남도 거창군
도산당 마을회관,경상남도,거창군,경상남도 거창군 가조면 도리1길 27,,35.70487646,128.0464976,,재활용쓰레기,경상남도 거창군청,,2025-08-01,5470000,경상남도 거창군
주상 정동마을,경상남도,거창군,,경상남도 거창군 주상면 성기리 1378-25,35.76616711,127.918779,,재활용쓰레기,경상남도 거창군청,,2025-08-01,5470000,경상남도 거창군
월성 자연학습체험관,경상남도,거창군,,경상남도 거창군 북상면 월성리 1084-4,35.76476964,127.7432473,,재활용쓰레기,경상남도 거창군청,,2025-08-01,5470000,경상남도 거창군
절부마을,경상남도,거창군,경상남도 거창군 거창읍 절부길 24-6,,35.68171104,127.8959543,,재활용쓰레기,경상남도 거창군청,,2025-08-01,5470000,경상남도 거창군
중앙고,경상남도,거창군,경상남도 거창군 거창읍 성산길 36,,35.69308263,127.9029092,,재활용쓰레기,경상남도 거창군청,,2025-08-01,5470000,경상남도 거창군
김C빌라,경상남도,거창군,경상남도 거창군 거창읍 거열로7길 102,,35.69233266,127.9007139,,재활용쓰레기,경상남도 거창군청,,2025-08-01,5470000,경상남도 거창군
송림하늘안,경상남도,거창군,경상남도 거창군 거창읍 거열로4길 111,,35.69367675,127.9066828,,재활용쓰레기,경상남도 거창군청,,2025-08-01,5470000,경상남도 거창군
그린맨션 C동,경상남도,거창군,경상남도 거창군 거창읍 거열로2길 34-14,,35.69268522,127.9154682,,재활용쓰레기,경상남도 거창군청,,2025-08-01,5470000,경상남도 거창군
나리안길아파트,경상남도,거창군,경상남도 거창군 거창읍 거열로1길 92,,35.69369226,127.9119192,,재활용쓰레기,경상남도 거창군청,,2025-08-01,5470000,경상남도 거창군
지앤지프라임(103동),경상남도,거창군,경상남도 거창군 거창읍 거열로1길 89,,35.69327879,127.9123448,,재활용쓰레기,경상남도 거창군청,,2025-08-01,5470000,경상남도 거창군
지앤지시티(102동),경상남도,거창군,경상남도 거창군 거창읍 거열로1길 81,,35.69337995,127.9127202,,재활용쓰레기,경상남도 거창군청,,2025-08-01,5470000,경상남도 거창군
지앤지캐슬(101동),경상남도,거창군,경상남도 거창군 거창읍 거열로1길 75,,35.69343653,127.9131739,,재활용쓰레기,경상남도 거창군청,,2025-08-01,5470000,경상남도 거창군
개화마을,경상남도,거창군,경상남도 거창군 거창읍 개화2길 26-3,,35.69941373,127.9052914,,재활용쓰레기,경상남도 거창군청,,2025-08-01,5470000,경상남도 거창군
월륜교차로(수영강변3차e편한세상 방면),부산광역시,연제구,부산광역시 연제구 좌수영로 225,부산광역시 연제구 연산동 2317,35.183774,129.1137205,정류소번호 13180,재활용쓰레기,부산광역시 연제구청,051-665-4435,2025-08-01,3370000,부산광역시 연제구
월륜교차로(수영강변3차e편한세상 방면),부산광역시,연제구,부산광역시 연제구 좌수영로 225,부산광역시 연제구 연산동 2317,35.183774,129.1137205,정류소번호 13180,일반쓰레기,부산광역시 연제구청,051-665-4435,2025-08-01,3370000,부산광역시 연제구
경상대학교 정문(연산교차로 방면),부산광역시,연제구,부산광역시 연제구 과정로225번길 46,부산광역시 연제구 연산동 378-11,35.18621999,129.1004919,정류소번호 13073,재활용쓰레기,부산광역시 연제구청,051-665-4435,2025-08-01,3370000,부산광역시 연제구
경상대학교 정문(연산교차로 방면),부산광역시,연제구,부산광역시 연제구 과정로225번길 46,부산광역시 연제구 연산동 378-11,35.18621999,129.1004919,정류소번호 13073,일반쓰레기,부산광역시 연제구청,051-665-4435,2025-08-01,3370000,부산광역시 연제구
연산교차로(연일시장 방면),부산광역시,연제구,부산광역시 연제구 고분로 12,부산광역시 연제구 연산동 731-2,35.1856702,129.0835701,정류소번호 13118,재활용쓰레기,부산광역시 연제구청,051-665-4435,2025-08-01,3370000,부산광역시 연제구
연산교차로(연일시장 방면),부산광역시,연제구,부산광역시 연제구 고분로 12,부산광역시 연제구 연산동 731-2,35.1856702,129.0835701,정류소번호 13118,일반쓰레기,부산광역시 연제구청,051-665-4435,2025-08-01,3370000,부산광역시 연제구
연산초등학교(반도보라아파트 방면),부산광역시,연제구,부산광역시 연제구 월드컵대로 54,부산광역시 연제구 연산동 686-4,35.1793063,129.0848871,정류소번호 13113,재활용쓰레기,부산광역시 연제구청,051-665-4435,2025-08-01,3370000,부산광역시 연제구
연산초등학교(반도보라아파트 방면),부산광역시,연제구,부산광역시 연제구 월드컵대로 54,부산광역시 연제구 연산동 686-4,35.1793063,129.0848871,정류소번호 13113,일반쓰레기,부산광역시 연제구청,051-665-4435,2025-08-01,3370000,부산광역시 연제구
연제구청(신리삼거리 방면),부산광역시,연제구,부산광역시 연제구 연수로 96-1,부산광역시 연제구 연산동 844-56,35.17514394,129.0813938,정류소번호 13106,재활용쓰레기,부산광역시 연제구청,051-665-4435,2025-08-01,3370000,부산광역시 연제구
연제구청(신리삼거리 방면),부산광역시,연제구,부산광역시 연제구 연수로 96-1,부산광역시 연제구 연산동 844-56,35.17514394,129.0813938,정류소번호 13106,일반쓰레기,부산광역시 연제구청,051-665-4435,2025-08-01,3370000,부산광역시 연제구
한독아파트(신리삼거리 방면),부산광역시,연제구,부산광역시 연제구 연수로 177,부산광역시 연제구 연산동 1867-1,35.1743178,129.0901318,정류소번호 13100,재활용쓰레기,부산광역시 연제구청,051-665-4435,2025-08-01,3370000,부산광역시 연제구
한독아파트(신리삼거리 방면),부산광역시,연제구,부산광역시 연제구 연수로 177,부산광역시 연제구 연산동 1867-1,35.1743178,129.0901318,정류소번호 13100,일반쓰레기,부산광역시 연제구청,051-665-4435,2025-08-01,3370000,부산광역시 연제구
부산소방본부(망미주공아파트 방면),부산광역시,연제구,부산광역시 연제구 과정로 139-1,부산광역시 연제구 연산동 479-5,35.18391929,129.1069265,정류소번호 13085,재활용쓰레기,부산광역시 연제구청,051-665-4435,2025-08-01,3370000,부산광역시 연제구
부산소방본부(망미주공아파트 방면),부산광역시,연제구,부산광역시 연제구 과정로 139-1,부산광역시 연제구 연산동 479-5,35.18391929,129.1069265,정류소번호 13085,일반쓰레기,부산광역시 연제구청,051-665-4435,2025-08-01,3370000,부산광역시 연제구
태광아파트(부산소방본부 교통정보센터 방면),부산광역시,연제구,부산광역시 연제구 과정로 171,부산광역시 연제구 연산동 418-20,35.18669688,129.1069954,정류소번호 13080,재활용쓰레기,부산광역시 연제구청,051-665-4435,2025-08-01,3370000,부산광역시 연제구
태광아파트(부산소방본부 교통정보센터 방면),부산광역시,연제구,부산광역시 연제구 과정로 171,부산광역시 연제구 연산동 418-20,35.18669688,129.1069954,정류소번호 13080,일반쓰레기,부산광역시 연제구청,051-665-4435,2025-08-01,3370000,부산광역시 연제구
연산8치안센터(파크시티아파트 입구 방면),부산광역시,연제구,부산광역시 연제구 과정로 232-1,부산광역시 연제구 연산동 399-11,35.1878504,129.1018541,정류소번호 13074,재활용쓰레기,부산광역시 연제구청,051-665-4435,2025-08-01,3370000,부산광역시 연제구
연산8치안센터(파크시티아파트 입구 방면),부산광역시,연제구,부산광역시 연제구 과정로 232-1,부산광역시 연제구 연산동 399-11,35.1878504,129.1018541,정류소번호 13074,일반쓰레기,부산광역시 연제구청,051-665-4435,2025-08-01,3370000,부산광역시 연제구
법원검찰청 정문(연산교차로 방면),부산광역시,연제구,부산광역시 연제구 법원로 15,부산광역시 연제구 거제동 1501,35.19140319,129.0719757,정류소번호 13128,재활용쓰레기,부산광역시 연제구청,051-665-4435,2025-08-01,3370000,부산광역시 연제구
법원검찰청 정문(연산교차로 방면),부산광역시,연제구,부산광역시 연제구 법원로 15,부산광역시 연제구 거제동 1501,35.19140319,129.0719757,정류소번호 13128,일반쓰레기,부산광역시 연제구청,051-665-4435,2025-08-01,3370000,부산광역시 연제구
남문초등학교(연산교차로 방면),부산광역시,연제구,부산광역시 연제구 법원북로 34,부산광역시 연제구 거제동 1481,35.19242972,129.0711214,정류소번호 13140,재활용쓰레기,부산광역시 연제구청,051-665-4435,2025-08-01,3370000,부산광역시 연제구
남문초등학교(연산교차로 방면),부산광역시,연제구,부산광역시 연제구 법원북로 34,부산광역시 연제구 거제동 1481,35.19242972,129.0711214,정류소번호 13140,일반쓰레기,부산광역시 연제구청,051-665-4435,2025-08-01,3370000,부산광역시 연제구
사직실내수영장 역(사직동 방면),부산광역시,연제구,부산광역시 연제구 종합운동장로 28,부산광역시 연제구 거제동 897-24,35.1930722,129.0647759,정류소번호 13120,재활용쓰레기,부산광역시 연제구청,051-665-4435,2025-08-01,3370000,부산광역시 연제구
사직실내수영장 역(사직동 방면),부산광역시,연제구,부산광역시 연제구 종합운동장로 28,부산광역시 연제구 거제동 897-24,35.1930722,129.0647759,정류소번호 13120,일반쓰레기,부산광역시 연제구청,051-665-4435,2025-08-01,3370000,부산광역시 연제구
법원-검찰청(초읍 방면),부산광역시,연제구,부산광역시 연제구 월드컵대로 242,부산광역시 연제구 거제동 1044-29,35.1902413,129.070924,정류소번호 13018,재활용쓰레기,부산광역시 연제구청,051-665-4435,2025-08-01,3370000,부산광역시 연제구
법원-검찰청(초읍 방면),부산광역시,연제구,부산광역시 연제구 월드컵대로 242,부산광역시 연제구 거제동 1044-29,35.1902413,129.070924,정류소번호 13018,일반쓰레기,부산광역시 연제구청,051-665-4435,2025-08-01,3370000,부산광역시 연제구
유림아시아드아파트(하마정 방면),부산광역시,연제구,부산광역시 연제구 거제대로 123,부산광역시 연제구 거제동 676-1,35.18117042,129.0689964,정류소번호 13035,재활용쓰레기,부산광역시 연제구청,051-665-4435,2025-08-01,3370000,부산광역시 연제구
유림아시아드아파트(하마정 방면),부산광역시,연제구,부산광역시 연제구 거제대로 123,부산광역시 연제구 거제동 676-1,35.18117042,129.0689964,정류소번호 13035,일반쓰레기,부산광역시 연제구청,051-665-4435,2025-08-01,3370000,부산광역시 연제구
망미주공아파트(연산교차로 방면),부산광역시,연제구,부산광역시 연제구 과정로114번길 18-22,부산광역시 연제구 연산동117-30,35.18057556,129.1081694,정류소번호 13089,재활용쓰레기,부산광역시 연제구청,051-665-4435,2025-08-01,3370000,부산광역시 연제구
망미주공아파트(연산교차로 방면),부산광역시,연제구,부산광역시 연제구 과정로114번길 18-22,부산광역시 연제구 연산동117-30,35.18057556,129.1081694,정류소번호 13089,일반쓰레기,부산광역시 연제구청,051-665-4435,2025-08-01,3370000,부산광역시 연제구
토곡한양아파트(태광아파트 방면),부산광역시,연제구,부산광역시 연제구 과정로 191,부산광역시 연제구 연산동 405-10,35.18765939,129.1062969,정류소번호 13077,재활용쓰레기,부산광역시 연제구청,051-665-4435,2025-08-01,3370000,부산광역시 연제구
토곡한양아파트(태광아파트 방면),부산광역시,연제구,부산광역시 연제구 과정로 191,부산광역시 연제구 연산동 405-10,35.18765939,129.1062969,정류소번호 13077,일반쓰레기,부산광역시 연제구청,051-665-4435,2025-08-01,3370000,부산광역시 연제구
연천시장(안락교차로 방면),부산광역시,연제구,부산광역시 연제구 과정로 286,부산광역시 연제구 연산동 367-28,35.1884096,129.0962733,정류소번호 13070,재활용쓰레기,부산광역시 연제구청,051-665-4435,2025-08-01,3370000,부산광역시 연제구
연천시장(안락교차로 방면),부산광역시,연제구,부산광역시 연제구 과정로 286,부산광역시 연제구 연산동 367-28,35.1884096,129.0962733,정류소번호 13070,일반쓰레기,부산광역시 연제구청,051-665-4435,2025-08-01,3370000,부산광역시 연제구
경찰전직지원센터(연안교 방면),부산광역시,연제구,부산광역시 연제구 반송로 88,부산광역시 연제구 연산동 105-1,35.19095872,129.0893311,정류소번호 13060,재활용쓰레기,부산광역시 연제구청,051-665-4435,2025-08-01,3370000,부산광역시 연제구
경찰전직지원센터(연안교 방면),부산광역시,연제구,부산광역시 연제구 반송로 88,부산광역시 연제구 연산동 105-1,35.19095872,129.0893311,정류소번호 13060,일반쓰레기,부산광역시 연제구청,051-665-4435,2025-08-01,3370000,부산광역시 연제구
연산농협(과정사거리 방면),부산광역시,연제구,부산광역시 연제구 반송로 46,부산광역시 연제구 연산동 590-49,35.1887023,129.0853514,정류소번호 13057,재활용쓰레기,부산광역시 연제구청,051-665-4435,2025-08-01,3370000,부산광역시 연제구
연산농협(과정사거리 방면),부산광역시,연제구,부산광역시 연제구 반송로 46,부산광역시 연제구 연산동 590-49,35.1887023,129.0853514,정류소번호 13057,일반쓰레기,부산광역시 연제구청,051-665-4435,2025-08-01,3370000,부산광역시 연제구
연산교차로(시청 방면),부산광역시,연제구,부산광역시 연제구 반송로 17,부산광역시 연제구 연산동 723-29,35.18719468,129.0827007,정류소번호 13055,재활용쓰레기,부산광역시 연제구청,051-665-4435,2025-08-01,3370000,부산광역시 연제구
연산교차로(시청 방면),부산광역시,연제구,부산광역시 연제구 반송로 17,부산광역시 연제구 연산동 723-29,35.18719468,129.0827007,정류소번호 13055,일반쓰레기,부산광역시 연제구청,051-665-4435,2025-08-01,3370000,부산광역시 연제구
배산역(망미동 방면),부산광역시,연제구,부산광역시 연제구 연수로 224,부산광역시 연제구 연산동 1800-10,35.17336052,129.0951632,정류소번호 13094,재활용쓰레기,부산광역시 연제구청,051-665-4435,2025-08-01,3370000,부산광역시 연제구
배산역(망미동 방면),부산광역시,연제구,부산광역시 연제구 연수로 224,부산광역시 연제구 연산동 1800-10,35.17336052,129.0951632,정류소번호 13094,일반쓰레기,부산광역시 연제구청,051-665-4435,2025-08-01,3370000,부산광역시 연제구
연제구청(서면 방면),부산광역시,연제구,부산광역시 연제구 연수로 109-1,부산광역시 연제구 연산동 822-39,35.17531,129.0829234,정류소번호 13107,재활용쓰레기,부산광역시 연제구청,051-665-4435,2025-08-01,3370000,부산광역시 연제구
연제구청(서면 방면),부산광역시,연제구,부산광역시 연제구 연수로 109-1,부산광역시 연제구 연산동 822-39,35.17531,129.0829234,정류소번호 13107,일반쓰레기,부산광역시 연제구청,051-665-4435,2025-08-01,3370000,부산광역시 연제구
홈플러스(삼정그린아파트 방면),부산광역시,연제구,부산광역시 연제구 종합운동장로 7,부산광역시 연제구 거제동 1208,35.19126734,129.0620086,정류소번호 13176,재활용쓰레기,부산광역시 연제구청,051-665-4435,2025-08-01,3370000,부산광역시 연제구
홈플러스(삼정그린아파트 방면),부산광역시,연제구,부산광역시 연제구 종합운동장로 7,부산광역시 연제구 거제동 1208,35.19126734,129.0620086,정류소번호 13176,일반쓰레기,부산광역시 연제구청,051-665-4435,2025-08-01,3370000,부산광역시 연제구
반도보라아파트(신리삼거리 방면),부산광역시,연제구,부산광역시 연제구 월드컵대로 115,부산광역시 연제구 연산동 709-2,35.1845909,129.0821782,정류소번호 13117,재활용쓰레기,부산광역시 연제구청,051-665-4435,2025-08-01,3370000,부산광역시 연제구
반도보라아파트(신리삼거리 방면),부산광역시,연제구,부산광역시 연제구 월드컵대로 115,부산광역시 연제구 연산동 709-2,35.1845909,129.0821782,정류소번호 13117,일반쓰레기,부산광역시 연제구청,051-665-4435,2025-08-01,3370000,부산광역시 연제구
법원 검찰청(거제역)(동래 방면),부산광역시,연제구,부산광역시 연제구 거제대로 248,부산광역시 연제구 거제동 18-54,35.1891273,129.0752595,정류소번호 13012,재활용쓰레기,부산광역시 연제구청,051-665-4435,2025-08-01,3370000,부산광역시 연제구
법원 검찰청(거제역)(동래 방면),부산광역시,연제구,부산광역시 연제구 거제대로 248,부산광역시 연제구 거제동 18-54,35.1891273,129.0752595,정류소번호 13012,일반쓰레기,부산광역시 연제구청,051-665-4435,2025-08-01,3370000,부산광역시 연제구
거제해맞이역(경남아파트 방면),부산광역시,연제구,부산광역시 연제구 거제대로 160,부산광역시 연제구 거제동 585-35,35.18249618,129.0704417,정류소번호 13033,재활용쓰레기,부산광역시 연제구청,051-665-4435,2025-08-01,3370000,부산광역시 연제구
거제해맞이역(경남아파트 방면),부산광역시,연제구,부산광역시 연제구 거제대로 160,부산광역시 연제구 거제동 585-35,35.18249618,129.0704417,정류소번호 13033,일반쓰레기,부산광역시 연제구청,051-665-4435,2025-08-01,3370000,부산광역시 연제구
연산역(연산교차로 방면),부산광역시,연제구,부산광역시 연제구 월드컵대로 149,부산광역시 연제구 연산동 1241-5,35.18641176,129.0798929,정류소번호 13051,재활용쓰레기,부산광역시 연제구청,051-665-4435,2025-08-01,3370000,부산광역시 연제구
연산역(연산교차로 방면),부산광역시,연제구,부산광역시 연제구 월드컵대로 149,부산광역시 연제구 연산동 1241-5,35.18641176,129.0798929,정류소번호 13051,일반쓰레기,부산광역시 연제구청,051-665-4435,2025-08-01,3370000,부산광역시 연제구
연산역(사직운동장 방면),부산광역시,연제구,부산광역시 연제구 월드컵대로 144,부산광역시 연제구 연산동 1126-12,35.18667156,129.0806527,정류소번호 13151,재활용쓰레기,부산광역시 연제구청,051-665-4435,2025-08-01,3370000,부산광역시 연제구
연산역(사직운동장 방면),부산광역시,연제구,부산광역시 연제구 월드컵대로 144,부산광역시 연제구 연산동 1126-12,35.18667156,129.0806527,정류소번호 13151,일반쓰레기,부산광역시 연제구청,051-665-4435,2025-08-01,3370000,부산광역시 연제구
신리 삼거리(연산교차로 방면),부산광역시,연제구,부산광역시 연제구 월드컵대로 2,부산광역시 연제구 연산동 1916-10,35.17504688,129.0867222,정류소번호 13102,재활용쓰레기,부산광역시 연제구청,051-665-4435,2025-08-01,3370000,부산광역시 연제구
신리 삼거리(연산교차로 방면),부산광역시,연제구,부산광역시 연제구 월드컵대로 2,부산광역시 연제구 연산동 1916-10,35.17504688,129.0867222,정류소번호 13102,일반쓰레기,부산광역시 연제구청,051-665-4435,2025-08-01,3370000,부산광역시 연제구
법원 검찰청(거제역)(서면 방면),부산광역시,연제구,부산광역시 연제구 법원남로9번길 17,부산광역시 연제구 거제동 419-2,35.18951105,129.0742898,정류소번호 13137,재활용쓰레기,부산광역시 연제구청,051-665-4435,2025-08-01,3370000,부산광역시 연제구
법원 검찰청(거제역)(서면 방면),부산광역시,연제구,부산광역시 연제구 법원남로9번길 17,부산광역시 연제구 거제동 419-2,35.18951105,129.0742898,정류소번호 13137,일반쓰레기,부산광역시 연제구청,051-665-4435,2025-08-01,3370000,부산광역시 연제구
부산지방노동청(연제구청 방면),부산광역시,연제구,부산광역시 연제구 연제로 21,부산광역시 연제구 연산동 862,35.17684154,129.0770534,정류소번호 13041,재활용쓰레기,부산광역시 연제구청,051-665-4435,2025-08-01,3370000,부산광역시 연제구
한독아파트(배산역 방면),부산광역시,연제구,부산광역시 연제구 연수로 184,부산광역시 연제구 연산동 1873-70,35.17364431,129.0909816,정류소번호 13098,재활용쓰레기,부산광역시 연제구청,051-665-4435,2025-08-01,3370000,부산광역시 연제구
한독아파트(배산역 방면),부산광역시,연제구,부산광역시 연제구 연수로 184,부산광역시 연제구 연산동 1873-70,35.17364431,129.0909816,정류소번호 13098,일반쓰레기,부산광역시 연제구청,051-665-4435,2025-08-01,3370000,부산광역시 연제구
부산소방본부(과정사거리 방면),부산광역시,연제구,부산광역시 연제구 과정로 152,부산광역시 연제구 연산동 478-8,35.1850904,129.1074467,정류소번호 13082,재활용쓰레기,부산광역시 연제구청,051-665-4435,2025-08-01,3370000,부산광역시 연제구
부산소방본부(과정사거리 방면),부산광역시,연제구,부산광역시 연제구 과정로 152,부산광역시 연제구 연산동 478-8,35.1850904,129.1074467,정류소번호 13082,일반쓰레기,부산광역시 연제구청,051-665-4435,2025-08-01,3370000,부산광역시 연제구
부산경상대입구(연산8치안센터 방면),부산광역시,연제구,부산광역시 연제구 과정로 265,부산광역시 연제구 연산동 380-1,35.1877514,129.0981464,정류소번호 13071,재활용쓰레기,부산광역시 연제구청,051-665-4435,2025-08-01,3370000,부산광역시 연제구
부산경상대입구(연산8치안센터 방면),부산광역시,연제구,부산광역시 연제구 과정로 265,부산광역시 연제구 연산동 380-1,35.1877514,129.0981464,정류소번호 13071,일반쓰레기,부산광역시 연제구청,051-665-4435,2025-08-01,3370000,부산광역시 연제구
경남아파트 역(법원-검찰청 방면),부산광역시,연제구,부산광역시 연제구 거제대로214번길 6,부산광역시 연제구 거제동 38-45,35.18679429,129.0743716,정류소번호 13028,재활용쓰레기,부산광역시 연제구청,051-665-4435,2025-08-01,3370000,부산광역시 연제구
경남아파트 역(법원-검찰청 방면),부산광역시,연제구,부산광역시 연제구 거제대로214번길 6,부산광역시 연제구 거제동 38-45,35.18679429,129.0743716,정류소번호 13028,일반쓰레기,부산광역시 연제구청,051-665-4435,2025-08-01,3370000,부산광역시 연제구
현대쌍용아파트(남문초 방면),부산광역시,연제구,부산광역시 연제구 법원북로 16,부산광역시 연제구 거제동 1479,35.19254721,129.0681338,정류소번호 13141,재활용쓰레기,부산광역시 연제구청,051-665-4435,2025-08-01,3370000,부산광역시 연제구
현대쌍용아파트(남문초 방면),부산광역시,연제구,부산광역시 연제구 법원북로 16,부산광역시 연제구 거제동 1479,35.19254721,129.0681338,정류소번호 13141,일반쓰레기,부산광역시 연제구청,051-665-4435,2025-08-01,3370000,부산광역시 연제구
거제교회(거제리안동네 방면),부산광역시,연제구,부산광역시 연제구 아시아드대로 12,부산광역시 연제구 거제동 878-7,35.18661543,129.0703432,정류소번호 13024,재활용쓰레기,부산광역시 연제구청,051-665-4435,2025-08-01,3370000,부산광역시 연제구
거제교회(거제리안동네 방면),부산광역시,연제구,부산광역시 연제구 아시아드대로 12,부산광역시 연제구 거제동 878-7,35.18661543,129.0703432,정류소번호 13024,일반쓰레기,부산광역시 연제구청,051-665-4435,2025-08-01,3370000,부산광역시 연제구
연산8치안센터(광안동 방면),부산광역시,연제구,부산광역시 연제구 과정로 221,부산광역시 연제구 연산동 406-34,35.18753326,129.1030778,정류소번호 13075,재활용쓰레기,부산광역시 연제구청,051-665-4435,2025-08-01,3370000,부산광역시 연제구
연산8치안센터(광안동 방면),부산광역시,연제구,부산광역시 연제구 과정로 221,부산광역시 연제구 연산동 406-34,35.18753326,129.1030778,정류소번호 13075,일반쓰레기,부산광역시 연제구청,051-665-4435,2025-08-01,3370000,부산광역시 연제구
경동아파트(연안교 방면),부산광역시,연제구,부산광역시 연제구 과정로 340,부산광역시 연제구 연산동 307-40,35.1905374,129.0909692,정류소번호 13062,재활용쓰레기,부산광역시 연제구청,051-665-4435,2025-08-01,3370000,부산광역시 연제구
경동아파트(연안교 방면),부산광역시,연제구,부산광역시 연제구 과정로 340,부산광역시 연제구 연산동 307-40,35.1905374,129.0909692,정류소번호 13062,일반쓰레기,부산광역시 연제구청,051-665-4435,2025-08-01,3370000,부산광역시 연제구
경상대학교 정문(엘지아파트 방면),부산광역시,연제구,부산광역시 연제구 고분로 170,부산광역시 연제구 연산동 277-4,35.18542933,129.1009589,정류소번호 13156,재활용쓰레기,부산광역시 연제구청,051-665-4435,2025-08-01,3370000,부산광역시 연제구
경상대학교 정문(엘지아파트 방면),부산광역시,연제구,부산광역시 연제구 고분로 170,부산광역시 연제구 연산동 277-4,35.18542933,129.1009589,정류소번호 13156,일반쓰레기,부산광역시 연제구청,051-665-4435,2025-08-01,3370000,부산광역시 연제구
경찰전직지원센터(연산교차로 방면),부산광역시,연제구,부산광역시 연제구 반송로 89,부산광역시 연제구 연산동 582-1,35.19153806,129.0882804,정류소번호 13059,재활용쓰레기,부산광역시 연제구청,051-665-4435,2025-08-01,3370000,부산광역시 연제구
경찰전직지원센터(연산교차로 방면),부산광역시,연제구,부산광역시 연제구 반송로 89,부산광역시 연제구 연산동 582-1,35.19153806,129.0882804,정류소번호 13059,일반쓰레기,부산광역시 연제구청,051-665-4435,2025-08-01,3370000,부산광역시 연제구
연산교차로(안락교차로 방면),부산광역시,연제구,부산광역시 연제구 반송로 14,부산광역시 연제구 연산동 728-2,35.18678236,129.0828604,정류소번호 13056,재활용쓰레기,부산광역시 연제구청,051-665-4435,2025-08-01,3370000,부산광역시 연제구
연산교차로(안락교차로 방면),부산광역시,연제구,부산광역시 연제구 반송로 14,부산광역시 연제구 연산동 728-2,35.18678236,129.0828604,정류소번호 13056,일반쓰레기,부산광역시 연제구청,051-665-4435,2025-08-01,3370000,부산광역시 연제구
배산역(신리삼거리 방면),부산광역시,연제구,부산광역시 연제구 연수로 225,부산광역시 연제구 연산동 2121-16,35.1736676,129.0954932,정류소번호 13093,재활용쓰레기,부산광역시 연제구청,051-665-4435,2025-08-01,3370000,부산광역시 연제구
배산역(신리삼거리 방면),부산광역시,연제구,부산광역시 연제구 연수로 225,부산광역시 연제구 연산동 2121-16,35.1736676,129.0954932,정류소번호 13093,일반쓰레기,부산광역시 연제구청,051-665-4435,2025-08-01,3370000,부산광역시 연제구
거제해맞이역(서면 방면),부산광역시,연제구,부산광역시 연제구 거제대로 123,부산광역시 연제구 거제동 676-1,35.18117042,129.0689964,정류소번호 13031,재활용쓰레기,부산광역시 연제구청,051-665-4435,2025-08-01,3370000,부산광역시 연제구
거제해맞이역(서면 방면),부산광역시,연제구,부산광역시 연제구 거제대로 123,부산광역시 연제구 거제동 676-1,35.18117042,129.0689964,정류소번호 13031,일반쓰레기,부산광역시 연제구청,051-665-4435,2025-08-01,3370000,부산광역시 연제구
겸재로253-1,서울특별시,중랑구,서울특별시 중랑구 겸재로253-1,서울특별시 중랑구 망우동 526-32,37.59052839,127.095694,더샵팰리스,일반쓰레기,서울특별시 중랑구청,02-2094-1958,2025-08-25,3060000,서울특별시 중랑구
봉우재로70길 96,서울특별시,중랑구,서울특별시 중랑구 봉우재로70길 96,서울특별시 중랑구 망우동 530-3,37.59139552,127.0967468,유영상가 앞,일반쓰레기,서울특별시 중랑구청,02-2094-1958,2025-08-25,3060000,서울특별시 중랑구
겸재로 261,서울특별시,중랑구,서울특별시 중랑구 겸재로 261,서울특별시 중랑구 망우동 526-2,37.59075471,127.0966074,개성갈비 앞,일반쓰레기,서울특별시 중랑구청,02-2094-1958,2025-08-25,3060000,서울특별시 중랑구
봉우재로 240,서울특별시,중랑구,서울특별시 중랑구 봉우재로 240,서울특별시 중랑구 망우동 458-3,37.59530807,127.0993721,CU 앞,일반쓰레기,서울특별시 중랑구청,02-2094-1958,2025-08-25,3060000,서울특별시 중랑구
봉우재로 234,서울특별시,중랑구,서울특별시 중랑구 봉우재로 234,서울특별시 중랑구 망우동 460-1,37.59516913,127.0988755,연세 산돌병원 앞,일반쓰레기,서울특별시 중랑구청,02-2094-1958,2025-08-25,3060000,서울특별시 중랑구
용마산로96길 33,서울특별시,중랑구,서울특별시 중랑구 용마산로96길 33,서울특별시 중랑구 망우동 437-18,37.59005416,127.0992655,덕성떡집 앞,일반쓰레기,서울특별시 중랑구청,02-2094-1958,2025-08-25,3060000,서울특별시 중랑구
용마산로 488,서울특별시,중랑구,서울특별시 중랑구 용마산로 488,서울특별시 중랑구 망우동 410-8,37.59448255,127.0998237,명륜진사갈비 앞,일반쓰레기,서울특별시 중랑구청,02-2094-1958,2025-08-25,3060000,서울특별시 중랑구
용마산로 441번지,서울특별시,중랑구,서울특별시 중랑구 용마산로 441,서울특별시 중랑구 망우동 531-4,37.59084116,127.0973084,서원 중화요리 앞,일반쓰레기,서울특별시 중랑구청,02-2094-1958,2025-08-25,3060000,서울특별시 중랑구
상봉로 78,서울특별시,중랑구,서울특별시 중랑구 상봉로 78,서울특별시 중랑구 망우동 479-77,37.5928309,127.0935702,돌솥밥 기사식당 앞,일반쓰레기,서울특별시 중랑구청,02-2094-1958,2025-08-25,3060000,서울특별시 중랑구
상봉로 76,서울특별시,중랑구,서울특별시 중랑구 상봉로 76,서울특별시 중랑구 망우동 477-56,37.59260575,127.0935843,만나숯불 앞,일반쓰레기,서울특별시 중랑구청,02-2094-1958,2025-08-25,3060000,서울특별시 중랑구
상봉로 76,서울특별시,중랑구,서울특별시 중랑구 상봉로 76,서울특별시 중랑구 망우동 477-56,37.59260575,127.0935843,고기반 햄반 앞,일반쓰레기,서울특별시 중랑구청,02-2094-1958,2025-08-25,3060000,서울특별시 중랑구
용마산로 494,서울특별시,중랑구,서울특별시 중랑구 용마산로 494,서울특별시 중랑구 망우동 410-1,37.59497252,127.1002707,빛나는 바다횟집 앞,일반쓰레기,서울특별시 중랑구청,02-2094-1958,2025-08-25,3060000,서울특별시 중랑구
용마산로 480,서울특별시,중랑구,서울특별시 중랑구 용마산로 480,서울특별시 중랑구 망우동 411-3,37.59374966,127.0994248,임가네,일반쓰레기,서울특별시 중랑구청,02-2094-1958,2025-08-25,3060000,서울특별시 중랑구
용마산로 448,서울특별시,중랑구,서울특별시 중랑구 용마산로 448,서울특별시 중랑구 망우동 442-21,37.59115319,127.098052,참존 앞,일반쓰레기,서울특별시 중랑구청,02-2094-1958,2025-08-25,3060000,서울특별시 중랑구
용마공원로2길 7,서울특별시,중랑구,서울특별시 중랑구 용마공원로2길 7,서울특별시 중랑구 망우동 409-23,37.59450582,127.1005141,망우찜쌈밥 앞,일반쓰레기,서울특별시 중랑구청,02-2094-1958,2025-08-25,3060000,서울특별시 중랑구
용마공원로 455,서울특별시,중랑구,서울특별시 중랑구 용마공원로 455,,37.59274083,127.1018376,술술타임 앞,일반쓰레기,서울특별시 중랑구청,02-2094-1958,2025-08-25,3060000,서울특별시 중랑구
용마산로99길 9,서울특별시,중랑구,서울특별시 중랑구 용마산로99길 9,서울특별시 중랑구 망우동 531-24,37.59187831,127.0974317,GS25 앞,일반쓰레기,서울특별시 중랑구청,02-2094-1958,2025-08-25,3060000,서울특별시 중랑구
망우로 530-2,서울특별시,중랑구,서울특별시 중랑구 망우로 530-2,,37.59733286,127.0907978,샬롬 중화요리 앞,일반쓰레기,서울특별시 중랑구청,02-2094-1958,2025-08-25,3060000,서울특별시 중랑구
겸재로 263,서울특별시,중랑구,서울특별시 중랑구 겸재로 263,서울특별시 중랑구 망우동 531-35,37.59066591,127.0967783,전주식당 앞,일반쓰레기,서울특별시 중랑구청,02-2094-1958,2025-08-25,3060000,서울특별시 중랑구
사가정로51길 (30),서울특별시,중랑구,서울특별시 중랑구 사가정로51길,,37.58234425,127.0879116,사가정51길 골목형상점가,일반쓰레기,서울특별시 중랑구청,02-2094-1958,2025-08-25,3060000,서울특별시 중랑구
사가정로51길 (29),서울특별시,중랑구,서울특별시 중랑구 사가정로51길,,37.58234425,127.0879116,사가정51길 골목형상점가,일반쓰레기,서울특별시 중랑구청,02-2094-1958,2025-08-25,3060000,서울특별시 중랑구
사가정로51길 (28),서울특별시,중랑구,서울특별시 중랑구 사가정로51길,,37.58234425,127.0879116,사가정51길 골목형상점가,일반쓰레기,서울특별시 중랑구청,02-2094-1958,2025-08-25,3060000,서울특별시 중랑구
사가정로51길 (27),서울특별시,중랑구,서울특별시 중랑구 사가정로51길,,37.58234425,127.0879116,사가정51길 골목형상점가,일반쓰레기,서울특별시 중랑구청,02-2094-1958,2025-08-25,3060000,서울특별시 중랑구
사가정로51길 (26),서울특별시,중랑구,서울특별시 중랑구 사가정로51길,,37.58234425,127.0879116,사가정51길 골목형상점가,일반쓰레기,서울특별시 중랑구청,02-2094-1958,2025-08-25,3060000,서울특별시 중랑구
사가정로51길 (25),서울특별시,중랑구,서울특별시 중랑구 사가정로51길,,37.58234425,127.0879116,사가정51길 골목형상점가,일반쓰레기,서울특별시 중랑구청,02-2094-1958,2025-08-25,3060000,서울특별시 중랑구
사가정로51길 (24),서울특별시,중랑구,서울특별시 중랑구 사가정로51길,,37.58234425,127.0879116,사가정51길 골목형상점가,일반쓰레기,서울특별시 중랑구청,02-2094-1958,2025-08-25,3060000,서울특별시 중랑구
사가정로51길 (23),서울특별시,중랑구,서울특별시 중랑구 사가정로51길,,37.58234425,127.0879116,사가정51길 골목형상점가,일반쓰레기,서울특별시 중랑구청,02-2094-1958,2025-08-25,3060000,서울특별시 중랑구
사가정로51길 (22),서울특별시,중랑구,서울특별시 중랑구 사가정로51길,,37.58234425,127.0879116,사가정51길 골목형상점가,일반쓰레기,서울특별시 중랑구청,02-2094-1958,2025-08-25,3060000,서울특별시 중랑구
사가정로51길 (21),서울특별시,중랑구,서울특별시 중랑구 사가정로51길,,37.58234425,127.0879116,사가정51길 골목형상점가,일반쓰레기,서울특별시 중랑구청,02-2094-1958,2025-08-25,3060000,서울특별시 중랑구
사가정로51길 (20),서울특별시,중랑구,서울특별시 중랑구 사가정로51길,,37.58234425,127.0879116,사가정51길 골목형상점가,일반쓰레기,서울특별시 중랑구청,02-2094-1958,2025-08-25,3060000,서울특별시 중랑구
사가정로51길 (19),서울특별시,중랑구,서울특별시 중랑구 사가정로51길,,37.58234425,127.0879116,사가정51길 골목형상점가,일반쓰레기,서울특별시 중랑구청,02-2094-1958,2025-08-25,3060000,서울특별시 중랑구
사가정로51길 (18),서울특별시,중랑구,서울특별시 중랑구 사가정로51길,,37.58234425,127.0879116,사가정51길 골목형상점가,일반쓰레기,서울특별시 중랑구청,02-2094-1958,2025-08-25,3060000,서울특별시 중랑구
사가정로51길 (17),서울특별시,중랑구,서울특별시 중랑구 사가정로51길,,37.58234425,127.0879116,사가정51길 골목형상점가,일반쓰레기,서울특별시 중랑구청,02-2094-1958,2025-08-25,3060000,서울특별시 중랑구
사가정로51길 (16),서울특별시,중랑구,서울특별시 중랑구 사가정로51길,,37.58234425,127.0879116,사가정51길 골목형상점가,일반쓰레기,서울특별시 중랑구청,02-2094-1958,2025-08-25,3060000,서울특별시 중랑구
사가정로51길 (15),서울특별시,중랑구,서울특별시 중랑구 사가정로51길,,37.58234425,127.0879116,사가정51길 골목형상점가,일반쓰레기,서울특별시 중랑구청,02-2094-1958,2025-08-25,3060000,서울특별시 중랑구
사가정로51길 (14),서울특별시,중랑구,서울특별시 중랑구 사가정로51길,,37.58234425,127.0879116,사가정51길 골목형상점가,일반쓰레기,서울특별시 중랑구청,02-2094-1958,2025-08-25,3060000,서울특별시 중랑구
사가정로51길 (13),서울특별시,중랑구,서울특별시 중랑구 사가정로51길,,37.58234425,127.0879116,사가정51길 골목형상점가,일반쓰레기,서울특별시 중랑구청,02-2094-1958,2025-08-25,3060000,서울특별시 중랑구
사가정로51길 (12),서울특별시,중랑구,서울특별시 중랑구 사가정로51길,,37.58234425,127.0879116,사가정51길 골목형상점가,일반쓰레기,서울특별시 중랑구청,02-2094-1958,2025-08-25,3060000,서울특별시 중랑구
사가정로51길 (11),서울특별시,중랑구,서울특별시 중랑구 사가정로51길,,37.58234425,127.0879116,사가정51길 골목형상점가,일반쓰레기,서울특별시 중랑구청,02-2094-1958,2025-08-25,3060000,서울특별시 중랑구
사가정로51길 (10),서울특별시,중랑구,서울특별시 중랑구 사가정로51길,,37.58234425,127.0879116,사가정51길 골목형상점가,일반쓰레기,서울특별시 중랑구청,02-2094-1958,2025-08-25,3060000,서울특별시 중랑구
사가정로51길 (9),서울특별시,중랑구,서울특별시 중랑구 사가정로51길,,37.58234425,127.0879116,사가정51길 골목형상점가,일반쓰레기,서울특별시 중랑구청,02-2094-1958,2025-08-25,3060000,서울특별시 중랑구
사가정로51길 (8),서울특별시,중랑구,서울특별시 중랑구 사가정로51길,,37.58234425,127.0879116,사가정51길 골목형상점가,일반쓰레기,서울특별시 중랑구청,02-2094-1958,2025-08-25,3060000,서울특별시 중랑구
사가정로51길 (7),서울특별시,중랑구,서울특별시 중랑구 사가정로51길,,37.58234425,127.0879116,사가정51길 골목형상점가,일반쓰레기,서울특별시 중랑구청,02-2094-1958,2025-08-25,3060000,서울특별시 중랑구
사가정로51길 (6),서울특별시,중랑구,서울특별시 중랑구 사가정로51길,,37.58234425,127.0879116,사가정51길 골목형상점가,일반쓰레기,서울특별시 중랑구청,02-2094-1958,2025-08-25,3060000,서울특별시 중랑구
사가정로51길 (5),서울특별시,중랑구,서울특별시 중랑구 사가정로51길,,37.58234425,127.0879116,사가정51길 골목형상점가,일반쓰레기,서울특별시 중랑구청,02-2094-1958,2025-08-25,3060000,서울특별시 중랑구
사가정로51길 (4),서울특별시,중랑구,서울특별시 중랑구 사가정로51길,,37.58234425,127.0879116,사가정51길 골목형상점가,일반쓰레기,서울특별시 중랑구청,02-2094-1958,2025-08-25,3060000,서울특별시 중랑구
사가정로51길 (3),서울특별시,중랑구,서울특별시 중랑구 사가정로51길,,37.58234425,127.0879116,사가정51길 골목형상점가,일반쓰레기,서울특별시 중랑구청,02-2094-1958,2025-08-25,3060000,서울특별시 중랑구
사가정로51길 (2),서울특별시,중랑구,서울특별시 중랑구 사가정로51길,,37.58234425,127.0879116,사가정51길 골목형상점가,일반쓰레기,서울특별시 중랑구청,02-2094-1958,2025-08-25,3060000,서울특별시 중랑구
사가정로51길 (1),서울특별시,중랑구,서울특별시 중랑구 사가정로51길,,37.58234425,127.0879116,사가정51길 골목형상점가,일반쓰레기,서울특별시 중랑구청,02-2094-1958,2025-08-25,3060000,서울특별시 중랑구
동일로163길 (30),서울특별시,중랑구,서울특별시 중랑구 동일로163길,,37.6118209,127.0756028,장미꽃빛거리 골목형상점가,일반쓰레기,서울특별시 중랑구청,02-2094-1958,2025-08-25,3060000,서울특별시 중랑구
동일로163길 (29),서울특별시,중랑구,서울특별시 중랑구 동일로163길,,37.6118209,127.0756028,장미꽃빛거리 골목형상점가,일반쓰레기,서울특별시 중랑구청,02-2094-1958,2025-08-25,3060000,서울특별시 중랑구
동일로163길 (28),서울특별시,중랑구,서울특별시 중랑구 동일로163길,,37.6118209,127.0756028,장미꽃빛거리 골목형상점가,일반쓰레기,서울특별시 중랑구청,02-2094-1958,2025-08-25,3060000,서울특별시 중랑구
동일로163길 (27),서울특별시,중랑구,서울특별시 중랑구 동일로163길,,37.6118209,127.0756028,장미꽃빛거리 골목형상점가,일반쓰레기,서울특별시 중랑구청,02-2094-1958,2025-08-25,3060000,서울특별시 중랑구
동일로163길 (26),서울특별시,중랑구,서울특별시 중랑구 동일로163길,,37.6118209,127.0756028,장미꽃빛거리 골목형상점가,일반쓰레기,서울특별시 중랑구청,02-2094-1958,2025-08-25,3060000,서울특별시 중랑구
동일로163길 (25),서울특별시,중랑구,서울특별시 중랑구 동일로163길,,37.6118209,127.0756028,장미꽃빛거리 골목형상점가,일반쓰레기,서울특별시 중랑구청,02-2094-1958,2025-08-25,3060000,서울특별시 중랑구
동일로163길 (24),서울특별시,중랑구,서울특별시 중랑구 동일로163길,,37.6118209,127.0756028,장미꽃빛거리 골목형상점가,일반쓰레기,서울특별시 중랑구청,02-2094-1958,2025-08-25,3060000,서울특별시 중랑구
동일로163길 (23),서울특별시,중랑구,서울특별시 중랑구 동일로163길,,37.6118209,127.0756028,장미꽃빛거리 골목형상점가,일반쓰레기,서울특별시 중랑구청,02-2094-1958,2025-08-25,3060000,서울특별시 중랑구
동일로163길 (22),서울특별시,중랑구,서울특별시 중랑구 동일로163길,,37.6118209,127.0756028,장미꽃빛거리 골목형상점가,일반쓰레기,서울특별시 중랑구청,02-2094-1958,2025-08-25,3060000,서울특별시 중랑구
동일로163길 (21),서울특별시,중랑구,서울특별시 중랑구 동일로163길,,37.6118209,127.0756028,장미꽃빛거리 골목형상점가,일반쓰레기,서울특별시 중랑구청,02-2094-1958,2025-08-25,3060000,서울특별시 중랑구
동일로163길 (20),서울특별시,중랑구,서울특별시 중랑구 동일로163길,,37.6118209,127.0756028,장미꽃빛거리 골목형상점가,일반쓰레기,서울특별시 중랑구청,02-2094-1958,2025-08-25,3060000,서울특별시 중랑구
동일로163길 (19),서울특별시,중랑구,서울특별시 중랑구 동일로163길,,37.6118209,127.0756028,장미꽃빛거리 골목형상점가,일반쓰레기,서울특별시 중랑구청,02-2094-1958,2025-08-25,3060000,서울특별시 중랑구
동일로163길 (18),서울특별시,중랑구,서울특별시 중랑구 동일로163길,,37.6118209,127.0756028,장미꽃빛거리 골목형상점가,일반쓰레기,서울특별시 중랑구청,02-2094-1958,2025-08-25,3060000,서울특별시 중랑구
동일로163길 (17),서울특별시,중랑구,서울특별시 중랑구 동일로163길,,37.6118209,127.0756028,장미꽃빛거리 골목형상점가,일반쓰레기,서울특별시 중랑구청,02-2094-1958,2025-08-25,3060000,서울특별시 중랑구
동일로163길 (16),서울특별시,중랑구,서울특별시 중랑구 동일로163길,,37.6118209,127.0756028,장미꽃빛거리 골목형상점가,일반쓰레기,서울특별시 중랑구청,02-2094-1958,2025-08-25,3060000,서울특별시 중랑구
동일로163길 (15),서울특별시,중랑구,서울특별시 중랑구 동일로163길,,37.6118209,127.0756028,장미꽃빛거리 골목형상점가,일반쓰레기,서울특별시 중랑구청,02-2094-1958,2025-08-25,3060000,서울특별시 중랑구
동일로163길 (14),서울특별시,중랑구,서울특별시 중랑구 동일로163길,,37.6118209,127.0756028,장미꽃빛거리 골목형상점가,일반쓰레기,서울특별시 중랑구청,02-2094-1958,2025-08-25,3060000,서울특별시 중랑구
동일로163길 (13),서울특별시,중랑구,서울특별시 중랑구 동일로163길,,37.6118209,127.0756028,장미꽃빛거리 골목형상점가,일반쓰레기,서울특별시 중랑구청,02-2094-1958,2025-08-25,3060000,서울특별시 중랑구
동일로163길 (12),서울특별시,중랑구,서울특별시 중랑구 동일로163길,,37.6118209,127.0756028,장미꽃빛거리 골목형상점가,일반쓰레기,서울특별시 중랑구청,02-2094-1958,2025-08-25,3060000,서울특별시 중랑구
동일로163길 (11),서울특별시,중랑구,서울특별시 중랑구 동일로163길,,37.6118209,127.0756028,장미꽃빛거리 골목형상점가,일반쓰레기,서울특별시 중랑구청,02-2094-1958,2025-08-25,3060000,서울특별시 중랑구
동일로163길 (10),서울특별시,중랑구,서울특별시 중랑구 동일로163길,,37.6118209,127.0756028,장미꽃빛거리 골목형상점가,일반쓰레기,서울특별시 중랑구청,02-2094-1958,2025-08-25,3060000,서울특별시 중랑구
동일로163길 (9),서울특별시,중랑구,서울특별시 중랑구 동일로163길,,37.6118209,127.0756028,장미꽃빛거리 골목형상점가,일반쓰레기,서울특별시 중랑구청,02-2094-1958,2025-08-25,3060000,서울특별시 중랑구
동일로163길 (8),서울특별시,중랑구,서울특별시 중랑구 동일로163길,,37.6118209,127.0756028,장미꽃빛거리 골목형상점가,일반쓰레기,서울특별시 중랑구청,02-2094-1958,2025-08-25,3060000,서울특별시 중랑구
동일로163길 (7),서울특별시,중랑구,서울특별시 중랑구 동일로163길,,37.6118209,127.0756028,장미꽃빛거리 골목형상점가,일반쓰레기,서울특별시 중랑구청,02-2094-1958,2025-08-25,3060000,서울특별시 중랑구
동일로163길 (6),서울특별시,중랑구,서울특별시 중랑구 동일로163길,,37.6118209,127.0756028,장미꽃빛거리 골목형상점가,일반쓰레기,서울특별시 중랑구청,02-2094-1958,2025-08-25,3060000,서울특별시 중랑구
동일로163길 (5),서울특별시,중랑구,서울특별시 중랑구 동일로163길,,37.6118209,127.0756028,장미꽃빛거리 골목형상점가,일반쓰레기,서울특별시 중랑구청,02-2094-1958,2025-08-25,3060000,서울특별시 중랑구
동일로163길 (4),서울특별시,중랑구,서울특별시 중랑구 동일로163길,,37.6118209,127.0756028,장미꽃빛거리 골목형상점가,일반쓰레기,서울특별시 중랑구청,02-2094-1958,2025-08-25,3060000,서울특별시 중랑구
동일로163길 (3),서울특별시,중랑구,서울특별시 중랑구 동일로163길,,37.6118209,127.0756028,장미꽃빛거리 골목형상점가,일반쓰레기,서울특별시 중랑구청,02-2094-1958,2025-08-25,3060000,서울특별시 중랑구
동일로163길 (2),서울특별시,중랑구,서울특별시 중랑구 동일로163길,,37.6118209,127.0756028,장미꽃빛거리 골목형상점가,일반쓰레기,서울특별시 중랑구청,02-2094-1958,2025-08-25,3060000,서울특별시 중랑구
동일로163길 (1),서울특별시,중랑구,서울특별시 중랑구 동일로163길,,37.6118209,127.0756028,장미꽃빛거리 골목형상점가,일반쓰레기,서울특별시 중랑구청,02-2094-1958,2025-08-25,3060000,서울특별시 중랑구
상봉2동 (5),서울특별시,중랑구,,서울특별시 중랑구 상봉동,37.59412924,127.0843255,상봉2동 일대,일반쓰레기,서울특별시 중랑구청,02-2094-1958,2025-08-25,3060000,서울특별시 중랑구
상봉2동 (4),서울특별시,중랑구,,서울특별시 중랑구 상봉동,37.59412924,127.0843255,상봉2동 일대,일반쓰레기,서울특별시 중랑구청,02-2094-1958,2025-08-25,3060000,서울특별시 중랑구
상봉2동 (3),서울특별시,중랑구,,서울특별시 중랑구 상봉동,37.59412924,127.0843255,상봉2동 일대,일반쓰레기,서울특별시 중랑구청,02-2094-1958,2025-08-25,3060000,서울특별시 중랑구
상봉2동 (2),서울특별시,중랑구,,서울특별시 중랑구 상봉동,37.59412924,127.0843255,상봉2동 일대,일반쓰레기,서울특별시 중랑구청,02-2094-1958,2025-08-25,3060000,서울특별시 중랑구
상봉2동 (1),서울특별시,중랑구,,서울특별시 중랑구 상봉동,37.59412924,127.0843255,상봉2동 일대,일반쓰레기,서울특별시 중랑구청,02-2094-1958,2025-08-25,3060000,서울특별시 중랑구
"봉우재로33길, 봉우재로43길, 망우로50길 (80)",서울특별시,중랑구,"서울특별시 중랑구 봉우재로33길, 봉우재로43길, 망우로50길",,37.59463947,127.0885545,상봉먹자골목형상점가,일반쓰레기,서울특별시 중랑구청,02-2094-1958,2025-08-25,3060000,서울특별시 중랑구
"봉우재로33길, 봉우재로43길, 망우로50길 (79)",서울특별시,중랑구,"서울특별시 중랑구 봉우재로33길, 봉우재로43길, 망우로50길",,37.59463947,127.0885545,상봉먹자골목형상점가,일반쓰레기,서울특별시 중랑구청,02-2094-1958,2025-08-25,3060000,서울특별시 중랑구
"봉우재로33길, 봉우재로43길, 망우로50길 (78)",서울특별시,중랑구,"서울특별시 중랑구 봉우재로33길, 봉우재로43길, 망우로50길",,37.59463947,127.0885545,상봉먹자골목형상점가,일반쓰레기,서울특별시 중랑구청,02-2094-1958,2025-08-25,3060000,서울특별시 중랑구
"봉우재로33길, 봉우재로43길, 망우로50길 (77)",서울특별시,중랑구,"서울특별시 중랑구 봉우재로33길, 봉우재로43길, 망우로50길",,37.59463947,127.0885545,상봉먹자골목형상점가,일반쓰레기,서울특별시 중랑구청,02-2094-1958,2025-08-25,3060000,서울특별시 중랑구
"봉우재로33길, 봉우재로43길, 망우로50길 (76)",서울특별시,중랑구,"서울특별시 중랑구 봉우재로33길, 봉우재로43길, 망우로50길",,37.59463947,127.0885545,상봉먹자골목형상점가,일반쓰레기,서울특별시 중랑구청,02-2094-1958,2025-08-25,3060000,서울특별시 중랑구
"봉우재로33길, 봉우재로43길, 망우로50길 (75)",서울특별시,중랑구,"서울특별시 중랑구 봉우재로33길, 봉우재로43길, 망우로50길",,37.59463947,127.0885545,상봉먹자골목형상점가,일반쓰레기,서울특별시 중랑구청,02-2094-1958,2025-08-25,3060000,서울특별시 중랑구
"봉우재로33길, 봉우재로43길, 망우로50길 (74)",서울특별시,중랑구,"서울특별시 중랑구 봉우재로33길, 봉우재로43길, 망우로50길",,37.59463947,127.0885545,상봉먹자골목형상점가,일반쓰레기,서울특별시 중랑구청,02-2094-1958,2025-08-25,3060000,서울특별시 중랑구
"봉우재로33길, 봉우재로43길, 망우로50길 (73)",서울특별시,중랑구,"서울특별시 중랑구 봉우재로33길, 봉우재로43길, 망우로50길",,37.59463947,127.0885545,상봉먹자골목형상점가,일반쓰레기,서울특별시 중랑구청,02-2094-1958,2025-08-25,3060000,서울특별시 중랑구
"봉우재로33길, 봉우재로43길, 망우로50길 (72)",서울특별시,중랑구,"서울특별시 중랑구 봉우재로33길, 봉우재로43길, 망우로50길",,37.59463947,127.0885545,상봉먹자골목형상점가,일반쓰레기,서울특별시 중랑구청,02-2094-1958,2025-08-25,3060000,서울특별시 중랑구
"봉우재로33길, 봉우재로43길, 망우로50길 (71)",서울특별시,중랑구,"서울특별시 중랑구 봉우재로33길, 봉우재로43길, 망우로50길",,37.59463947,127.0885545,상봉먹자골목형상점가,일반쓰레기,서울특별시 중랑구청,02-2094-1958,2025-08-25,3060000,서울특별시 중랑구
겸재로,서울특별시,중랑구,서울특별시 중랑구 겸재로,,37.58822911,127.0868774,겸재로 129 명동 당구장,일반쓰레기,서울특별시 중랑구청,02-2094-1958,2025-08-25,3060000,서울특별시 중랑구
상봉로 134 (2),서울특별시,중랑구,서울특별시 중랑구 상봉로 134,서울특별시 중랑구 망우동 564-5,37.59806114,127.0932713,삼부주상복합,일반쓰레기,서울특별시 중랑구청,02-2094-1958,2025-08-25,3060000,서울특별시 중랑구
상봉로 134 (1),서울특별시,중랑구,서울특별시 중랑구 상봉로 134,서울특별시 중랑구 망우동 564-5,37.59806114,127.0932713,삼부주상복합,일반쓰레기,서울특별시 중랑구청,02-2094-1958,2025-08-25,3060000,서울특별시 중랑구
"봉우재로33길, 봉우재로43길, 망우로50길 (70)",서울특별시,중랑구,"서울특별시 중랑구 봉우재로33길, 봉우재로43길, 망우로50길",,37.59463947,127.0885545,상봉먹자골목형상점가,일반쓰레기,서울특별시 중랑구청,02-2094-1958,2025-08-25,3060000,서울특별시 중랑구
"봉우재로33길, 봉우재로43길, 망우로50길 (69)",서울특별시,중랑구,"서울특별시 중랑구 봉우재로33길, 봉우재로43길, 망우로50길",,37.59463947,127.0885545,상봉먹자골목형상점가,일반쓰레기,서울특별시 중랑구청,02-2094-1958,2025-08-25,3060000,서울특별시 중랑구
"봉우재로33길, 봉우재로43길, 망우로50길 (68)",서울특별시,중랑구,"서울특별시 중랑구 봉우재로33길, 봉우재로43길, 망우로50길",,37.59463947,127.0885545,상봉먹자골목형상점가,일반쓰레기,서울특별시 중랑구청,02-2094-1958,2025-08-25,3060000,서울특별시 중랑구
"봉우재로33길, 봉우재로43길, 망우로50길 (67)",서울특별시,중랑구,"서울특별시 중랑구 봉우재로33길, 봉우재로43길, 망우로50길",,37.59463947,127.0885545,상봉먹자골목형상점가,일반쓰레기,서울특별시 중랑구청,02-2094-1958,2025-08-25,3060000,서울특별시 중랑구
"봉우재로33길, 봉우재로43길, 망우로50길 (66)",서울특별시,중랑구,"서울특별시 중랑구 봉우재로33길, 봉우재로43길, 망우로50길",,37.59463947,127.0885545,상봉먹자골목형상점가,일반쓰레기,서울특별시 중랑구청,02-2094-1958,2025-08-25,3060000,서울특별시 중랑구
"봉우재로33길, 봉우재로43길, 망우로50길 (65)",서울특별시,중랑구,"서울특별시 중랑구 봉우재로33길, 봉우재로43길, 망우로50길",,37.59463947,127.0885545,상봉먹자골목형상점가,일반쓰레기,서울특별시 중랑구청,02-2094-1958,2025-08-25,3060000,서울특별시 중랑구
"봉우재로33길, 봉우재로43길, 망우로50길 (64)",서울특별시,중랑구,"서울특별시 중랑구 봉우재로33길, 봉우재로43길, 망우로50길",,37.59463947,127.0885545,상봉먹자골목형상점가,일반쓰레기,서울특별시 중랑구청,02-2094-1958,2025-08-25,3060000,서울특별시 중랑구
"봉우재로33길, 봉우재로43길, 망우로50길 (63)",서울특별시,중랑구,"서울특별시 중랑구 봉우재로33길, 봉우재로43길, 망우로50길",,37.59463947,127.0885545,상봉먹자골목형상점가,일반쓰레기,서울특별시 중랑구청,02-2094-1958,2025-08-25,3060000,서울특별시 중랑구
"봉우재로33길, 봉우재로43길, 망우로50길 (62)",서울특별시,중랑구,"서울특별시 중랑구 봉우재로33길, 봉우재로43길, 망우로50길",,37.59463947,127.0885545,상봉먹자골목형상점가,일반쓰레기,서울특별시 중랑구청,02-2094-1958,2025-08-25,3060000,서울특별시 중랑구
"봉우재로33길, 봉우재로43길, 망우로50길 (61)",서울특별시,중랑구,"서울특별시 중랑구 봉우재로33길, 봉우재로43길, 망우로50길",,37.59463947,127.0885545,상봉먹자골목형상점가,일반쓰레기,서울특별시 중랑구청,02-2094-1958,2025-08-25,3060000,서울특별시 중랑구
"봉우재로33길, 봉우재로43길, 망우로50길 (60)",서울특별시,중랑구,"서울특별시 중랑구 봉우재로33길, 봉우재로43길, 망우로50길",,37.59463947,127.0885545,상봉먹자골목형상점가,일반쓰레기,서울특별시 중랑구청,02-2094-1958,2025-08-25,3060000,서울특별시 중랑구
"봉우재로33길, 봉우재로43길, 망우로50길 (59)",서울특별시,중랑구,"서울특별시 중랑구 봉우재로33길, 봉우재로43길, 망우로50길",,37.59463947,127.0885545,상봉먹자골목형상점가,일반쓰레기,서울특별시 중랑구청,02-2094-1958,2025-08-25,3060000,서울특별시 중랑구
"봉우재로33길, 봉우재로43길, 망우로50길 (58)",서울특별시,중랑구,"서울특별시 중랑구 봉우재로33길, 봉우재로43길, 망우로50길",,37.59463947,127.0885545,상봉먹자골목형상점가,일반쓰레기,서울특별시 중랑구청,02-2094-1958,2025-08-25,3060000,서울특별시 중랑구
"봉우재로33길, 봉우재로43길, 망우로50길 (57)",서울특별시,중랑구,"서울특별시 중랑구 봉우재로33길, 봉우재로43길, 망우로50길",,37.59463947,127.0885545,상봉먹자골목형상점가,일반쓰레기,서울특별시 중랑구청,02-2094-1958,2025-08-25,3060000,서울특별시 중랑구
"봉우재로33길, 봉우재로43길, 망우로50길 (56)",서울특별시,중랑구,"서울특별시 중랑구 봉우재로33길, 봉우재로43길, 망우로50길",,37.59463947,127.0885545,상봉먹자골목형상점가,일반쓰레기,서울특별시 중랑구청,02-2094-1958,2025-08-25,3060000,서울특별시 중랑구
"봉우재로33길, 봉우재로43길, 망우로50길 (55)",서울특별시,중랑구,"서울특별시 중랑구 봉우재로33길, 봉우재로43길, 망우로50길",,37.59463947,127.0885545,상봉먹자골목형상점가,일반쓰레기,서울특별시 중랑구청,02-2094-1958,2025-08-25,3060000,서울특별시 중랑구
"봉우재로33길, 봉우재로43길, 망우로50길 (54)",서울특별시,중랑구,"서울특별시 중랑구 봉우재로33길, 봉우재로43길, 망우로50길",,37.59463947,127.0885545,상봉먹자골목형상점가,일반쓰레기,서울특별시 중랑구청,02-2094-1958,2025-08-25,3060000,서울특별시 중랑구
"봉우재로33길, 봉우재로43길, 망우로50길 (53)",서울특별시,중랑구,"서울특별시 중랑구 봉우재로33길, 봉우재로43길, 망우로50길",,37.59463947,127.0885545,상봉먹자골목형상점가,일반쓰레기,서울특별시 중랑구청,02-2094-1958,2025-08-25,3060000,서울특별시 중랑구
"봉우재로33길, 봉우재로43길, 망우로50길 (52)",서울특별시,중랑구,"서울특별시 중랑구 봉우재로33길, 봉우재로43길, 망우로50길",,37.59463947,127.0885545,상봉먹자골목형상점가,일반쓰레기,서울특별시 중랑구청,02-2094-1958,2025-08-25,3060000,서울특별시 중랑구
"봉우재로33길, 봉우재로43길, 망우로50길 (51)",서울특별시,중랑구,"서울특별시 중랑구 봉우재로33길, 봉우재로43길, 망우로50길",,37.59463947,127.0885545,상봉먹자골목형상점가,일반쓰레기,서울특별시 중랑구청,02-2094-1958,2025-08-25,3060000,서울특별시 중랑구
"봉우재로33길, 봉우재로43길, 망우로50길 (50)",서울특별시,중랑구,"서울특별시 중랑구 봉우재로33길, 봉우재로43길, 망우로50길",,37.59463947,127.0885545,상봉먹자골목형상점가,일반쓰레기,서울특별시 중랑구청,02-2094-1958,2025-08-25,3060000,서울특별시 중랑구
"봉우재로33길, 봉우재로43길, 망우로50길 (49)",서울특별시,중랑구,"서울특별시 중랑구 봉우재로33길, 봉우재로43길, 망우로50길",,37.59463947,127.0885545,상봉먹자골목형상점가,일반쓰레기,서울특별시 중랑구청,02-2094-1958,2025-08-25,3060000,서울특별시 중랑구
"봉우재로33길, 봉우재로43길, 망우로50길 (48)",서울특별시,중랑구,"서울특별시 중랑구 봉우재로33길, 봉우재로43길, 망우로50길",,37.59463947,127.0885545,상봉먹자골목형상점가,일반쓰레기,서울특별시 중랑구청,02-2094-1958,2025-08-25,3060000,서울특별시 중랑구
"봉우재로33길, 봉우재로43길, 망우로50길 (47)",서울특별시,중랑구,"서울특별시 중랑구 봉우재로33길, 봉우재로43길, 망우로50길",,37.59463947,127.0885545,상봉먹자골목형상점가,일반쓰레기,서울특별시 중랑구청,02-2094-1958,2025-08-25,3060000,서울특별시 중랑구
"봉우재로33길, 봉우재로43길, 망우로50길 (46)",서울특별시,중랑구,"서울특별시 중랑구 봉우재로33길, 봉우재로43길, 망우로50길",,37.59463947,127.0885545,상봉먹자골목형상점가,일반쓰레기,서울특별시 중랑구청,02-2094-1958,2025-08-25,3060000,서울특별시 중랑구
"봉우재로33길, 봉우재로43길, 망우로50길 (45)",서울특별시,중랑구,"서울특별시 중랑구 봉우재로33길, 봉우재로43길, 망우로50길",,37.59463947,127.0885545,상봉먹자골목형상점가,일반쓰레기,서울특별시 중랑구청,02-2094-1958,2025-08-25,3060000,서울특별시 중랑구
"봉우재로33길, 봉우재로43길, 망우로50길 (44)",서울특별시,중랑구,"서울특별시 중랑구 봉우재로33길, 봉우재로43길, 망우로50길",,37.59463947,127.0885545,상봉먹자골목형상점가,일반쓰레기,서울특별시 중랑구청,02-2094-1958,2025-08-25,3060000,서울특별시 중랑구
"봉우재로33길, 봉우재로43길, 망우로50길 (43)",서울특별시,중랑구,"서울특별시 중랑구 봉우재로33길, 봉우재로43길, 망우로50길",,37.59463947,127.0885545,상봉먹자골목형상점가,일반쓰레기,서울특별시 중랑구청,02-2094-1958,2025-08-25,3060000,서울특별시 중랑구
"봉우재로33길, 봉우재로43길, 망우로50길 (42)",서울특별시,중랑구,"서울특별시 중랑구 봉우재로33길, 봉우재로43길, 망우로50길",,37.59463947,127.0885545,상봉먹자골목형상점가,일반쓰레기,서울특별시 중랑구청,02-2094-1958,2025-08-25,3060000,서울특별시 중랑구
"봉우재로33길, 봉우재로43길, 망우로50길 (41)",서울특별시,중랑구,"서울특별시 중랑구 봉우재로33길, 봉우재로43길, 망우로50길",,37.59463947,127.0885545,상봉먹자골목형상점가,일반쓰레기,서울특별시 중랑구청,02-2094-1958,2025-08-25,3060000,서울특별시 중랑구
"봉우재로33길, 봉우재로43길, 망우로50길 (40)",서울특별시,중랑구,"서울특별시 중랑구 봉우재로33길, 봉우재로43길, 망우로50길",,37.59463947,127.0885545,상봉먹자골목형상점가,일반쓰레기,서울특별시 중랑구청,02-2094-1958,2025-08-25,3060000,서울특별시 중랑구
"봉우재로33길, 봉우재로43길, 망우로50길 (39)",서울특별시,중랑구,"서울특별시 중랑구 봉우재로33길, 봉우재로43길, 망우로50길",,37.59463947,127.0885545,상봉먹자골목형상점가,일반쓰레기,서울특별시 중랑구청,02-2094-1958,2025-08-25,3060000,서울특별시 중랑구
"봉우재로33길, 봉우재로43길, 망우로50길 (38)",서울특별시,중랑구,"서울특별시 중랑구 봉우재로33길, 봉우재로43길, 망우로50길",,37.59463947,127.0885545,상봉먹자골목형상점가,일반쓰레기,서울특별시 중랑구청,02-2094-1958,2025-08-25,3060000,서울특별시 중랑구
"봉우재로33길, 봉우재로43길, 망우로50길 (37)",서울특별시,중랑구,"서울특별시 중랑구 봉우재로33길, 봉우재로43길, 망우로50길",,37.59463947,127.0885545,상봉먹자골목형상점가,일반쓰레기,서울특별시 중랑구청,02-2094-1958,2025-08-25,3060000,서울특별시 중랑구
"봉우재로33길, 봉우재로43길, 망우로50길 (36)",서울특별시,중랑구,"서울특별시 중랑구 봉우재로33길, 봉우재로43길, 망우로50길",,37.59463947,127.0885545,상봉먹자골목형상점가,일반쓰레기,서울특별시 중랑구청,02-2094-1958,2025-08-25,3060000,서울특별시 중랑구
"봉우재로33길, 봉우재로43길, 망우로50길 (35)",서울특별시,중랑구,"서울특별시 중랑구 봉우재로33길, 봉우재로43길, 망우로50길",,37.59463947,127.0885545,상봉먹자골목형상점가,일반쓰레기,서울특별시 중랑구청,02-2094-1958,2025-08-25,3060000,서울특별시 중랑구
"봉우재로33길, 봉우재로43길, 망우로50길 (34)",서울특별시,중랑구,"서울특별시 중랑구 봉우재로33길, 봉우재로43길, 망우로50길",,37.59463947,127.0885545,상봉먹자골목형상점가,일반쓰레기,서울특별시 중랑구청,02-2094-1958,2025-08-25,3060000,서울특별시 중랑구
"봉우재로33길, 봉우재로43길, 망우로50길 (33)",서울특별시,중랑구,"서울특별시 중랑구 봉우재로33길, 봉우재로43길, 망우로50길",,37.59463947,127.0885545,상봉먹자골목형상점가,일반쓰레기,서울특별시 중랑구청,02-2094-1958,2025-08-25,3060000,서울특별시 중랑구
"봉우재로33길, 봉우재로43길, 망우로50길 (32)",서울특별시,중랑구,"서울특별시 중랑구 봉우재로33길, 봉우재로43길, 망우로50길",,37.59463947,127.0885545,상봉먹자골목형상점가,일반쓰레기,서울특별시 중랑구청,02-2094-1958,2025-08-25,3060000,서울특별시 중랑구
"봉우재로33길, 봉우재로43길, 망우로50길 (31)",서울특별시,중랑구,"서울특별시 중랑구 봉우재로33길, 봉우재로43길, 망우로50길",,37.59463947,127.0885545,상봉먹자골목형상점가,일반쓰레기,서울특별시 중랑구청,02-2094-1958,2025-08-25,3060000,서울특별시 중랑구
"봉우재로33길, 봉우재로43길, 망우로50길 (30)",서울특별시,중랑구,"서울특별시 중랑구 봉우재로33길, 봉우재로43길, 망우로50길",,37.59463947,127.0885545,상봉먹자골목형상점가,일반쓰레기,서울특별시 중랑구청,02-2094-1958,2025-08-25,3060000,서울특별시 중랑구
"봉우재로33길, 봉우재로43길, 망우로50길 (29)",서울특별시,중랑구,"서울특별시 중랑구 봉우재로33길, 봉우재로43길, 망우로50길",,37.59463947,127.0885545,상봉먹자골목형상점가,일반쓰레기,서울특별시 중랑구청,02-2094-1958,2025-08-25,3060000,서울특별시 중랑구
"봉우재로33길, 봉우재로43길, 망우로50길 (28)",서울특별시,중랑구,"서울특별시 중랑구 봉우재로33길, 봉우재로43길, 망우로50길",,37.59463947,127.0885545,상봉먹자골목형상점가,일반쓰레기,서울특별시 중랑구청,02-2094-1958,2025-08-25,3060000,서울특별시 중랑구
"봉우재로33길, 봉우재로43길, 망우로50길 (27)",서울특별시,중랑구,"서울특별시 중랑구 봉우재로33길, 봉우재로43길, 망우로50길",,37.59463947,127.0885545,상봉먹자골목형상점가,일반쓰레기,서울특별시 중랑구청,02-2094-1958,2025-08-25,3060000,서울특별시 중랑구
"봉우재로33길, 봉우재로43길, 망우로50길 (26)",서울특별시,중랑구,"서울특별시 중랑구 봉우재로33길, 봉우재로43길, 망우로50길",,37.59463947,127.0885545,상봉먹자골목형상점가,일반쓰레기,서울특별시 중랑구청,02-2094-1958,2025-08-25,3060000,서울특별시 중랑구
"봉우재로33길, 봉우재로43길, 망우로50길 (25)",서울특별시,중랑구,"서울특별시 중랑구 봉우재로33길, 봉우재로43길, 망우로50길",,37.59463947,127.0885545,상봉먹자골목형상점가,일반쓰레기,서울특별시 중랑구청,02-2094-1958,2025-08-25,3060000,서울특별시 중랑구
"봉우재로33길, 봉우재로43길, 망우로50길 (24)",서울특별시,중랑구,"서울특별시 중랑구 봉우재로33길, 봉우재로43길, 망우로50길",,37.59463947,127.0885545,상봉먹자골목형상점가,일반쓰레기,서울특별시 중랑구청,02-2094-1958,2025-08-25,3060000,서울특별시 중랑구
"봉우재로33길, 봉우재로43길, 망우로50길 (23)",서울특별시,중랑구,"서울특별시 중랑구 봉우재로33길, 봉우재로43길, 망우로50길",,37.59463947,127.0885545,상봉먹자골목형상점가,일반쓰레기,서울특별시 중랑구청,02-2094-1958,2025-08-25,3060000,서울특별시 중랑구
"봉우재로33길, 봉우재로43길, 망우로50길 (22)",서울특별시,중랑구,"서울특별시 중랑구 봉우재로33길, 봉우재로43길, 망우로50길",,37.59463947,127.0885545,상봉먹자골목형상점가,일반쓰레기,서울특별시 중랑구청,02-2094-1958,2025-08-25,3060000,서울특별시 중랑구
"봉우재로33길, 봉우재로43길, 망우로50길 (21)",서울특별시,중랑구,"서울특별시 중랑구 봉우재로33길, 봉우재로43길, 망우로50길",,37.59463947,127.0885545,상봉먹자골목형상점가,일반쓰레기,서울특별시 중랑구청,02-2094-1958,2025-08-25,3060000,서울특별시 중랑구
"봉우재로33길, 봉우재로43길, 망우로50길 (20)",서울특별시,중랑구,"서울특별시 중랑구 봉우재로33길, 봉우재로43길, 망우로50길",,37.59463947,127.0885545,상봉먹자골목형상점가,일반쓰레기,서울특별시 중랑구청,02-2094-1958,2025-08-25,3060000,서울특별시 중랑구
"봉우재로33길, 봉우재로43길, 망우로50길 (19)",서울특별시,중랑구,"서울특별시 중랑구 봉우재로33길, 봉우재로43길, 망우로50길",,37.59463947,127.0885545,상봉먹자골목형상점가,일반쓰레기,서울특별시 중랑구청,02-2094-1958,2025-08-25,3060000,서울특별시 중랑구
"봉우재로33길, 봉우재로43길, 망우로50길 (18)",서울특별시,중랑구,"서울특별시 중랑구 봉우재로33길, 봉우재로43길, 망우로50길",,37.59463947,127.0885545,상봉먹자골목형상점가,일반쓰레기,서울특별시 중랑구청,02-2094-1958,2025-08-25,3060000,서울특별시 중랑구
"봉우재로33길, 봉우재로43길, 망우로50길 (17)",서울특별시,중랑구,"서울특별시 중랑구 봉우재로33길, 봉우재로43길, 망우로50길",,37.59463947,127.0885545,상봉먹자골목형상점가,일반쓰레기,서울특별시 중랑구청,02-2094-1958,2025-08-25,3060000,서울특별시 중랑구
"봉우재로33길, 봉우재로43길, 망우로50길 (16)",서울특별시,중랑구,"서울특별시 중랑구 봉우재로33길, 봉우재로43길, 망우로50길",,37.59463947,127.0885545,상봉먹자골목형상점가,일반쓰레기,서울특별시 중랑구청,02-2094-1958,2025-08-25,3060000,서울특별시 중랑구
"봉우재로33길, 봉우재로43길, 망우로50길 (15)",서울특별시,중랑구,"서울특별시 중랑구 봉우재로33길, 봉우재로43길, 망우로50길",,37.59463947,127.0885545,상봉먹자골목형상점가,일반쓰레기,서울특별시 중랑구청,02-2094-1958,2025-08-25,3060000,서울특별시 중랑구
"봉우재로33길, 봉우재로43길, 망우로50길 (14)",서울특별시,중랑구,"서울특별시 중랑구 봉우재로33길, 봉우재로43길, 망우로50길",,37.59463947,127.0885545,상봉먹자골목형상점가,일반쓰레기,서울특별시 중랑구청,02-2094-1958,2025-08-25,3060000,서울특별시 중랑구
"봉우재로33길, 봉우재로43길, 망우로50길 (13)",서울특별시,중랑구,"서울특별시 중랑구 봉우재로33길, 봉우재로43길, 망우로50길",,37.59463947,127.0885545,상봉먹자골목형상점가,일반쓰레기,서울특별시 중랑구청,02-2094-1958,2025-08-25,3060000,서울특별시 중랑구
"봉우재로33길, 봉우재로43길, 망우로50길 (12)",서울특별시,중랑구,"서울특별시 중랑구 봉우재로33길, 봉우재로43길, 망우로50길",,37.59463947,127.0885545,상봉먹자골목형상점가,일반쓰레기,서울특별시 중랑구청,02-2094-1958,2025-08-25,3060000,서울특별시 중랑구
"봉우재로33길, 봉우재로43길, 망우로50길 (11)",서울특별시,중랑구,"서울특별시 중랑구 봉우재로33길, 봉우재로43길, 망우로50길",,37.59463947,127.0885545,상봉먹자골목형상점가,일반쓰레기,서울특별시 중랑구청,02-2094-1958,2025-08-25,3060000,서울특별시 중랑구
"봉우재로33길, 봉우재로43길, 망우로50길 (10)",서울특별시,중랑구,"서울특별시 중랑구 봉우재로33길, 봉우재로43길, 망우로50길",,37.59463947,127.0885545,상봉먹자골목형상점가,일반쓰레기,서울특별시 중랑구청,02-2094-1958,2025-08-25,3060000,서울특별시 중랑구
"봉우재로33길, 봉우재로43길, 망우로50길 (9)",서울특별시,중랑구,"서울특별시 중랑구 봉우재로33길, 봉우재로43길, 망우로50길",,37.59463947,127.0885545,상봉먹자골목형상점가,일반쓰레기,서울특별시 중랑구청,02-2094-1958,2025-08-25,3060000,서울특별시 중랑구
"봉우재로33길, 봉우재로43길, 망우로50길 (8)",서울특별시,중랑구,"서울특별시 중랑구 봉우재로33길, 봉우재로43길, 망우로50길",,37.59463947,127.0885545,상봉먹자골목형상점가,일반쓰레기,서울특별시 중랑구청,02-2094-1958,2025-08-25,3060000,서울특별시 중랑구
"봉우재로33길, 봉우재로43길, 망우로50길 (7)",서울특별시,중랑구,"서울특별시 중랑구 봉우재로33길, 봉우재로43길, 망우로50길",,37.59463947,127.0885545,상봉먹자골목형상점가,일반쓰레기,서울특별시 중랑구청,02-2094-1958,2025-08-25,3060000,서울특별시 중랑구
"봉우재로33길, 봉우재로43길, 망우로50길 (6)",서울특별시,중랑구,"서울특별시 중랑구 봉우재로33길, 봉우재로43길, 망우로50길",,37.59463947,127.0885545,상봉먹자골목형상점가,일반쓰레기,서울특별시 중랑구청,02-2094-1958,2025-08-25,3060000,서울특별시 중랑구
"봉우재로33길, 봉우재로43길, 망우로50길 (5)",서울특별시,중랑구,"서울특별시 중랑구 봉우재로33길, 봉우재로43길, 망우로50길",,37.59463947,127.0885545,상봉먹자골목형상점가,일반쓰레기,서울특별시 중랑구청,02-2094-1958,2025-08-25,3060000,서울특별시 중랑구
"봉우재로33길, 봉우재로43길, 망우로50길 (4)",서울특별시,중랑구,"서울특별시 중랑구 봉우재로33길, 봉우재로43길, 망우로50길",,37.59463947,127.0885545,상봉먹자골목형상점가,일반쓰레기,서울특별시 중랑구청,02-2094-1958,2025-08-25,3060000,서울특별시 중랑구
"봉우재로33길, 봉우재로43길, 망우로50길 (3)",서울특별시,중랑구,"서울특별시 중랑구 봉우재로33길, 봉우재로43길, 망우로50길",,37.59463947,127.0885545,상봉먹자골목형상점가,일반쓰레기,서울특별시 중랑구청,02-2094-1958,2025-08-25,3060000,서울특별시 중랑구
"봉우재로33길, 봉우재로43길, 망우로50길 (2)",서울특별시,중랑구,"서울특별시 중랑구 봉우재로33길, 봉우재로43길, 망우로50길",,37.59463947,127.0885545,상봉먹자골목형상점가,일반쓰레기,서울특별시 중랑구청,02-2094-1958,2025-08-25,3060000,서울특별시 중랑구
"봉우재로33길, 봉우재로43길, 망우로50길 (1)",서울특별시,중랑구,"서울특별시 중랑구 봉우재로33길, 봉우재로43길, 망우로50길",,37.59463947,127.0885545,상봉먹자골목형상점가,일반쓰레기,서울특별시 중랑구청,02-2094-1958,2025-08-25,3060000,서울특별시 중랑구
사가정로51길 (15),서울특별시,중랑구,서울특별시 중랑구 사가정로51길,,37.58234425,127.0879116,사가정 먹자골목 주변,일반쓰레기,서울특별시 중랑구청,02-2094-1958,2025-08-25,3060000,서울특별시 중랑구
사가정로51길 (14),서울특별시,중랑구,서울특별시 중랑구 사가정로51길,,37.58234425,127.0879116,사가정 먹자골목 주변,일반쓰레기,서울특별시 중랑구청,02-2094-1958,2025-08-25,3060000,서울특별시 중랑구
사가정로51길 (13),서울특별시,중랑구,서울특별시 중랑구 사가정로51길,,37.58234425,127.0879116,사가정 먹자골목 주변,일반쓰레기,서울특별시 중랑구청,02-2094-1958,2025-08-25,3060000,서울특별시 중랑구
사가정로51길 (12),서울특별시,중랑구,서울특별시 중랑구 사가정로51길,,37.58234425,127.0879116,사가정 먹자골목 주변,일반쓰레기,서울특별시 중랑구청,02-2094-1958,2025-08-25,3060000,서울특별시 중랑구
사가정로51길 (11),서울특별시,중랑구,서울특별시 중랑구 사가정로51길,,37.58234425,127.0879116,사가정 먹자골목 주변,일반쓰레기,서울특별시 중랑구청,02-2094-1958,2025-08-25,3060000,서울특별시 중랑구
사가정로51길 (10),서울특별시,중랑구,서울특별시 중랑구 사가정로51길,,37.58234425,127.0879116,사가정 먹자골목 주변,일반쓰레기,서울특별시 중랑구청,02-2094-1958,2025-08-25,3060000,서울특별시 중랑구
사가정로51길 (9),서울특별시,중랑구,서울특별시 중랑구 사가정로51길,,37.58234425,127.0879116,사가정 먹자골목 주변,일반쓰레기,서울특별시 중랑구청,02-2094-1958,2025-08-25,3060000,서울특별시 중랑구
사가정로51길 (8),서울특별시,중랑구,서울특별시 중랑구 사가정로51길,,37.58234425,127.0879116,사가정 먹자골목 주변,일반쓰레기,서울특별시 중랑구청,02-2094-1958,2025-08-25,3060000,서울특별시 중랑구
사가정로51길 (7),서울특별시,중랑구,서울특별시 중랑구 사가정로51길,,37.58234425,127.0879116,사가정 먹자골목 주변,일반쓰레기,서울특별시 중랑구청,02-2094-1958,2025-08-25,3060000,서울특별시 중랑구
사가정로51길 (6),서울특별시,중랑구,서울특별시 중랑구 사가정로51길,,37.58234425,127.0879116,사가정 먹자골목 주변,일반쓰레기,서울특별시 중랑구청,02-2094-1958,2025-08-25,3060000,서울특별시 중랑구
사가정로51길 (5),서울특별시,중랑구,서울특별시 중랑구 사가정로51길,,37.58234425,127.0879116,사가정 먹자골목 주변,일반쓰레기,서울특별시 중랑구청,02-2094-1958,2025-08-25,3060000,서울특별시 중랑구
사가정로51길 (4),서울특별시,중랑구,서울특별시 중랑구 사가정로51길,,37.58234425,127.0879116,사가정 먹자골목 주변,일반쓰레기,서울특별시 중랑구청,02-2094-1958,2025-08-25,3060000,서울특별시 중랑구
사가정로51길 (3),서울특별시,중랑구,서울특별시 중랑구 사가정로51길,,37.58234425,127.0879116,사가정 먹자골목 주변,일반쓰레기,서울특별시 중랑구청,02-2094-1958,2025-08-25,3060000,서울특별시 중랑구
사가정로51길 (2),서울특별시,중랑구,서울특별시 중랑구 사가정로51길,,37.58234425,127.0879116,사가정 먹자골목 주변,일반쓰레기,서울특별시 중랑구청,02-2094-1958,2025-08-25,3060000,서울특별시 중랑구
사가정로51길 (1),서울특별시,중랑구,서울특별시 중랑구 사가정로51길,,37.58234425,127.0879116,사가정 먹자골목 주변,일반쓰레기,서울특별시 중랑구청,02-2094-1958,2025-08-25,3060000,서울특별시 중랑구
사가정로49길 56,서울특별시,중랑구,서울특별시 중랑구 사가정로49길 56,서울특별시 중랑구 면목동 570,37.58350833,127.086969,까치어린이 공원 앞,일반쓰레기,서울특별시 중랑구청,02-2094-1958,2025-08-25,3060000,서울특별시 중랑구
사가정로49길 56,서울특별시,중랑구,서울특별시 중랑구 사가정로49길 56,서울특별시 중랑구 면목동 570,37.58350833,127.086969,녹색병원 정문 앞,일반쓰레기,서울특별시 중랑구청,02-2094-1958,2025-08-25,3060000,서울특별시 중랑구
면목동 396-1,서울특별시,중랑구,,서울특별시 중랑구 면목동 396-1,37.5909884,127.0755544,7호선 사가정역 1번 출구 앞,일반쓰레기,서울특별시 중랑구청,02-2094-1958,2025-08-25,3060000,서울특별시 중랑구
겸재로 120-1,서울특별시,중랑구,서울특별시 중랑구 겸재로 120-1,서울특별시 중랑구 면목동 150-16,37.58672569,127.0812344,브랜드호프 앞,일반쓰레기,서울특별시 중랑구청,02-2094-1958,2025-08-25,3060000,서울특별시 중랑구
사상구장애인복지관 앞,부산광역시,사상구,부산광역시 사상구 모라로192번길 21,부산광역시 사상구 모라동 75-9,35.1848992,129.0009312,,일반쓰레기+재활용쓰,부산광역시 사상구청,051-310-4336,2025-08-25,3390000,부산광역시 사상구
사상구청 앞 버스정류소,부산광역시,사상구,부산광역시 사상구 학감대로 242,부산광역시 사상구 감전동138-8,35.15255072,128.9914561,,일반쓰레기+재활용쓰,부산광역시 사상구청,051-310-4336,2025-08-25,3390000,부산광역시 사상구
진각종 앞 달빛공원,서울특별시,성북구,,서울특별시 성북구 하월곡동22-13,37.60416814,127.042325,,일반쓰레기,서울특별시 성북구청,02-2241-4418,2025-09-01,3070000,서울특별시 성북구
주신공인중개사사무소 앞,서울특별시,성북구,서울특별시 성북구 동소문로 305-1,서울특별시 성북구 길음동 510-173,37.607487,127.0283683,,일반쓰레기,서울특별시 성북구청,02-2241-4418,2025-09-01,3070000,서울특별시 성북구
국수나무 길음점 앞,서울특별시,성북구,서울특별시 성북구 길음로 74,서울특별시 성북구 길음동 1282,37.60928966,127.0210339,,재활용쓰레기,서울특별시 성북구청,02-2241-4418,2025-09-01,3070000,서울특별시 성북구
돈암시장 버스정류장(08-934),서울특별시,성북구,서울특별시 성북구 보문로 39길 4,서울특별시 성북구 동소문동3가 82,37.59143108,127.0132624,,일반쓰레기,서울특별시 성북구청,02-2241-4418,2025-09-01,3070000,서울특별시 성북구
삼선동주민센터 버스정류장(08-997),서울특별시,성북구,서울특별시 성북구 보문로 192,서울특별시 성북구 삼선동4가 349-1,37.59086591,127.0146551,,재활용쓰레기,서울특별시 성북구청,02-2241-4418,2025-09-01,3070000,서울특별시 성북구
삼선동주민센터 버스정류장(08-176),서울특별시,성북구,서울특별시 성북구 보문로 190,서울특별시 성북구 삼선동4가 349-1,37.59086591,127.0146551,,일반쓰레기,서울특별시 성북구청,02-2241-4418,2025-09-01,3070000,서울특별시 성북구
보문동성당 버스정류장(08-182),서울특별시,성북구,서울특별시 성북구 보문로 78,서울특별시 성북구 보문동4가 77-2,37.58228095,127.0213065,,재활용쓰레기,서울특별시 성북구청,02-2241-4418,2025-09-01,3070000,서울특별시 성북구
조양주택 앞,충청남도,홍성군,,충청남도 홍성군 홍성읍 오관리 556-2,36.59437926,126.6663975,,재활용쓰레기,충청남도 홍성군,041-630-1350,2025-08-29,4600000,충청남도 홍성군
오관리 877번지 앞,충청남도,홍성군,,충청남도 홍성군 홍성읍 오관리 877,36.60330902,126.6594567,,재활용쓰레기,충청남도 홍성군,041-630-1350,2025-08-29,4600000,충청남도 홍성군
내법리 430-1번지 앞,충청남도,홍성군,,충청남도 홍성군 홍성읍 내법리430-1,36.61701642,126.6697058,,재활용쓰레기,충청남도 홍성군,041-630-1350,2025-08-29,4600000,충청남도 홍성군
고암리 907-3번지 앞,충청남도,홍성군,,충청남도 홍성군 홍성읍 고암리907-3,36.59868139,126.6715522,,재활용쓰레기,충청남도 홍성군,041-630-1350,2025-08-29,4600000,충청남도 홍성군
옥암리 899-18번지 앞,충청남도,홍성군,,충청남도 홍성군 홍성읍 옥암리899-18,36.59612806,126.6577392,,재활용쓰레기,충청남도 홍성군,041-630-1350,2025-08-29,4600000,충청남도 홍성군
오관리 595-2번지 앞,충청남도,홍성군,,충청남도 홍성군 홍성읍 오관리595-2,36.59814721,126.6587952,,재활용쓰레기,충청남도 홍성군,041-630-1350,2025-08-29,4600000,충청남도 홍성군
오관리 472-1번지 앞,충청남도,홍성군,,충청남도 홍성군 홍성읍 오관리472-1,36.59771,126.663,,재활용쓰레기,충청남도 홍성군,041-630-1350,2025-08-29,4600000,충청남도 홍성군
군포보훈회관 맞은편 버스정류소,경기도,군포시,경기도 군포시 산본천로 111,,37.3646456,126.9342455,보훈회관 맞은편,일반쓰레기+재활용쓰,경기도 군포시청,031-390-0353,2025-09-05,4020000,경기도 군포시
용호고등학교 맞은편 버스정류소,경기도,군포시,경기도 군포시 용호2로 10,경기도 군포시 당동 976,37.34225732,126.9382071,용호고등학교 맞은편 버스정류소(26168),일반쓰레기+재활용쓰,경기도 군포시청,031-390-0353,2025-09-05,4020000,경기도 군포시
군포시보건소 버스정류소,경기도,군포시,"경기도 군포시 군포로 211, (군포시보건소 버스정류소)",,37.33252109,126.9251121,군포시보건소 버스정류소(26182),일반쓰레기+재활용쓰,경기도 군포시청,031-390-0353,2025-09-05,4020000,경기도 군포시
오금동우체국 앞,경기도,군포시,"경기도 군포시 번영로 382, (오금동우체국 앞)",,37.34945226,126.9259671,오금동우체국 앞,일반쓰레기+재활용쓰,경기도 군포시청,031-390-0353,2025-09-05,4020000,경기도 군포시
산본래미안 아파트 버스정류소,경기도,군포시,경기도 군포시 금산로 91,경기도 군포시 산본동 1256,37.36808061,126.9366772,산본래미안 아파트 버스정류소(26066),일반쓰레기+재활용쓰,경기도 군포시청,031-390-0353,2025-09-05,4020000,경기도 군포시
산본천로 224-1 버스정류소,경기도,군포시,"경기도 군포시 산본천로 224-1, (버스정류소)",,37.37161944,126.9421677,버스정류소 (26098),일반쓰레기+재활용쓰,경기도 군포시청,031-390-0353,2025-09-05,4020000,경기도 군포시
수리산역 1번 출구 앞 버스정류소,경기도,군포시,경기도 군포시 번영로 385,경기도 군포시 산본동 1235,37.35112222,126.9261472,수리산역 1번 출구 앞 버스정류소(26018),일반쓰레기+재활용쓰,경기도 군포시청,031-390-0353,2025-09-05,4020000,경기도 군포시
당정역 2번 출구 앞 버스정류소,경기도,군포시,경기도 군포시 당정역로4번길 20,경기도 군포시 당정동 1027,37.34291703,126.9504755,당정역 2번 출구 앞 버스정류소(26294),일반쓰레기+재활용쓰,경기도 군포시청,031-390-0353,2025-09-05,4020000,경기도 군포시
당정역 3번 출구 앞 버스정류소,경기도,군포시,경기도 군포시 용호2로54번길 40,경기도 군포시 당정동 753,37.34421631,126.9479349,당정역 3번 출구 앞 버스정류소(26222),일반쓰레기+재활용쓰,경기도 군포시청,031-390-0353,2025-09-05,4020000,경기도 군포시
군포역 1번 출구 앞 택시승강장 부근,경기도,군포시,"경기도 군포시 군포로534번길 19, (군포역 1번 출구 앞 택시승강장 부근)",,37.35374466,126.9477314,군포역 1번 출구 앞 택시승강장 부근,일반쓰레기+재활용쓰,경기도 군포시청,031-390-0353,2025-09-05,4020000,경기도 군포시
군포로 524,경기도,군포시,경기도 군포시 군포로 524,,37.35281178,126.9458221,버스정류소 (26128),일반쓰레기+재활용쓰,경기도 군포시청,031-390-0353,2025-09-05,4020000,경기도 군포시
고산로 262(새마을금고 앞),경기도,군포시,"경기도 군포시 고산로 262, (새마을금고 앞)",,37.34676637,126.9436033,새마을금고 앞,일반쓰레기+재활용쓰,경기도 군포시청,031-390-0353,2025-09-05,4020000,경기도 군포시
군포시청 건너편 버스정류소,경기도,군포시,"경기도 군포시 산본로 339, (군포시청 건너편 버스정류소)",,37.36060833,126.9325882,군포시청 건너편 버스정류소(26049),일반쓰레기+재활용쓰,경기도 군포시청,031-390-0353,2025-09-05,4020000,경기도 군포시
군포우체국 앞8,경기도,군포시,"경기도 군포시 산본로 328, (군포우체국 앞)",,37.36019036,126.9340594,군포우체국 앞,일반쓰레기+재활용쓰,경기도 군포시청,031-390-0353,2025-09-05,4020000,경기도 군포시
금정역 6번 출구앞 버스정류소,경기도,군포시,"경기도 군포시 산본천로 227-2, (금정역 6번 출구앞 버스정류소)",경기도 군포시 산본동 103-28,37.37213688,126.9421274,금정역 6번 출구앞 버스정류소(26167),일반쓰레기+재활용쓰,경기도 군포시청,031-390-0353,2025-09-05,4020000,경기도 군포시
금정역 4번 출구 앞 버스정류소,경기도,군포시,경기도 군포시 군포로735번길 4,경기도 군포시 금정동 27-6,37.37076562,126.9436132,금정역 4번 출구 앞 버스정류소(26111),일반쓰레기+재활용쓰,경기도 군포시청,031-390-0353,2025-09-05,4020000,경기도 군포시
산본역 4번 출구 앞 버스정류소,경기도,군포시,경기도 군포시 번영로 502,경기도 군포시 금정동 894,37.357707,126.933118,산본역 4번 출구 앞 버스정류소(26054),일반쓰레기+재활용쓰,경기도 군포시청,031-390-0353,2025-09-05,4020000,경기도 군포시
산본역 3번 출구 앞 버스정류소,경기도,군포시,경기도 군포시 번영로 497,경기도 군포시 산본동 1179,37.35805724,126.9322603,산본역 3번 출구 앞 버스정류소(26046),일반쓰레기+재활용쓰,경기도 군포시청,031-390-0353,2025-09-05,4020000,경기도 군포시
산본로323번길 16-26(중앙분수대 옆 벤치),경기도,군포시,경기도 군포시 산본로323번길 16-26(중앙분수대 옆 벤치),,37.35998048,126.9317825,중앙분수대 옆 벤치,일반쓰레기+재활용쓰,경기도 군포시청,031-390-0353,2025-09-05,4020000,경기도 군포시
광정로 60(흡연부스 옆),경기도,군포시,경기도 군포시 광정로 60(흡연부스 옆),,37.35872074,126.9308199,흡연부스 옆,일반쓰레기+재활용쓰,경기도 군포시청,031-390-0353,2025-09-05,4020000,경기도 군포시
가야면_야천리(재활용 동네마당)_1,경상남도,합천군,,경상남도 합천군 가야면 야천리 465-5,35.7627806,128.1394531,,재활용쓰레기,경상남도 합천군청,055-930-3304,2025-07-24,5480000,경상남도 합천군
가야면_매화리(재활용 동네마당)_1,경상남도,합천군,,경상남도 합천군 가야면 매화리 304-2,35.7343862,128.1248001,매화2구,재활용쓰레기,경상남도 합천군청,055-930-3304,2025-07-24,5480000,경상남도 합천군
도로변(구로동로 13),서울특별시,구로구,서울특별시 구로구 구로동로 13,서울특별시 구로구 가리봉동 121-30,37.48289633,126.8868871,,일반쓰레기,서울특별시 구로구청 청소행정과,02-860-2918,2024-12-26,3160000,서울특별시 구로구
동소문로20길 43 앞 인도,서울특별시,성북구,서울특별시 성북구 동소문로20길 43,서울특별시 성북구 동선동1가 46-2,37.59065915,127.0170249,,재활용쓰레기,서울특별시 성북구청,02-2241-4418,2025-09-01,3070000,서울특별시 성북구
보문로34길 88 앞 인도,서울특별시,성북구,서울특별시 성북구 보문로34길 88,서울특별시 성북구 동선동2가 154,37.59125877,127.0201498,,일반쓰레기,서울특별시 성북구청,02-2241-4418,2025-09-01,3070000,서울특별시 성북구
삼선시장 버스정류장(08535),서울특별시,성북구,서울특별시 성북구 삼선교로 29,서울특별시 성북구 삼선동2가 105,37.58824221,127.0092204,,일반쓰레기,서울특별시 성북구청,02-2241-4418,2025-09-01,3070000,서울특별시 성북구
성북구청 버스정류장(08177),서울특별시,성북구,서울특별시 성북구 보문로 151,서울특별시 성북구 삼선동5가 297,37.58816492,127.0172891,,재활용쓰레기,서울특별시 성북구청,02-2241-4418,2025-09-01,3070000,서울특별시 성북구
성북구청 버스정류장(08178),서울특별시,성북구,서울특별시 성북구 보문로 156-1,서울특별시 성북구 삼선동5가 326,37.58869751,127.0172939,,일반쓰레기,서울특별시 성북구청,02-2241-4418,2025-09-01,3070000,서울특별시 성북구
보문역 버스정류장(08295),서울특별시,성북구,,서울특별시 성북구 보문동1가 178-1,37.58550482,127.0201945,,재활용쓰레기,서울특별시 성북구청,02-2241-4418,2025-09-01,3070000,서울특별시 성북구
보문역 버스정류장(08296),서울특별시,성북구,,서울특별시 성북구 보문동1가 109-3,37.5856381,127.0200081,,일반쓰레기,서울특별시 성북구청,02-2241-4418,2025-09-01,3070000,서울특별시 성북구
고대병원 버스정류장,서울특별시,성북구,서울특별시 성북구 고려대로 73,서울특별시 성북구 안암동5가 126-1,37.58711097,127.0263572,,재활용쓰레기,서울특별시 성북구청,02-2241-4418,2025-09-01,3070000,서울특별시 성북구
성북 우체국 앞 인도,서울특별시,성북구,서울특별시 성북구 동소문로 310,서울특별시 성북구 하월곡동 88-3,37.60731274,127.0293121,,일반쓰레기,서울특별시 성북구청,02-2241-4418,2025-09-01,3070000,서울특별시 성북구
칠곡경북대병원정문 건너 버스정류장,대구광역시,북구,대구광역시 북구 칠곡중앙대로136길 90,대구광역시 북구 학정동 515-3,35.95526718,128.5626769,,일반쓰레기,대구광역시 북구 자원순환과,053-665-2498,2025-07-23,3450000,대구광역시 북구
학정청아람 건너 버스정류장,대구광역시,북구,대구광역시 북구 학정로 553 (학정동),대구광역시 북구 학정동 922-3,35.95406761,128.5654001,,일반쓰레기,대구광역시 북구 자원순환과,053-665-2498,2025-07-23,3450000,대구광역시 북구
경대북문 앞 버스정류장,대구광역시,북구,대구광역시 북구 대학로 80,대구광역시 북구 산격동 1370-1,35.88909749,128.6143223,,일반쓰레기,대구광역시 북구 자원순환과,053-665-2498,2025-07-23,3450000,대구광역시 북구
북부도서관 버스정류장,대구광역시,북구,대구광역시 북구 옥산로 75,대구광역시 북구 침산동 447-10,35.88512411,128.5838427,,일반쓰레기,대구광역시 북구 자원순환과,053-665-2498,2025-07-23,3450000,대구광역시 북구
구일우성아파트(2),서울특별시,구로구,서울특별시 구로구 구일로8길 31,서울특별시 구로구 구로동 1058,37.49517251,126.8726762,,일반쓰레기,서울특별시 구로구청 청소행정과,02-860-2918,2024-12-26,3160000,서울특별시 구로구
성북구청 바람마당,서울특별시,성북구,서울특별시 성북구 보문로 168,서울특별시 성북구 삼선동5가 411,37.58946842,127.0168218,,재활용쓰레기,서울특별시 성북구청,02-2241-4418,2025-09-01,3070000,서울특별시 성북구
힐스테이트 입구 버스 정류장,서울특별시,성북구,서울특별시 성북구 동소문로 298,서울특별시 성북구 하월곡동 88-485,37.60650703,127.0282193,,일반쓰레기,서울특별시 성북구청,02-2241-4418,2025-09-01,3070000,서울특별시 성북구
아리랑호텔 동대문 앞 버스정류장(08270),서울특별시,성북구,서울특별시 성북구 아리랑로 10,서울특별시 성북구 동선동4가 38,37.59377027,127.016453,,재활용쓰레기,서울특별시 성북구청,02-2241-4418,2025-09-01,3070000,서울특별시 성북구
길음뉴타운 우리은행 앞 버스정류장(08545),서울특별시,성북구,,서울특별시 성북구 길음동 559-1,37.60544504,127.0222217,,재활용쓰레기,서울특별시 성북구청,02-2241-4418,2025-09-01,3070000,서울특별시 성북구
길음뉴타운 8단지 앞,서울특별시,성북구,서울특별시 성북구 길음로 33,서울특별시 성북구 길음동 1284,37.60504925,127.0220094,,일반쓰레기,서울특별시 성북구청,02-2241-4418,2025-09-01,3070000,서울특별시 성북구
코오롱 하늘채 아파트 앞 버스정류장(08200),서울특별시,성북구,,서울특별시 성북구 장위동 310-25,37.61903401,127.0456148,,일반쓰레기,서울특별시 성북구청,02-2241-4418,2025-09-01,3070000,서울특별시 성북구
롯데캐슬 아파트 건너편 버스정류장,서울특별시,성북구,서울특별시 성북구 서경로 63,서울특별시 성북구 정릉동 192-152,37.60905769,127.0153655,,재활용쓰레기,서울특별시 성북구청,02-2241-4418,2025-09-01,3070000,서울특별시 성북구
삼덕단지 버스정류장 앞,서울특별시,성북구,서울특별시 성북구 솔샘로 32,서울특별시 성북구 정릉동 704-23,37.61039477,127.005287,,일반쓰레기,서울특별시 성북구청,02-2241-4418,2025-09-01,3070000,서울특별시 성북구
시온아트빌 앞,서울특별시,성북구,서울특별시 성북구 한천로 518,서울특별시 성북구 석관동 92-2,37.60670448,127.0664361,,일반쓰레기,서울특별시 성북구청,02-2241-4418,2025-09-01,3070000,서울특별시 성북구
장위래미안퍼스트하이 상가 앞,서울특별시,성북구,서울특별시 성북구 한천로 713,서울특별시 성북구 장위동 320,37.62005567,127.0514349,,일반쓰레기,서울특별시 성북구청,02-2241-4418,2025-09-01,3070000,서울특별시 성북구
래미안장위포레카운티아파트 110동 외부 쉼터,서울특별시,성북구,서울특별시 성북구 장월로 160,서울특별시 성북구 장위동 322,37.61800248,127.0533081,,일반쓰레기,서울특별시 성북구청,02-2241-4418,2025-09-01,3070000,서울특별시 성북구
"꿈의숲아이파크아파트 702동, 703동 사이 외부 인도",서울특별시,성북구,서울특별시 성북구 돌곶이로40길 46,서울특별시 성북구 장위동 323,37.61866075,127.0489591,,일반쓰레기,서울특별시 성북구청,02-2241-4418,2025-09-01,3070000,서울특별시 성북구
북한산보국문역 1번출구,서울특별시,성북구,서울특별시 성북구 보국문로22길 8,서울특별시 성북구 정릉동 289-38,37.61211271,127.0085918,,일반쓰레기,서울특별시 성북구청,02-2241-4418,2025-09-01,3070000,서울특별시 성북구
래미안라센트아파트 103동 외부 서울자전거 따릉이 대여소,서울특별시,성북구,서울특별시 성북구 종암로24가길 80,서울특별시 성북구 종암동 134,37.59937311,127.0392269,,일반쓰레기,서울특별시 성북구청,02-2241-4418,2025-09-01,3070000,서울특별시 성북구
월곡역 교통섬,서울특별시,성북구,,서울특별시 성북구 하월곡동 35-1,37.60142105,127.0411848,,일반쓰레기,서울특별시 성북구청,02-2241-4418,2025-09-01,3070000,서울특별시 성북구
문화공간 이육사 앞 공원,서울특별시,성북구,서울특별시 성북구 종암로21가길 36-1,서울특별시 성북구 종암동 65-13,37.59815179,127.03261,,일반쓰레기,서울특별시 성북구청,02-2241-4418,2025-09-01,3070000,서울특별시 성북구
정릉2동주민센터 버스정류장(08-118),서울특별시,성북구,,서울특별시 성북구 정릉동 164-51,37.6050398,127.0113564,,재활용쓰레기,서울특별시 성북구청,02-2241-4418,2025-09-01,3070000,서울특별시 성북구
서울·성북 미디어문화마루 앞,서울특별시,성북구,서울특별시 성북구 길음로7길 20,서울특별시 성북구 길음동 1286-8,37.60375093,127.0224636,,일반쓰레기,서울특별시 성북구청,02-2241-4418,2025-09-01,3070000,서울특별시 성북구
성북구청 바람마당,서울특별시,성북구,서울특별시 성북구 보문로168,서울특별시 성북구 삼선동5가 411,37.58946842,127.0168218,,일반쓰레기,서울특별시 성북구청,02-2241-4418,2025-09-01,3070000,서울특별시 성북구
장곡초교사거리 버스정류장(08-222),서울특별시,성북구,서울특별시 성북구 장월로29길 9,서울특별시 성북구 장위동 206-3,37.61769896,127.0498021,,일반쓰레기,서울특별시 성북구청,02-2241-4418,2025-09-01,3070000,서울특별시 성북구
숭덕초교 버스정류장(08-257),서울특별시,성북구,서울특별시 성북구 정릉로 279,서울특별시 성북구 정릉동 160-1,37.6038198,127.013291,,일반쓰레기,서울특별시 성북구청,02-2241-4418,2025-09-01,3070000,서울특별시 성북구
숭례초교 버스정류장(08-154),서울특별시,성북구,서울특별시 성북구 종암로5길 14,서울특별시 성북구 종암동 22-1,37.59452119,127.0352972,,일반쓰레기,서울특별시 성북구청,02-2241-4418,2025-09-01,3070000,서울특별시 성북구
석계역 4번 출구,서울특별시,성북구,,서울특별시 성북구 석관동 375-46,37.6148489,127.0668471,,일반쓰레기,서울특별시 성북구청,02-2241-4418,2025-09-01,3070000,서울특별시 성북구
솔샘사거리 버스정류장(08-324),서울특별시,성북구,서울특별시 성북구 보국문로 101,서울특별시 성북구 정릉동 295-11,37.61289493,127.0070579,,일반쓰레기,서울특별시 성북구청,02-2241-4418,2025-09-01,3070000,서울특별시 성북구
KT월곡지사 버스정류장(08-128),서울특별시,성북구,,서울특별시 성북구 종암동 90-21,37.60243467,127.034667,,일반쓰레기,서울특별시 성북구청,02-2241-4418,2025-09-01,3070000,서울특별시 성북구
석관동코오롱아파트 버스정류장(08-197),서울특별시,성북구,,서울특별시 성북구 석관동 43-1,37.60620572,127.0664368,,재활용쓰레기,서울특별시 성북구청,02-2241-4418,2025-09-01,3070000,서울특별시 성북구
종암SK아파트 버스정류장(08-130),서울특별시,성북구,,서울특별시 성북구 종암동 115-152,37.60203491,127.0374768,,일반쓰레기,서울특별시 성북구청,02-2241-4418,2025-09-01,3070000,서울특별시 성북구
배스킨라빈스 앞,서울특별시,성북구,서울특별시 성북구 보문로 113,서울특별시 성북구 보문동2가 134,37.58504462,127.0192999,,일반쓰레기,서울특별시 성북구청,02-2241-4418,2025-09-01,3070000,서울특별시 성북구
명쭈3 앞,서울특별시,성북구,서울특별시 성북구 아리랑로 26-1,서울특별시 성북구 동선동5가 26,37.59507885,127.016162,,일반쓰레기,서울특별시 성북구청,02-2241-4418,2025-09-01,3070000,서울특별시 성북구
한국과학기술연구원입구 버스정류장(08-135),서울특별시,성북구,,서울특별시 성북구 하월곡동 1-12,37.60554551,127.0474239,,일반쓰레기,서울특별시 성북구청,02-2241-4418,2025-09-01,3070000,서울특별시 성북구
돈암2동주민센터입구.흥천사 버스정류장(08-268),서울특별시,성북구,서울특별시 성북구 동소문로23길 73,서울특별시 성북구 동선동5가 141-6,37.59639551,127.0157506,,일반쓰레기,서울특별시 성북구청,02-2241-4418,2025-09-01,3070000,서울특별시 성북구
석계역 버스정류장(08-147),서울특별시,성북구,,서울특별시 성북구 석관동 375-14,37.61509454,127.0667187,,일반쓰레기,서울특별시 성북구청,02-2241-4418,2025-09-01,3070000,서울특별시 성북구
성가복지병원 버스정류장(08-148),서울특별시,성북구,,서울특별시 성북구 하월곡동 88-5,37.60493587,127.0316201,,일반쓰레기,서울특별시 성북구청,02-2241-4418,2025-09-01,3070000,서울특별시 성북구
생명의전화 버스정류장(08-290),서울특별시,성북구,서울특별시 성북구 오패산로 22,서울특별시 성북구 하월곡동 62-4,37.60422016,127.0376844,,재활용쓰레기,서울특별시 성북구청,02-2241-4418,2025-09-01,3070000,서울특별시 성북구
정릉입구 버스정류장(08-264),서울특별시,성북구,서울특별시 성북구 정릉로 272-8,서울특별시 성북구 정릉동 139-56,37.60291849,127.0136887,,일반쓰레기,서울특별시 성북구청,02-2241-4418,2025-09-01,3070000,서울특별시 성북구
정릉입구 버스정류장(08-263),서울특별시,성북구,,서울특별시 성북구 정릉동 967-20,37.60244138,127.0134197,,일반쓰레기,서울특별시 성북구청,02-2241-4418,2025-09-01,3070000,서울특별시 성북구
삼선교.성북문화원 버스정류장(08-237),서울특별시,성북구,서울특별시 성북구 성북로 14,서울특별시 성북구 성북동1가 50-4,37.58947034,127.00522,,일반쓰레기,서울특별시 성북구청,02-2241-4418,2025-09-01,3070000,서울특별시 성북구
청진동해장국 앞,서울특별시,성북구,서울특별시 성북구 종암로 54,서울특별시 성북구 종암동 10-178,37.59502982,127.0361993,,일반쓰레기,서울특별시 성북구청,02-2241-4418,2025-09-01,3070000,서울특별시 성북구
종암동주민센터 버스정류장(08-152),서울특별시,성북구,서울특별시 성북구 종암로 103,서울특별시 성북구 종암동 87-6,37.59933907,127.0340484,,일반쓰레기,서울특별시 성북구청,02-2241-4418,2025-09-01,3070000,서울특별시 성북구
정릉길음시장 버스정류장(08-121),서울특별시,성북구,서울특별시 성북구 정릉로 324,서울특별시 성북구 정릉동 16-170,37.60212379,127.0191517,,일반쓰레기,서울특별시 성북구청,02-2241-4418,2025-09-01,3070000,서울특별시 성북구
월곡역 2번출구,서울특별시,성북구,서울특별시 성북구 화랑로 79,서울특별시 성북구 하월곡동 27-117,37.60249259,127.0411515,,일반쓰레기,서울특별시 성북구청,02-2241-4418,2025-09-01,3070000,서울특별시 성북구
길음뉴타운 버스정류장(08-004),서울특별시,성북구,,서울특별시 성북구 길음동 534-9,37.60328765,127.0237397,,일반쓰레기,서울특별시 성북구청,02-2241-4418,2025-09-01,3070000,서울특별시 성북구
길음뉴타운 버스정류장(08-003),서울특별시,성북구,,서울특별시 성북구 길음동 532-17,37.60375649,127.0242239,,일반쓰레기,서울특별시 성북구청,02-2241-4418,2025-09-01,3070000,서울특별시 성북구
월곡뉴타운 버스정류장(08-001),서울특별시,성북구,서울특별시 성북구 동소문로 295-2,서울특별시 성북구 길음동 515,37.60675178,127.0278637,,일반쓰레기,서울특별시 성북구청,02-2241-4418,2025-09-01,3070000,서울특별시 성북구
월곡뉴타운 버스정류장(08-002),서울특별시,성북구,서울특별시 성북구 동소문로 286,서울특별시 성북구 하월곡동 88-31,37.60581297,127.0273879,,일반쓰레기,서울특별시 성북구청,02-2241-4418,2025-09-01,3070000,서울특별시 성북구
길음역 버스정류장(08-124),서울특별시,성북구,서울특별시 성북구 정릉로 367-2,서울특별시 성북구 돈암동 8-165,37.60227407,127.0240657,,일반쓰레기,서울특별시 성북구청,02-2241-4418,2025-09-01,3070000,서울특별시 성북구
창문여고 버스정류장(08-102),서울특별시,성북구,서울특별시 성북구 오패산로 98-23,서울특별시 성북구 하월곡동 77-976,37.61176348,127.0359516,,일반쓰레기,서울특별시 성북구청,02-2241-4418,2025-09-01,3070000,서울특별시 성북구
청덕초등학교 버스정류장(08-111),서울특별시,성북구,,서울특별시 성북구 정릉동 590-16,37.60869733,126.9989744,,일반쓰레기,서울특별시 성북구청,02-2241-4418,2025-09-01,3070000,서울특별시 성북구
숭례초등학교 버스정류장(08-155),서울특별시,성북구,서울특별시 성북구 종암로 42-1,서울특별시 성북구 종암동 12-33,37.59417872,127.0362062,,일반쓰레기,서울특별시 성북구청,02-2241-4418,2025-09-01,3070000,서울특별시 성북구
우신향병원 버스정류장(08-157),서울특별시,성북구,서울특별시 성북구 안암로 105,서울특별시 성북구 안암동5가 86-10,37.58510934,127.0314287,,일반쓰레기,서울특별시 성북구청,02-2241-4418,2025-09-01,3070000,서울특별시 성북구
보문역 버스정류장(08-179),서울특별시,성북구,서울특별시 성북구 보문로 121,서울특별시 성북구 보문동2가 79,37.58586857,127.0188005,,일반쓰레기,서울특별시 성북구청,02-2241-4418,2025-09-01,3070000,서울특별시 성북구
래미안821동앞 버스정류장(08-529),서울특별시,성북구,,서울특별시 성북구 길음동 607-33,37.60660606,127.0217163,,일반쓰레기,서울특별시 성북구청,02-2241-4418,2025-09-01,3070000,서울특별시 성북구
현대아파트앞 버스정류장(08-514),서울특별시,성북구,,서울특별시 성북구 길음동 875-1,37.60724571,127.0216337,,일반쓰레기,서울특별시 성북구청,02-2241-4418,2025-09-01,3070000,서울특별시 성북구
길음시장입구 버스정류장(08-662),서울특별시,성북구,,서울특별시 성북구 길음동 875-1,37.60724571,127.0216337,,일반쓰레기,서울특별시 성북구청,02-2241-4418,2025-09-01,3070000,서울특별시 성북구
길음1동주민센터.길음중앙새마을금고앞 버스정류장(08-786),서울특별시,성북구,서울특별시 성북구 길음로 74,서울특별시 성북구 길음동 1282,37.60928966,127.0210339,,일반쓰레기,서울특별시 성북구청,02-2241-4418,2025-09-01,3070000,서울특별시 성북구
종암사거리입구 버스정류장(08-150),서울특별시,성북구,서울특별시 성북구 종암로 129,서울특별시 성북구 종암동 3-1342,37.60144986,127.0327235,,일반쓰레기,서울특별시 성북구청,02-2241-4418,2025-09-01,3070000,서울특별시 성북구
고려대역 1번출구,서울특별시,성북구,서울특별시 성북구 종암로 1,서울특별시 성북구 종암동 29-18,37.59064969,127.0362127,,일반쓰레기,서울특별시 성북구청,02-2241-4418,2025-09-01,3070000,서울특별시 성북구
우리은행 앞 광장,서울특별시,성북구,서울특별시 성북구 한천로66길 221-1,서울특별시 성북구 석관동 375-29,37.61416533,127.0649259,,일반쓰레기,서울특별시 성북구청,02-2241-4418,2025-09-01,3070000,서울특별시 성북구
현대백화점별관주차장 버스정류장(08-874),서울특별시,성북구,서울특별시 성북구 동소문로 312,서울특별시 성북구 하월곡동 89-4,37.60756223,127.0292087,,일반쓰레기,서울특별시 성북구청,02-2241-4418,2025-09-01,3070000,서울특별시 성북구
홍익대부속중고등학교입구 버스정류장(08-231),서울특별시,성북구,서울특별시 성북구 성북로 68,서울특별시 성북구 성북동 155-16,37.59352493,127.0014063,,일반쓰레기,서울특별시 성북구청,02-2241-4418,2025-09-01,3070000,서울특별시 성북구
경신중고입구 버스정류장(08-233),서울특별시,성북구,서울특별시 성북구 성북로 52-1,서울특별시 성북구 성북동 170-41,37.59251384,127.0027939,,일반쓰레기,서울특별시 성북구청,02-2241-4418,2025-09-01,3070000,서울특별시 성북구
아리랑고개.아리랑시네미디어센터 버스정류장(08-265),서울특별시,성북구,서울특별시 성북구 아리랑로 89,서울특별시 성북구 돈암동 524,37.60073299,127.0136175,,일반쓰레기,서울특별시 성북구청,02-2241-4418,2025-09-01,3070000,서울특별시 성북구
아리랑고개.아리랑시네미디어센터 버스정류장(08-266),서울특별시,성북구,서울특별시 성북구 아리랑로 82,서울특별시 성북구 돈암동 538-98,37.60005917,127.0139243,,일반쓰레기,서울특별시 성북구청,02-2241-4418,2025-09-01,3070000,서울특별시 성북구
장월초교.참누리아파트 버스정류장(08-450),서울특별시,성북구,서울특별시 성북구 월계로40길 7,서울특별시 성북구 장위동 316-3,37.62291794,127.0483972,,일반쓰레기,서울특별시 성북구청,02-2241-4418,2025-09-01,3070000,서울특별시 성북구
영어의 힘 앞,서울특별시,성북구,서울특별시 성북구 돌곶이로 197,서울특별시 성북구 장위동 214-79,37.61762061,127.0477205,,일반쓰레기,서울특별시 성북구청,02-2241-4418,2025-09-01,3070000,서울특별시 성북구
국민은행장위동지점 버스정류장(08-282),서울특별시,성북구,서울특별시 성북구 장월로 89-1,서울특별시 성북구 장위동 238-198,37.61386832,127.0487365,,일반쓰레기,서울특별시 성북구청,02-2241-4418,2025-09-01,3070000,서울특별시 성북구
안암역 버스정류장(08-301),서울특별시,성북구,서울특별시 성북구 고려대로 100,서울특별시 성북구 안암동5가 96,37.58617158,127.0304208,,일반쓰레기,서울특별시 성북구청,02-2241-4418,2025-09-01,3070000,서울특별시 성북구
안암전철역 버스정류장(08-302),서울특별시,성북구,서울특별시 성북구 고려대로27길 4,서울특별시 성북구 안암동5가 99,37.58652168,127.030237,,일반쓰레기,서울특별시 성북구청,02-2241-4418,2025-09-01,3070000,서울특별시 성북구
보문역 버스정류장(08-326),서울특별시,성북구,서울특별시 성북구 보문로 124,서울특별시 성북구 보문동1가 120,37.58612342,127.0192059,,일반쓰레기,서울특별시 성북구청,02-2241-4418,2025-09-01,3070000,서울특별시 성북구
보문동성당 버스정류장(08-181),서울특별시,성북구,서울특별시 성북구 보문로 79,서울특별시 성북구 보문동5가 160-1,37.58238112,127.0206873,,일반쓰레기,서울특별시 성북구청,02-2241-4418,2025-09-01,3070000,서울특별시 성북구
보문동주민센터 버스정류장(08-183),서울특별시,성북구,서울특별시 성북구 보문로 55-1,서울특별시 성북구 보문동7가 31,37.5804096,127.0217293,,재활용쓰레기,서울특별시 성북구청,02-2241-4418,2025-09-01,3070000,서울특별시 성북구
성가복지병원 버스정류장(08-149),서울특별시,성북구,서울특별시 성북구 종암로 180-1,서울특별시 성북구 하월곡동 90-117,37.6059607,127.0316371,,일반쓰레기,서울특별시 성북구청,02-2241-4418,2025-09-01,3070000,서울특별시 성북구
숭곡초교입구 버스정류장(08-101),서울특별시,성북구,서울특별시 성북구 종암로40길 37,서울특별시 성북구 하월곡동 174,37.60967849,127.0320225,,재활용쓰레기,서울특별시 성북구청,02-2241-4418,2025-09-01,3070000,서울특별시 성북구
월곡동신아파트 버스정류장(08-403),서울특별시,성북구,서울특별시 성북구 오패산로3길 17,서울특별시 성북구 하월곡동 219,37.60459386,127.0345453,,일반쓰레기,서울특별시 성북구청,02-2241-4418,2025-09-01,3070000,서울특별시 성북구
서울종암경찰서,서울특별시,성북구,서울특별시 성북구 종암로 132,서울특별시 성북구 종암동 132,37.60193718,127.0335324,,재활용쓰레기,서울특별시 성북구청,02-2241-4418,2025-09-01,3070000,서울특별시 성북구
길음역 9번출구,서울특별시,성북구,,서울특별시 성북구 길음동 1076-2,37.60455235,127.0251733,,일반쓰레기,서울특별시 성북구청,02-2241-4418,2025-09-01,3070000,서울특별시 성북구
월곡역 버스정류장(08-132),서울특별시,성북구,서울특별시 성북구 월곡로108,서울특별시 성북구 하월곡동 35-5,37.60156211,127.0415814,,재활용쓰레기,서울특별시 성북구청,02-2241-4418,2025-09-01,3070000,서울특별시 성북구
상월곡역 버스정류장(08-136),서울특별시,성북구,서울특별시 성북구 화랑로15길 4,서울특별시 성북구 상월곡동 55-56,37.60572459,127.0463868,,일반쓰레기,서울특별시 성북구청,02-2241-4418,2025-09-01,3070000,서울특별시 성북구
월곡중학교 버스정류장(08-353),서울특별시,성북구,,서울특별시 성북구 상월곡동 35-9,37.60603113,127.0476799,,일반쓰레기,서울특별시 성북구청,02-2241-4418,2025-09-01,3070000,서울특별시 성북구
돌곶이역 버스정류장(08-142),서울특별시,성북구,서울특별시 성북구 화랑로 241,서울특별시 성북구 장위동 64-115,37.61063073,127.0561203,,일반쓰레기,서울특별시 성북구청,02-2241-4418,2025-09-01,3070000,서울특별시 성북구
돌곶이역 2번출구,서울특별시,성북구,,서울특별시 성북구 장위동 64-135,37.61126749,127.0565666,,재활용쓰레기,서울특별시 성북구청,02-2241-4418,2025-09-01,3070000,서울특별시 성북구
정릉4동주민센터.경국사 버스정류장(08-163),서울특별시,성북구,,서울특별시 성북구 정릉동 747-4,37.61357821,127.0062651,,일반쓰레기,서울특별시 성북구청,02-2241-4418,2025-09-01,3070000,서울특별시 성북구
정릉동풍림아파트.청소년문화의집 버스정류장(08-262),서울특별시,성북구,서울특별시 성북구 솔샘로25길 11-11,서울특별시 성북구 정릉동 239-4,37.61604544,127.008106,,일반쓰레기,서울특별시 성북구청,02-2241-4418,2025-09-01,3070000,서울특별시 성북구
북악중학교 버스정류장(08-113),서울특별시,성북구,,서울특별시 성북구 정릉동 649-33,37.60730331,127.0030606,,일반쓰레기,서울특별시 성북구청,02-2241-4418,2025-09-01,3070000,서울특별시 성북구
국민대앞 버스정류장(08-108),서울특별시,성북구,서울특별시 성북구 정릉로 119-39,서울특별시 성북구 정릉동 산 1-79,37.60991195,126.9983548,,재활용쓰레기,서울특별시 성북구청,02-2241-4418,2025-09-01,3070000,서울특별시 성북구
국민대학교앞 버스정류장(08-110),서울특별시,성북구,,서울특별시 성북구 정릉동 산 1-213,37.61090527,126.9943438,,일반쓰레기,서울특별시 성북구청,02-2241-4418,2025-09-01,3070000,서울특별시 성북구
국민대앞 버스정류장(08-107),서울특별시,성북구,,서울특별시 성북구 정릉동 산 1-344,37.61094706,126.9935823,,재활용쓰레기,서울특별시 성북구청,02-2241-4418,2025-09-01,3070000,서울특별시 성북구
청덕초교 버스정류장(08-112),서울특별시,성북구,,서울특별시 성북구 정릉동 산 1-200,37.60836364,127.0007169,,일반쓰레기,서울특별시 성북구청,02-2241-4418,2025-09-01,3070000,서울특별시 성북구
고려대사범대학부속고등학교 버스정류장(08-114),서울특별시,성북구,서울특별시 성북구 정릉로 153,서울특별시 성북구 정릉동 653-1,37.60795544,127.0024021,,일반쓰레기,서울특별시 성북구청,02-2241-4418,2025-09-01,3070000,서울특별시 성북구
정릉우체국앞 버스정류장(08-169),서울특별시,성북구,,서울특별시 성북구 정릉동 415-18,37.60528387,127.0113803,,재활용쓰레기,서울특별시 성북구청,02-2241-4418,2025-09-01,3070000,서울특별시 성북구
정릉2동주민센터 버스정류장(08-117),서울특별시,성북구,서울특별시 성북구 정릉로26길 1,서울특별시 성북구 정릉동 966-125,37.60446495,127.0111291,,일반쓰레기,서울특별시 성북구청,02-2241-4418,2025-09-01,3070000,서울특별시 성북구
숭덕초교 버스정류장(08-119),서울특별시,성북구,서울특별시 성북구 정릉로 282,서울특별시 성북구 정릉동 966-112,37.60312751,127.0145106,,재활용쓰레기,서울특별시 성북구청,02-2241-4418,2025-09-01,3070000,서울특별시 성북구
숭덕초교 버스정류장(08-120),서울특별시,성북구,서울특별시 성북구 정릉로31길 30,서울특별시 성북구 정릉동 966-173,37.60387465,127.0153694,,일반쓰레기,서울특별시 성북구청,02-2241-4418,2025-09-01,3070000,서울특별시 성북구
서울다원학교.한용운활동터 버스정류장(08-223),서울특별시,성북구,,서울특별시 성북구 성북동 227-8,37.59438363,126.991777,,일반쓰레기,서울특별시 성북구청,02-2241-4418,2025-09-01,3070000,서울특별시 성북구
미아리고개.미아리예술극장 버스정류장(08-006),서울특별시,성북구,서울특별시 성북구 동소문로 184-1,서울특별시 성북구 돈암동 19-309,37.59840562,127.0219621,,일반쓰레기,서울특별시 성북구청,02-2241-4418,2025-09-01,3070000,서울특별시 성북구
미아리고개.미아리예술극장 버스정류장(08-005),서울특별시,성북구,서울특별시 성북구 동소문로 181-1,서울특별시 성북구 돈암동 49-1,37.59831397,127.0215854,,재활용쓰레기,서울특별시 성북구청,02-2241-4418,2025-09-01,3070000,서울특별시 성북구
돈암동삼성아파트입구 버스정류장(08-123),서울특별시,성북구,서울특별시 성북구 정릉로 372-1,서울특별시 성북구 돈암동 9-2,37.60188115,127.0244669,,일반쓰레기,서울특별시 성북구청,02-2241-4418,2025-09-01,3070000,서울특별시 성북구
성신필약국 앞,서울특별시,성북구,서울특별시 성북구 아리랑로7-1,서울특별시 성북구 동소문동6가 143-2,37.5934711,127.0161231,,재활용쓰레기,서울특별시 성북구청,02-2241-4418,2025-09-01,3070000,서울특별시 성북구
"성신여대입구역 버스정류장(08-270), 아리랑힐호텔 동대문 앞",서울특별시,성북구,서울특별시 성북구 아리랑로8,서울특별시 성북구 동선동4가 26,37.59360817,127.0166658,,일반쓰레기,서울특별시 성북구청,02-2241-4418,2025-09-01,3070000,서울특별시 성북구
돈암사거리.성신여대입구 버스정류장(08-008),서울특별시,성북구,,서울특별시 성북구 동선동1가 101-1,37.5930516,127.0173347,,재활용쓰레기,서울특별시 성북구청,02-2241-4418,2025-09-01,3070000,서울특별시 성북구
돈암사거리.성신여대입구 버스정류장(08-007),서울특별시,성북구,,서울특별시 성북구 동선동1가 123-1,37.59403525,127.0185316,,일반쓰레기,서울특별시 성북구청,02-2241-4418,2025-09-01,3070000,서울특별시 성북구
한성대입구역 5번 출구,서울특별시,성북구,서울특별시 성북구 성북로 3,서울특별시 성북구 성북동1가 35-33,37.58862414,127.0055302,,재활용쓰레기,서울특별시 성북구청,02-2241-4418,2025-09-01,3070000,서울특별시 성북구
삼선교.한성대학교.조소앙활동터 버스정류장(08-009),서울특별시,성북구,,서울특별시 성북구 동소문동3가 1-1,37.58995391,127.009784,,일반쓰레기,서울특별시 성북구청,02-2241-4418,2025-09-01,3070000,서울특별시 성북구
삼선교.한성대학교.조소앙활동터 버스정류장(08-010),서울특별시,성북구,서울특별시 성북구 동소문로 12-1,서울특별시 성북구 동소문동2가 2-1,37.58889911,127.0074702,,일반쓰레기,서울특별시 성북구청,02-2241-4418,2025-09-01,3070000,서울특별시 성북구
성북천 분수광장 평화의소녀상 앞,서울특별시,성북구,,서울특별시 성북구 동소문동2가 2-4,37.58840558,127.0064867,,재활용쓰레기,서울특별시 성북구청,02-2241-4418,2025-09-01,3070000,서울특별시 성북구
금정구청 앞 버스정류소,부산광역시,금정구,부산광역시 금정구 중앙대로 1770부산광역시 금정구 중앙대로 1777,,35.24234,129.093,금정구청 앞 버스정류소,일반쓰레기,부산광역시 금정구청,051-519-4434,2025-08-28,3350000,부산광역시 금정구
달산면사무소 앞,경상북도,영덕군,경상북도 영덕군 달산면 팔각산로 1833,경상북도 영덕군 달산면 대지리 463-3,36.39925547,129.3031206,,일반쓰레기,경상북도 영덕군청,054-730-6194,2025-08-28,5180000,경상북도 영덕군
덕천리 마을회관 앞,경상북도,영덕군,,경상북도 영덕군 병곡면 덕천리 54-4,36.56488276,129.420373,,일반쓰레기,경상북도 영덕군청,054-730-6194,2025-08-28,5180000,경상북도 영덕군
지품면사무소 앞,경상북도,영덕군,,경상북도 영덕군 지품면 신안리 183-10,36.44796596,129.2816463,,일반쓰레기,경상북도 영덕군청,054-730-6194,2025-08-28,5180000,경상북도 영덕군
상원리 마을회관 앞,경상북도,영덕군,,경상북도 영덕군 축산면 상원리 220-3,36.50740542,129.3988972,,일반쓰레기,경상북도 영덕군청,054-730-6194,2025-08-28,5180000,경상북도 영덕군
회1리 마을입구,경상북도,영덕군,,경상북도 영덕군 남정면 회리 691-7,36.27395438,129.3510523,,일반쓰레기,경상북도 영덕군청,054-730-6194,2025-08-28,5180000,경상북도 영덕군
부경리 블루로드길 입구,경상북도,영덕군,,경상북도 영덕군 남정면 부경리 448-7,36.26838467,129.3752332,,일반쓰레기,경상북도 영덕군청,054-730-6194,2025-08-28,5180000,경상북도 영덕군
화전1리 마을회관 앞,경상북도,영덕군,경상북도 영덕군 강구면 강산로 152,경상북도 영덕군 강구면 화전리 산 55-2,36.35817018,129.3658262,,일반쓰레기,경상북도 영덕군청,054-730-6194,2025-08-28,5180000,경상북도 영덕군
창포 해양청소년수련원 앞,경상북도,영덕군,,경상북도 영덕군 영덕읍 창포리 113-3,36.41760453,129.4306034,,일반쓰레기,경상북도 영덕군청,054-730-6194,2025-08-28,5180000,경상북도 영덕군
인천2리 마을회관 옆,경상북도,영덕군,,경상북도 영덕군 창수면 인천리 191-4,36.63775808,129.2843135,,일반쓰레기,경상북도 영덕군청,054-730-6194,2025-08-28,5180000,경상북도 영덕군
경정리 큰방파제 입구,경상북도,영덕군,,경상북도 영덕군 축산면 경정리 301-1,36.48373338,129.4354461,,일반쓰레기,경상북도 영덕군청,054-730-6194,2025-08-28,5180000,경상북도 영덕군
경정1리 경로당앞,경상북도,영덕군,,경상북도 영덕군 축산면 경정리 404-3,36.48367277,129.4325273,,일반쓰레기,경상북도 영덕군청,054-730-6194,2025-08-28,5180000,경상북도 영덕군
축산 영덕대대 주차장,경상북도,영덕군,,경상북도 영덕군 축산면 도곡리 615-4,36.50636254,129.41622,,일반쓰레기,경상북도 영덕군청,054-730-6194,2025-08-28,5180000,경상북도 영덕군
남정면 양성리 마을회관 앞,경상북도,영덕군,,경상북도 영덕군 남정면 양성리 176-4,36.28256739,129.3671429,,일반쓰레기,경상북도 영덕군청,054-730-6194,2025-08-28,5180000,경상북도 영덕군
회3리 폐비닐 집하장 옆,경상북도,영덕군,,경상북도 영덕군 남정면 회리 705-7,36.27364649,129.3318908,,일반쓰레기,경상북도 영덕군청,054-730-6194,2025-08-28,5180000,경상북도 영덕군
마을정자 옆,경상북도,영덕군,,경상북도 영덕군 남정면 회리 40-11,36.27501753,129.3409078,,일반쓰레기,경상북도 영덕군청,054-730-6194,2025-08-28,5180000,경상북도 영덕군
남정 원척리 물양장 앞,경상북도,영덕군,경상북도 영덕군 남정면 원척1길 44-1,경상북도 영덕군 남정면 원척리 121-1,36.30055384,129.3781363,,일반쓰레기,경상북도 영덕군청,054-730-6194,2025-08-28,5180000,경상북도 영덕군
부흥리 방파제 앞,경상북도,영덕군,,경상북도 영덕군 남정면 부흥리 486,36.29032174,129.375207,,일반쓰레기,경상북도 영덕군청,054-730-6194,2025-08-28,5180000,경상북도 영덕군
장사리 보건소 앞,경상북도,영덕군,경상북도 영덕군 남정면 진불4길 4,경상북도 영덕군 남정면 장사리 306-1,36.28554099,129.3722543,,일반쓰레기,경상북도 영덕군청,054-730-6194,2025-08-28,5180000,경상북도 영덕군
영해시장 공영주차장 내,경상북도,영덕군,,경상북도 영덕군 영해면 괴시리 143-1,36.54176292,129.4090079,,일반쓰레기,경상북도 영덕군청,054-730-6194,2025-08-28,5180000,경상북도 영덕군
영해보건지소 앞,경상북도,영덕군,,경상북도 영덕군 영해면 성내리 499-1,36.54093383,129.4054211,,일반쓰레기,경상북도 영덕군청,054-730-6194,2025-08-28,5180000,경상북도 영덕군
공중화장실 옆,경상북도,영덕군,,경상북도 영덕군 영해면 대리 390,36.51819594,129.2991678,,일반쓰레기,경상북도 영덕군청,054-730-6194,2025-08-28,5180000,경상북도 영덕군
영해정수장 앞,경상북도,영덕군,,경상북도 영덕군 영해면 성내리 824-5,36.53218421,129.4062223,,일반쓰레기,경상북도 영덕군청,054-730-6194,2025-08-28,5180000,경상북도 영덕군
성내3리 마을회관 앞,경상북도,영덕군,,경상북도 영덕군 영해면 성내리 687-4,36.53534308,129.4054433,,일반쓰레기,경상북도 영덕군청,054-730-6194,2025-08-28,5180000,경상북도 영덕군
벌영1리 마을회관 앞,경상북도,영덕군,,경상북도 영덕군 영해면 벌영리 388-1,36.53691248,129.4015272,,일반쓰레기,경상북도 영덕군청,054-730-6194,2025-08-28,5180000,경상북도 영덕군
영해면 영해시장내,경상북도,영덕군,경상북도 영덕군 영해면 예주시장4길 10,경상북도 영덕군 영해면 성내리 468-1,36.5400495,129.4073058,,일반쓰레기,경상북도 영덕군청,054-730-6194,2025-08-28,5180000,경상북도 영덕군
괴시리 예주고을 뒤,경상북도,영덕군,경상북도 영덕군 영해면 예주8길 14-7,경상북도 영덕군 영해면 괴시리 128,36.53906186,129.413478,,일반쓰레기,경상북도 영덕군청,054-730-6194,2025-08-28,5180000,경상북도 영덕군
성내리 교원아파트 앞,경상북도,영덕군,경상북도 영덕군 영해면 원당길 5,경상북도 영덕군 영해면 성내리 386,36.53779655,129.4104762,,일반쓰레기,경상북도 영덕군청,054-730-6194,2025-08-28,5180000,경상북도 영덕군
벌영리 금융한의원 앞,경상북도,영덕군,,경상북도 영덕군 영해면 벌영리 410-3,36.5375435,129.4003768,,일반쓰레기,경상북도 영덕군청,054-730-6194,2025-08-28,5180000,경상북도 영덕군
원구1리 마을회관 뒤,경상북도,영덕군,경상북도 영덕군 영해면 원구1길 54,경상북도 영덕군 영해면 원구리 152-18,36.53949225,129.3786693,,일반쓰레기,경상북도 영덕군청,054-730-6194,2025-08-28,5180000,경상북도 영덕군
오포리 풍성한교회 맞은편,경상북도,영덕군,,경상북도 영덕군 강구면 오포리 579-1,36.35880023,129.3776821,,일반쓰레기,경상북도 영덕군청,054-730-6194,2025-08-28,5180000,경상북도 영덕군
강구면 원직2리 마을앞 정자옆,경상북도,영덕군,,경상북도 영덕군 강구면 원직리 534,36.37632184,129.3683248,,일반쓰레기,경상북도 영덕군청,054-730-6194,2025-08-28,5180000,경상북도 영덕군
강구면사무소 건너편,경상북도,영덕군,,경상북도 영덕군 강구면 오포리 882,36.36147561,129.3780011,,일반쓰레기,경상북도 영덕군청,054-730-6194,2025-08-28,5180000,경상북도 영덕군
소월리 마을회관 앞,경상북도,영덕군,,경상북도 영덕군 강구면 소월리 133-1,36.37777784,129.3742767,,일반쓰레기,경상북도 영덕군청,054-730-6194,2025-08-28,5180000,경상북도 영덕군
중화요리 왕짜장앞,경상북도,영덕군,,경상북도 영덕군 강구면 하저리 산 181-1,36.3880102,129.4066097,,일반쓰레기,경상북도 영덕군청,054-730-6194,2025-08-28,5180000,경상북도 영덕군
삼사해상공원내,경상북도,영덕군,,경상북도 영덕군 강구면 삼사리 147,36.34892434,129.3849337,,일반쓰레기,경상북도 영덕군청,054-730-6194,2025-08-28,5180000,경상북도 영덕군
공중화장실 옆,경상북도,영덕군,,경상북도 영덕군 강구면 오포리 814-1,36.35777489,129.3890432,,일반쓰레기,경상북도 영덕군청,054-730-6194,2025-08-28,5180000,경상북도 영덕군
강구 해월횟집 앞,경상북도,영덕군,,경상북도 영덕군 강구면 금진리 806-1,36.37636469,129.4019142,,일반쓰레기,경상북도 영덕군청,054-730-6194,2025-08-28,5180000,경상북도 영덕군
오포3리 버스정류장 옆,경상북도,영덕군,,경상북도 영덕군 강구면 오포리 1-9,36.35648031,129.3849978,,일반쓰레기,경상북도 영덕군청,054-730-6194,2025-08-28,5180000,경상북도 영덕군
하저해수욕장,경상북도,영덕군,경상북도 영덕군 강구면 영덕대게로 509,경상북도 영덕군 강구면 하저리 57-2,36.39050172,129.4085883,,일반쓰레기,경상북도 영덕군청,054-730-6194,2025-08-28,5180000,경상북도 영덕군
오포3리 구 천주교 앞,경상북도,영덕군,경상북도 영덕군 강구면 신강구1길 21-1,경상북도 영덕군 강구면 오포리 675,36.35530805,129.3812564,,일반쓰레기,경상북도 영덕군청,054-730-6194,2025-08-28,5180000,경상북도 영덕군
구일우성아파트(1),서울특별시,구로구,서울특별시 구로구 구일로2길 60,서울특별시 구로구 구로동 1259,37.48975807,126.8770812,,일반쓰레기,서울특별시 구로구청 청소행정과,02-860-2918,2024-12-26,3160000,서울특별시 구로구
오포2리 의용소방대 옆,경상북도,영덕군,,경상북도 영덕군 강구면 오포리 616-1,36.35449737,129.3789892,,일반쓰레기,경상북도 영덕군청,054-730-6194,2025-08-28,5180000,경상북도 영덕군
오포1리 회관앞,경상북도,영덕군,,경상북도 영덕군 강구면 오포리 386-4,36.36303272,129.3755067,,일반쓰레기,경상북도 영덕군청,054-730-6194,2025-08-28,5180000,경상북도 영덕군
영덕읍 에코리브 앞,경상북도,영덕군,,경상북도 영덕군 영덕읍 화개리 644-13,36.41740653,129.3660419,,일반쓰레기,경상북도 영덕군청,054-730-6194,2025-08-28,5180000,경상북도 영덕군
상림도원맨션앞,경상북도,영덕군,,경상북도 영덕군 영덕읍 화개리 257,36.42036067,129.3632565,,일반쓰레기,경상북도 영덕군청,054-730-6194,2025-08-28,5180000,경상북도 영덕군
영덕군청,경상북도,영덕군,경상북도 영덕군 영덕읍 군청길 116,경상북도 영덕군 영덕읍 남석리 310-3,36.41503388,129.3654012,,일반쓰레기,경상북도 영덕군청,054-730-6194,2025-08-28,5180000,경상북도 영덕군
영덕고등학교 후문,경상북도,영덕군,,경상북도 영덕군 영덕읍 화개리 86,36.4151178,129.368141,,일반쓰레기,경상북도 영덕군청,054-730-6194,2025-08-28,5180000,경상북도 영덕군
화천3리 버스 승강장 옆,경상북도,영덕군,,경상북도 영덕군 영덕읍 화천리 524-5,36.45990512,129.3524221,,일반쓰레기,경상북도 영덕군청,054-730-6194,2025-08-28,5180000,경상북도 영덕군
영덕읍 우곡리 덕곡지앞,경상북도,영덕군,,경상북도 영덕군 영덕읍 우곡리 93-1,36.41563383,129.3792098,,일반쓰레기,경상북도 영덕군청,054-730-6194,2025-08-28,5180000,경상북도 영덕군
오보해수욕장 옆,경상북도,영덕군,경상북도 영덕군 영덕읍 영덕대게로 1198,경상북도 영덕군 영덕읍 오보리 146-7,36.44022908,129.4324078,,일반쓰레기,경상북도 영덕군청,054-730-6194,2025-08-28,5180000,경상북도 영덕군
영덕 SYB미용실 앞,경상북도,영덕군,,경상북도 영덕군 영덕읍 덕곡리 233,36.41318837,129.3713592,,일반쓰레기,경상북도 영덕군청,054-730-6194,2025-08-28,5180000,경상북도 영덕군
제주도야지 삼겹살 앞,경상북도,영덕군,,경상북도 영덕군 영덕읍 덕곡리 331-3,36.40955044,129.3709725,,일반쓰레기,경상북도 영덕군청,054-730-6194,2025-08-28,5180000,경상북도 영덕군
영덕 스마트타워 앞,경상북도,영덕군,,경상북도 영덕군 영덕읍 덕곡리 322-11,36.41385344,129.3732127,,일반쓰레기,경상북도 영덕군청,054-730-6194,2025-08-28,5180000,경상북도 영덕군
영덕경찰서 옆,경상북도,영덕군,경상북도 영덕군 영덕읍 남산길 21-3,경상북도 영덕군 영덕읍 남산리 63-5,36.40132792,129.3706873,,일반쓰레기,경상북도 영덕군청,054-730-6194,2025-08-28,5180000,경상북도 영덕군
영덕 맘에듬 아파트 옆,경상북도,영덕군,,경상북도 영덕군 영덕읍 우곡리 490-4,36.40858173,129.3712698,,일반쓰레기,경상북도 영덕군청,054-730-6194,2025-08-28,5180000,경상북도 영덕군
영덕 콩 식당 옆,경상북도,영덕군,,경상북도 영덕군 영덕읍 덕곡리 228-7,36.41328385,129.3731214,,일반쓰레기,경상북도 영덕군청,054-730-6194,2025-08-28,5180000,경상북도 영덕군
영덕읍사무소 입구,경상북도,영덕군,,경상북도 영덕군 영덕읍 우곡리 490-4,36.40858173,129.3712698,,일반쓰레기,경상북도 영덕군청,054-730-6194,2025-08-28,5180000,경상북도 영덕군
구미리 마을회관 옆,경상북도,영덕군,경상북도 영덕군 영덕읍 구미1길 14,경상북도 영덕군 영덕읍 구미리 155,36.43338075,129.3546003,,일반쓰레기,경상북도 영덕군청,054-730-6194,2025-08-28,5180000,경상북도 영덕군
석리 승강장 옆,경상북도,영덕군,,경상북도 영덕군 영덕읍 석리 221-3,36.46573457,129.4351088,,일반쓰레기,경상북도 영덕군청,054-730-6194,2025-08-28,5180000,경상북도 영덕군
창포 노인회관 앞,경상북도,영덕군,,경상북도 영덕군 영덕읍 창포리 625-1,36.410966,129.4298665,,일반쓰레기,경상북도 영덕군청,054-730-6194,2025-08-28,5180000,경상북도 영덕군
노물 승강장 앞,경상북도,영덕군,,경상북도 영덕군 영덕읍 노물리 568,36.44641039,129.4321646,,일반쓰레기,경상북도 영덕군청,054-730-6194,2025-08-28,5180000,경상북도 영덕군
남산 마을회관 앞,경상북도,영덕군,,경상북도 영덕군 영덕읍 남산리 245-1,36.39209573,129.3693516,,일반쓰레기,경상북도 영덕군청,054-730-6194,2025-08-28,5180000,경상북도 영덕군
야로면_묵촌리(재활용 동네마당),경상남도,합천군,,경상남도 합천군 야로면 묵촌리 654-5,35.7048422,128.1538951,묵촌1구,재활용쓰레기,경상남도 합천군청,055-930-3304,2025-07-24,5480000,경상남도 합천군
야로면_하빈리(재활용 동네마당)_1,경상남도,합천군,,경상남도 합천군 야로면 하빈리 282,35.7268417,128.1874528,하빈2구,재활용쓰레기,경상남도 합천군청,055-930-3304,2025-07-24,5480000,경상남도 합천군
야로면_나대리(재활용 동네마당),경상남도,합천군,,경상남도 합천군 야로면 나대리 472-8,35.7581771,128.1724539,나대 3구,재활용쓰레기,경상남도 합천군청,055-930-3304,2025-07-24,5480000,경상남도 합천군
야로면_금평리(재활용 동네마당),경상남도,합천군,,경상남도 합천군 야로면 금평리 137,35.7084214,128.1852657,금평 2구,재활용쓰레기,경상남도 합천군청,055-930-3304,2025-07-24,5480000,경상남도 합천군
야로면_청계리(재활용 동네마당),경상남도,합천군,,경상남도 합천군 야로면 청계리 376-8,35.6933264,128.2004456,청계1구마을,재활용쓰레기,경상남도 합천군청,055-930-3304,2025-07-24,5480000,경상남도 합천군
야로면_하빈리(재활용 동네마당)_2,경상남도,합천군,,경상남도 합천군 야로면 하빈리 438-10,35.7087664,128.1776742,하빈1구마을,재활용쓰레기,경상남도 합천군청,055-930-3304,2025-07-24,5480000,경상남도 합천군
야로면_하림리(재활용 동네마당),경상남도,합천군,,경상남도 합천군 야로면 하림리 675-1,35.7454434,128.1505014,하림2구마을,재활용쓰레기,경상남도 합천군청,055-930-3304,2025-07-24,5480000,경상남도 합천군
가야면_사촌리(재활용 동네마당)_1,경상남도,합천군,,경상남도 합천군 가야면 사촌리 496-2,35.7506102,128.1250685,,재활용쓰레기,경상남도 합천군청,055-930-3304,2025-07-24,5480000,경상남도 합천군
가야면_죽전리(재활용 동네마당),경상남도,합천군,,경상남도 합천군 가야면 죽전리 429-6,35.7499737,128.0783512,,재활용쓰레기,경상남도 합천군청,055-930-3304,2025-07-24,5480000,경상남도 합천군
구일어린이집 옆,서울특별시,구로구,서울특별시 구로구 구일로 62,서울특별시 구로구 구로동 685-219,37.49177716,126.8743642,,일반쓰레기,서울특별시 구로구청 청소행정과,02-860-2918,2024-12-26,3160000,서울특별시 구로구
적중면_황정리2(재활용 동네마당),경상남도,합천군,경상남도 합천군 적중면 황정길 109-1,,35.5357856,128.2852634,황정마을,재활용쓰레기,경상남도 합천군청,055-930-3304,2025-07-24,5480000,경상남도 합천군
적중면_황정리1(재활용 동네마당),경상남도,합천군,경상남도 합천군 적중면 부수길 28-2,,35.5441548,128.2871901,부수마을,재활용쓰레기,경상남도 합천군청,055-930-3304,2025-07-24,5480000,경상남도 합천군
적중면_양림리(재활용 동네마당),경상남도,합천군,경상남도 합천군 적중면 양림길 27,,35.5381525,128.2672411,양림마을,재활용쓰레기,경상남도 합천군청,055-930-3304,2025-07-24,5480000,경상남도 합천군
청덕면_모리(재활용 동네마당),경상남도,합천군,,경상남도 합천군 청덕면 모리 378,35.5746318,128.3085041,,재활용쓰레기,경상남도 합천군청,055-930-3304,2025-07-24,5480000,경상남도 합천군
청덕면_가현리(재활용 동네마당),경상남도,합천군,,경상남도 합천군 청덕면 가현리 69,35.5715121,128.3422514,마을회관,재활용쓰레기,경상남도 합천군청,055-930-3304,2025-07-24,5480000,경상남도 합천군
덕곡면_본곡리(재활용 동네마당),경상남도,합천군,,경상남도 합천군 덕곡면 본곡리 768,35.6446497,128.3086293,,재활용쓰레기,경상남도 합천군청,055-930-3304,2025-07-24,5480000,경상남도 합천군
덕곡면_장리(재활용 동네마당)_1,경상남도,합천군,,경상남도 합천군 덕곡면 장리 1000-3,35.6283973,128.3158976,상대마을,재활용쓰레기,경상남도 합천군청,055-930-3304,2025-07-24,5480000,경상남도 합천군
덕곡면_병배리(재활용 동네마당)_1,경상남도,합천군,,경상남도 합천군 덕곡면 병배리 290-3,35.6246449,128.3400711,병배마을,재활용쓰레기,경상남도 합천군청,055-930-3304,2025-07-24,5480000,경상남도 합천군
덕곡면_병배리(재활용 동네마당)_2,경상남도,합천군,,경상남도 합천군 덕곡면 병배리 72-1,35.6192479,128.3456449,남재마을,재활용쓰레기,경상남도 합천군청,055-930-3304,2025-07-24,5480000,경상남도 합천군
덕곡면_학리(재활용 동네마당)_1,경상남도,합천군,,경상남도 합천군 덕곡면 학리 547,35.6247044,128.3476335,학동마을,재활용쓰레기,경상남도 합천군청,055-930-3304,2025-07-24,5480000,경상남도 합천군
덕곡면_학리(재활용 동네마당)_2,경상남도,합천군,,경상남도 합천군 덕곡면 학리 302-1,35.6262151,128.3519898,개독마을,재활용쓰레기,경상남도 합천군청,055-930-3304,2025-07-24,5480000,경상남도 합천군
덕곡면_율원리(재활용 동네마당),경상남도,합천군,,경상남도 합천군 덕곡면 율원리 406,35.6401608,128.2905254,율원마을,재활용쓰레기,경상남도 합천군청,055-930-3304,2025-07-24,5480000,경상남도 합천군
덕곡면_장리(재활용 동네마당)_2,경상남도,합천군,,경상남도 합천군 덕곡면 장리 531-2,35.6246193,128.3265031,,재활용쓰레기,경상남도 합천군청,055-930-3304,2025-07-24,5480000,경상남도 합천군
덕곡면_포두리(재활용 동네마당),경상남도,합천군,경상남도 합천군 덕곡면 포두1길 82-7,,35.6315481,128.3468682,,재활용쓰레기,경상남도 합천군청,055-930-3304,2025-07-24,5480000,경상남도 합천군
덕곡면_장리(재활용 동네마당)_3,경상남도,합천군,경상남도 합천군 덕곡면 장리 2길 3,,35.6232635,128.3311783,대동마을,재활용쓰레기,경상남도 합천군청,055-930-3304,2025-07-24,5480000,경상남도 합천군
쌍책면_상포리(재활용 동네마당)_1,경상남도,합천군,,경상남도 합천군 쌍책면 상포리 448,35.5827021,128.2736784,,재활용쓰레기,경상남도 합천군청,055-930-3304,2025-07-24,5480000,경상남도 합천군
쌍책면_덕봉리(재활용 동네마당),경상남도,합천군,,경상남도 합천군 쌍책면 덕봉리 241-2,35.6029446,128.2785594,덕봉마을,재활용쓰레기,경상남도 합천군청,055-930-3304,2025-07-24,5480000,경상남도 합천군
쌍책면_상포리(재활용 동네마당)_2,경상남도,합천군,,경상남도 합천군 쌍책면 상포리 248-3,35.5840863,128.2673384,상포마을회관,재활용쓰레기,경상남도 합천군청,055-930-3304,2025-07-24,5480000,경상남도 합천군
초계면_대평리(재활용 동네마당),경상남도,합천군,,경상남도 합천군 초계면 대평리 430-4,35.5452444,128.2513609,대평마을,재활용쓰레기,경상남도 합천군청,055-930-3304,2025-07-24,5480000,경상남도 합천군
초계면_상대리(재활용 동네마당),경상남도,합천군,,경상남도 합천군 초계면 상대리 445,35.5310564,128.2514821,,재활용쓰레기,경상남도 합천군청,055-930-3304,2025-07-24,5480000,경상남도 합천군
초계면_신촌리(재활용 동네마당),경상남도,합천군,,경상남도 합천군 초계면 신촌리 607-8,35.5221829,128.2490177,정곡마을회관,재활용쓰레기,경상남도 합천군청,055-930-3304,2025-07-24,5480000,경상남도 합천군
초계면_중리(재활용 동네마당),경상남도,합천군,,경상남도 합천군 초계면 중리 110,35.5602246,128.2559635,,재활용쓰레기,경상남도 합천군청,055-930-3304,2025-07-24,5480000,경상남도 합천군
율곡면_본천리(재활용 동네마당),경상남도,합천군,,경상남도 합천군 율곡면 본천리 424,35.5567639,128.1926374,본천1구,재활용쓰레기,경상남도 합천군청,055-930-3304,2025-07-24,5480000,경상남도 합천군
율곡면_제내리(재활용 동네마당),경상남도,합천군,경상남도 합천군 율곡면 제내2길 21-3,,35.5849868,128.2084181,제내리,재활용쓰레기,경상남도 합천군청,055-930-3304,2025-07-24,5480000,경상남도 합천군
율곡면_임북리(재활용 동네마당),경상남도,합천군,경상남도 합천군 율곡면 임북2길 43-1,,35.5757757,128.1798845,임북마을,재활용쓰레기,경상남도 합천군청,055-930-3304,2025-07-24,5480000,경상남도 합천군
율곡면_노양리(재활용 동네마당),경상남도,합천군,,경상남도 합천군 율곡면 노양리 581-1,35.6239604,128.1931849,,재활용쓰레기,경상남도 합천군청,055-930-3304,2025-07-24,5480000,경상남도 합천군
율곡면_영전리(재활용 동네마당),경상남도,합천군,,경상남도 합천군 율곡면 영전리 455-1,35.5724136,128.2180941,,재활용쓰레기,경상남도 합천군청,055-930-3304,2025-07-24,5480000,경상남도 합천군
율곡면_내천리(재활용 동네마당),경상남도,합천군,,경상남도 합천군 율곡면 내천리 594-6,35.6109354,128.2386188,내천마을,재활용쓰레기,경상남도 합천군청,055-930-3304,2025-07-24,5480000,경상남도 합천군
율곡면_와리(재활용 동네마당),경상남도,합천군,,경상남도 합천군 율곡면 와리 424-3,35.6111101,128.1967634,마을회관 앞,재활용쓰레기,경상남도 합천군청,055-930-3304,2025-07-24,5480000,경상남도 합천군
야로면_매촌리(재활용 동네마당),경상남도,합천군,,경상남도 합천군 야로면 매촌리 300-1,35.7209982,128.1646808,,재활용쓰레기,경상남도 합천군청,055-930-3304,2025-07-24,5480000,경상남도 합천군
한일유앤아이아파트,서울특별시,구로구,서울특별시 구로구 가마산로 87,서울특별시 구로구 구로동 1281-1,37.48584845,126.876157,,일반쓰레기,서울특별시 구로구청 청소행정과,02-860-2918,2024-12-26,3160000,서울특별시 구로구
대병면_상천리(재활용 동네마당),경상남도,합천군,경상남도 합천군 대병면 상천길 29-1,,35.5443764,128.0280579,상천마을,재활용쓰레기,경상남도 합천군청,055-930-3304,2025-07-24,5480000,경상남도 합천군
대병면_양리(재활용 동네마당),경상남도,합천군,,경상남도 합천군 대병면 양리 631,35.5058701,128.0239437,도현마을,재활용쓰레기,경상남도 합천군청,055-930-3304,2025-07-24,5480000,경상남도 합천군
가회면_오도리2(재활용 동네마당),경상남도,합천군,경상남도 합천군 가회면 안불길 127,,35.4486652,128.0348103,안불마을,재활용쓰레기,경상남도 합천군청,055-930-3304,2025-07-24,5480000,경상남도 합천군
가회면_오도리1(재활용 동네마당),경상남도,합천군,,경상남도 합천군 가회면 오도리 1016-3,35.4515047,128.0343709,안불마을,재활용쓰레기,경상남도 합천군청,055-930-3304,2025-07-24,5480000,경상남도 합천군
가회면_장대리(재활용 동네마당),경상남도,합천군,,경상남도 합천군 가회면 장대리 677,35.4422671,128.0545132,마을회관,재활용쓰레기,경상남도 합천군청,055-930-3304,2025-07-24,5480000,경상남도 합천군
삼가면_외톨리(재활용 동네마당),경상남도,합천군,,경상남도 합천군 삼가면 외톨리 577-2,35.4136416,128.1045828,토동마을,재활용쓰레기,경상남도 합천군청,055-930-3304,2025-07-24,5480000,경상남도 합천군
쌍백면_하신리(재활용 동네마당)_1,경상남도,합천군,,경상남도 합천군 쌍백면 하신리 809-3,35.4610897,128.1251036,,재활용쓰레기,경상남도 합천군청,055-930-3304,2025-07-24,5480000,경상남도 합천군
쌍백면_외초리(재활용 동네마당)_1,경상남도,합천군,,경상남도 합천군 쌍백면 외초리 1060,35.4127127,128.1687308,외초마을,재활용쓰레기,경상남도 합천군청,055-930-3304,2025-07-24,5480000,경상남도 합천군
쌍백면_평구리(재활용 동네마당)_1,경상남도,합천군,,경상남도 합천군 쌍백면 평구리 887-1,35.4411999,128.1379711,하안마을,재활용쓰레기,경상남도 합천군청,055-930-3304,2025-07-24,5480000,경상남도 합천군
쌍백면_평구리(재활용 동네마당)_2,경상남도,합천군,,경상남도 합천군 쌍백면 평구리 837-4,35.4348169,128.1389735,,재활용쓰레기,경상남도 합천군청,055-930-3304,2025-07-24,5480000,경상남도 합천군
쌍백면_죽전리(재활용 동네마당)_1,경상남도,합천군,,경상남도 합천군 쌍백면 죽전리 672-3,35.4542199,128.1172602,,재활용쓰레기,경상남도 합천군청,055-930-3304,2025-07-24,5480000,경상남도 합천군
쌍백면_백역리(재활용 동네마당)_1,경상남도,합천군,,경상남도 합천군 쌍백면 백역리 1014,35.4854131,128.1213942,,재활용쓰레기,경상남도 합천군청,055-930-3304,2025-07-24,5480000,경상남도 합천군
쌍백면_죽전리(재활용 동네마당)_2,경상남도,합천군,,경상남도 합천군 쌍백면 죽전리 111,35.4446461,128.1272702,,재활용쓰레기,경상남도 합천군청,055-930-3304,2025-07-24,5480000,경상남도 합천군
쌍백면_안계리(재활용 동네마당),경상남도,합천군,,경상남도 합천군 쌍백면 안계리 955,35.4354249,128.1831954,,재활용쓰레기,경상남도 합천군청,055-930-3304,2025-07-24,5480000,경상남도 합천군
쌍백면_외초리(재활용 동네마당)_2,경상남도,합천군,,경상남도 합천군 쌍백면 외초리 554-6,35.4198881,128.1685916,,재활용쓰레기,경상남도 합천군청,055-930-3304,2025-07-24,5480000,경상남도 합천군
쌍백면_하신리(재활용 동네마당)_2,경상남도,합천군,,경상남도 합천군 쌍백면 하신리 708-3,35.4679961,128.1235166,,재활용쓰레기,경상남도 합천군청,055-930-3304,2025-07-24,5480000,경상남도 합천군
쌍백면_삼리(재활용 동네마당),경상남도,합천군,,경상남도 합천군 쌍백면 삼리 251-5,35.4671705,128.0999032,,재활용쓰레기,경상남도 합천군청,055-930-3304,2025-07-24,5480000,경상남도 합천군
쌍백면_백역리(재활용 동네마당)_2,경상남도,합천군,,경상남도 합천군 쌍백면 백역리 971-4,35.4793357,128.1232915,,재활용쓰레기,경상남도 합천군청,055-930-3304,2025-07-24,5480000,경상남도 합천군
쌍백면_외초리(재활용 동네마당)_3,경상남도,합천군,,경상남도 합천군 쌍백면 외초리 1065,35.4111052,128.1708966,,재활용쓰레기,경상남도 합천군청,055-930-3304,2025-07-24,5480000,경상남도 합천군
대양면_백암리(재활용 동네마당)_1,경상남도,합천군,,경상남도 합천군 대양면 백암리 367,35.4969628,128.2209542,,재활용쓰레기,경상남도 합천군청,055-930-3304,2025-07-24,5480000,경상남도 합천군
대양면_덕정리(재활용 동네마당),경상남도,합천군,,경상남도 합천군 대양면 덕정리 706-3,35.5142588,128.1783471,,재활용쓰레기,경상남도 합천군청,055-930-3304,2025-07-24,5480000,경상남도 합천군
대양면_양산리(재활용 동네마당),경상남도,합천군,,경상남도 합천군 대양면 양산리 588-12,35.5031786,128.1672774,,재활용쓰레기,경상남도 합천군청,055-930-3304,2025-07-24,5480000,경상남도 합천군
대양면_함지리(재활용 동네마당),경상남도,합천군,,경상남도 합천군 대양면 함지리 173-6,35.4912131,128.1637477,,재활용쓰레기,경상남도 합천군청,055-930-3304,2025-07-24,5480000,경상남도 합천군
대양면_무곡리(재활용 동네마당)_1,경상남도,합천군,,경상남도 합천군 대양면 무곡리 984,35.5213401,128.1866761,,재활용쓰레기,경상남도 합천군청,055-930-3304,2025-07-24,5480000,경상남도 합천군
대양면_무곡리(재활용 동네마당)_2,경상남도,합천군,,경상남도 합천군 대양면 무곡리 1258-1,35.5178917,128.2010229,,재활용쓰레기,경상남도 합천군청,055-930-3304,2025-07-24,5480000,경상남도 합천군
대양면_안금리(재활용 동네마당),경상남도,합천군,,경상남도 합천군 대양면 안금리 576-2,35.4959148,128.1848427,본동마을,재활용쓰레기,경상남도 합천군청,055-930-3304,2025-07-24,5480000,경상남도 합천군
대양면_백암리(재활용 동네마당)_2,경상남도,합천군,,경상남도 합천군 대양면 백암리 542,35.4974459,128.2129423,백암마을,재활용쓰레기,경상남도 합천군청,055-930-3304,2025-07-24,5480000,경상남도 합천군
대양면_정양리(재활용 동네마당),경상남도,합천군,,경상남도 합천군 대양면 정양리 293,35.5428363,128.1630034,정양마을,재활용쓰레기,경상남도 합천군청,055-930-3304,2025-07-24,5480000,경상남도 합천군
적중면_정토리(재활용 동네마당),경상남도,합천군,,경상남도 합천군 적중면 정토리 206-1,35.5296748,128.2569581,정토마을,재활용쓰레기,경상남도 합천군청,055-930-3304,2025-07-24,5480000,경상남도 합천군
적중면_두방리(재활용 동네마당),경상남도,합천군,,경상남도 합천군 적중면 두방리 45,35.5372111,128.2996487,승림마을,재활용쓰레기,경상남도 합천군청,055-930-3304,2025-07-24,5480000,경상남도 합천군
적중면_누하리(재활용 동네마당),경상남도,합천군,경상남도 합천군 적중면 명곡2길 40,,35.5288334,128.2707277,명곡마을,재활용쓰레기,경상남도 합천군청,055-930-3304,2025-07-24,5480000,경상남도 합천군
합천읍_합천리(배출하우스)_20,경상남도,합천군,,경상남도 합천군 합천읍 합천리 872-1,35.5625799,128.1604401,,일반쓰레기+재활용쓰,경상남도 합천군청,055-930-3304,2025-07-24,5480000,경상남도 합천군
합천읍_합천리(배출하우스)_21,경상남도,합천군,,경상남도 합천군 합천읍 합천리 348-7,35.5656722,128.1666461,,일반쓰레기+재활용쓰,경상남도 합천군청,055-930-3304,2025-07-24,5480000,경상남도 합천군
합천읍_합천리(배출하우스)_22,경상남도,합천군,,경상남도 합천군 합천읍 합천리 501-2,35.5681729,128.1570201,,일반쓰레기+재활용쓰,경상남도 합천군청,055-930-3304,2025-07-24,5480000,경상남도 합천군
합천읍_합천리(배출하우스)_23,경상남도,합천군,,경상남도 합천군 합천읍 합천리 477-52,35.5692507,128.1600121,,일반쓰레기+재활용쓰,경상남도 합천군청,055-930-3304,2025-07-24,5480000,경상남도 합천군
합천읍_영창리(배출하우스)_2,경상남도,합천군,,경상남도 합천군 합천읍 영창리 17-3,35.5820572,128.1680922,한진택배 앞,일반쓰레기+재활용쓰,경상남도 합천군청,055-930-3304,2025-07-24,5480000,경상남도 합천군
합천읍_내곡리(배출하우스),경상남도,합천군,,경상남도 합천군 합천읍 내곡리 655-1,35.6412923,128.1498421,내곡경로당,일반쓰레기+재활용쓰,경상남도 합천군청,055-930-3304,2025-07-24,5480000,경상남도 합천군
합천읍_합천리(배출하우스)_24,경상남도,합천군,,경상남도 합천군 합천읍 합천리 360-9,35.5675636,128.1677421,,일반쓰레기+재활용쓰,경상남도 합천군청,055-930-3304,2025-07-24,5480000,경상남도 합천군
합천읍_인곡리(배출하우스),경상남도,합천군,,경상남도 합천군 합천읍 인곡리 629,35.6052621,128.1000635,인곡마을,일반쓰레기+재활용쓰,경상남도 합천군청,055-930-3304,2025-07-24,5480000,경상남도 합천군
합천읍_합천리(배출하우스)_25,경상남도,합천군,,경상남도 합천군 합천읍 합천리 915-20,35.5612523,128.1555505,용수사우나 옆,일반쓰레기+재활용쓰,경상남도 합천군청,055-930-3304,2025-07-24,5480000,경상남도 합천군
합천읍_영창리(배출하우스)_3,경상남도,합천군,,경상남도 합천군 합천읍 영창리 614-7,35.5715386,128.1611639,영창구판장 옆,일반쓰레기+재활용쓰,경상남도 합천군청,055-930-3304,2025-07-24,5480000,경상남도 합천군
합천읍_영창리(배출하우스)_4,경상남도,합천군,,경상남도 합천군 합천읍 영창리 917,35.5738895,128.1555749,영창리 연화빌라,일반쓰레기+재활용쓰,경상남도 합천군청,055-930-3304,2025-07-24,5480000,경상남도 합천군
합천읍_합천리(배출하우스)_26,경상남도,합천군,,경상남도 합천군 합천읍 합천리 700-2,35.5636705,128.1604752,롯데슈퍼 옆,일반쓰레기+재활용쓰,경상남도 합천군청,055-930-3304,2025-07-24,5480000,경상남도 합천군
합천읍_합천리(배출하우스)_27,경상남도,합천군,,경상남도 합천군 합천읍 합천리 856-40,35.5631059,128.1579921,창동경로당 앞,일반쓰레기+재활용쓰,경상남도 합천군청,055-930-3304,2025-07-24,5480000,경상남도 합천군
합천읍_합천리(배출하우스)_28,경상남도,합천군,,경상남도 합천군 합천읍 합천리 1013,35.5660291,128.1559569,중흥동경로당 옆,일반쓰레기+재활용쓰,경상남도 합천군청,055-930-3304,2025-07-24,5480000,경상남도 합천군
합천읍_합천리(배출하우스)_29,경상남도,합천군,경상남도 합천군 합천읍 대야로 890-10,,35.5676137,128.1640905,합천빌라 앞,일반쓰레기+재활용쓰,경상남도 합천군청,055-930-3304,2025-07-24,5480000,경상남도 합천군
합천읍_합천리(배출하우스)_30,경상남도,합천군,,경상남도 합천군 합천읍 합천리 1365-108,35.5677503,128.1562691,중흥동 육각정 옆,일반쓰레기+재활용쓰,경상남도 합천군청,055-930-3304,2025-07-24,5480000,경상남도 합천군
합천읍_영창리(배출하우스)_5,경상남도,합천군,경상남도 합천군 합천읍 신소양1길 4,,35.5788756,128.1679422,신소양노인회관,일반쓰레기+재활용쓰,경상남도 합천군청,055-930-3304,2025-07-24,5480000,경상남도 합천군
합천읍_합천리(배출하우스)_31,경상남도,합천군,,경상남도 합천군 합천읍 합천리 976-22,35.5642986,128.1557771,대원상사 앞,일반쓰레기+재활용쓰,경상남도 합천군청,055-930-3304,2025-07-24,5480000,경상남도 합천군
합천읍_합천리(배출하우스)_32,경상남도,합천군,,경상남도 합천군 합천읍 합천리 978-10,35.5652272,128.1556906,대천명가 인근,일반쓰레기+재활용쓰,경상남도 합천군청,055-930-3304,2025-07-24,5480000,경상남도 합천군
합천읍_합천리(배출하우스)_33,경상남도,합천군,,경상남도 합천군 합천읍 합천리 655-8,35.5678971,128.1611125,중앙식육식당 앞,일반쓰레기+재활용쓰,경상남도 합천군청,055-930-3304,2025-07-24,5480000,경상남도 합천군
합천읍_합천리(배출하우스)_34,경상남도,합천군,,경상남도 합천군 합천읍 합천리 249-3,35.5630465,128.1620404,대영광고 옆,일반쓰레기+재활용쓰,경상남도 합천군청,055-930-3304,2025-07-24,5480000,경상남도 합천군
합천읍_합천리(배출하우스)_35,경상남도,합천군,,경상남도 합천군 합천읍 합천리 539-2,35.5668751,128.1568962,중흥동 소공원,일반쓰레기+재활용쓰,경상남도 합천군청,055-930-3304,2025-07-24,5480000,경상남도 합천군
합천읍_합천리(배출하우스)_36,경상남도,합천군,경상남도 합천군 합천읍 중앙로 75,,35.5674951,128.1585081,태백산맥,일반쓰레기+재활용쓰,경상남도 합천군청,055-930-3304,2025-07-24,5480000,경상남도 합천군
용주면_가호리(재활용 동네마당),경상남도,합천군,,경상남도 합천군 용주면 가호리 633-4,35.5508604,128.0662891,,재활용쓰레기,경상남도 합천군청,055-930-3304,2025-07-24,5480000,경상남도 합천군
용주면_평산리(재활용 동네마당),경상남도,합천군,,경상남도 합천군 용주면 평산리 378,35.5255736,128.1175514,,재활용쓰레기,경상남도 합천군청,055-930-3304,2025-07-24,5480000,경상남도 합천군
용주면_우곡리(재활용 동네마당),경상남도,합천군,,경상남도 합천군 용주면 우곡리 283-5,35.5733782,128.0789623,우곡마을,재활용쓰레기,경상남도 합천군청,055-930-3304,2025-07-24,5480000,경상남도 합천군
용주면_고품리(재활용 동네마당),경상남도,합천군,,경상남도 합천군 용주면 고품리 1183-1,35.5396552,128.0947657,황강전원마을,재활용쓰레기,경상남도 합천군청,055-930-3304,2025-07-24,5480000,경상남도 합천군
대병면_유전리(재활용 동네마당),경상남도,합천군,,경상남도 합천군 대병면 유전리 1236,35.5326433,128.0087782,,재활용쓰레기,경상남도 합천군청,055-930-3304,2025-07-24,5480000,경상남도 합천군
대병면_송리(재활용 동네마당),경상남도,합천군,,경상남도 합천군 대병면 송리 480,35.5431461,128.0428579,평학마을,재활용쓰레기,경상남도 합천군청,055-930-3304,2025-07-24,5480000,경상남도 합천군
대병면_회양리(재활용 동네마당),경상남도,합천군,,경상남도 합천군 대병면 회양리 418-2,35.5196704,128.0233965,율정마을,재활용쓰레기,경상남도 합천군청,055-930-3304,2025-07-24,5480000,경상남도 합천군
보문동주민센터 버스정류장(08-184),서울특별시,성북구,서울특별시 성북구 보문로 52,서울특별시 성북구 보문동7가 104,37.58021816,127.0226114,,일반쓰레기,서울특별시 성북구청,02-2241-4418,2025-09-01,3070000,서울특별시 성북구
봉산면_계산리(배출하우스)_2,경상남도,합천군,,경상남도 합천군 봉산면 계산리 616-3,35.6005987,128.0655355,신기동,일반쓰레기+재활용쓰,경상남도 합천군청,055-930-3304,2025-07-24,5480000,경상남도 합천군
봉산면_계산리(배출하우스)_3,경상남도,합천군,,경상남도 합천군 봉산면 계산리 1252-1,35.5996091,128.0619478,서편마을,일반쓰레기+재활용쓰,경상남도 합천군청,055-930-3304,2025-07-24,5480000,경상남도 합천군
봉산면_계산리(배출하우스)_4,경상남도,합천군,,경상남도 합천군 봉산면 계산리 616-3,35.6005987,128.0655355,동편마을,일반쓰레기+재활용쓰,경상남도 합천군청,055-930-3304,2025-07-24,5480000,경상남도 합천군
봉산면_계산리(배출하우스)_5,경상남도,합천군,,경상남도 합천군 봉산면 계산리 406,35.6112793,128.0667032,남계마을,일반쓰레기+재활용쓰,경상남도 합천군청,055-930-3304,2025-07-24,5480000,경상남도 합천군
합천읍_서산리(배출하우스)_1,경상남도,합천군,,경상남도 합천군 합천읍 서산리 361-4,35.5917959,128.1282751,,일반쓰레기+재활용쓰,경상남도 합천군청,055-930-3304,2025-07-24,5480000,경상남도 합천군
합천읍_합천리(배출하우스)_1,경상남도,합천군,,경상남도 합천군 합천읍 합천리 420-49,35.5697581,128.1648011,합천교회 앞,일반쓰레기+재활용쓰,경상남도 합천군청,055-930-3304,2025-07-24,5480000,경상남도 합천군
합천읍_영창리(배출하우스)_1,경상남도,합천군,,경상남도 합천군 합천읍 영창리 535-9,35.5728792,128.1629981,영창주공아파트,일반쓰레기+재활용쓰,경상남도 합천군청,055-930-3304,2025-07-24,5480000,경상남도 합천군
합천읍_합천리(배출하우스)_2,경상남도,합천군,,경상남도 합천군 합천읍 합천리 420-49,35.5697581,128.1648011,핫들주공아파트,일반쓰레기+재활용쓰,경상남도 합천군청,055-930-3304,2025-07-24,5480000,경상남도 합천군
합천읍_합천리(배출하우스)_3,경상남도,합천군,경상남도 합천군 합천읍 동서로 141-17,,35.5669335,128.1671451,목민관 옆,일반쓰레기+재활용쓰,경상남도 합천군청,055-930-3304,2025-07-24,5480000,경상남도 합천군
합천읍_금양리(배출하우스),경상남도,합천군,,경상남도 합천군 합천읍 금양리 355,35.5921362,128.1733111,금양경로당,일반쓰레기+재활용쓰,경상남도 합천군청,055-930-3304,2025-07-24,5480000,경상남도 합천군
합천읍_합천리(배출하우스)_4,경상남도,합천군,,경상남도 합천군 합천읍 합천리 702-3,35.5636356,128.1595926,삼육어린이집 옆,일반쓰레기+재활용쓰,경상남도 합천군청,055-930-3304,2025-07-24,5480000,경상남도 합천군
합천읍_합천리(배출하우스)_5,경상남도,합천군,경상남도 합천군 합천읍 핫들1로 50,,35.5726233,128.1655681,농산물품질관리원 앞,일반쓰레기+재활용쓰,경상남도 합천군청,055-930-3304,2025-07-24,5480000,경상남도 합천군
합천읍_합천리(배출하우스)_6,경상남도,합천군,,경상남도 합천군 합천읍 합천리 1162-2,35.5682947,128.1535011,용흥사 앞,일반쓰레기+재활용쓰,경상남도 합천군청,055-930-3304,2025-07-24,5480000,경상남도 합천군
합천읍_합천리(배출하우스)_7,경상남도,합천군,,경상남도 합천군 합천읍 합천리 817-1,35.5645114,128.1584802,선거관리위원회 앞,일반쓰레기+재활용쓰,경상남도 합천군청,055-930-3304,2025-07-24,5480000,경상남도 합천군
합천읍_합천리(배출하우스)_8,경상남도,합천군,,경상남도 합천군 합천읍 합천리 725-1,35.5665201,128.1595211,동아슈퍼앞,일반쓰레기+재활용쓰,경상남도 합천군청,055-930-3304,2025-07-24,5480000,경상남도 합천군
합천읍_합천리(배출하우스)_9,경상남도,합천군,,경상남도 합천군 합천읍 합천리 415-2,35.5686973,128.1626696,일호프라자,일반쓰레기+재활용쓰,경상남도 합천군청,055-930-3304,2025-07-24,5480000,경상남도 합천군
합천읍_합천리(배출하우스)_10,경상남도,합천군,,경상남도 합천군 합천읍 합천리 417-13,35.5691759,128.1619976,,일반쓰레기+재활용쓰,경상남도 합천군청,055-930-3304,2025-07-24,5480000,경상남도 합천군
합천읍_합천리(배출하우스)_11,경상남도,합천군,,경상남도 합천군 합천읍 합천리 959-7,35.5619628,128.1567874,,일반쓰레기+재활용쓰,경상남도 합천군청,055-930-3304,2025-07-24,5480000,경상남도 합천군
합천읍_서산리(배출하우스)_2,경상남도,합천군,,경상남도 합천군 합천읍 서산리 534-1,35.5962612,128.1487871,,일반쓰레기+재활용쓰,경상남도 합천군청,055-930-3304,2025-07-24,5480000,경상남도 합천군
합천읍_용계리(배출하우스)_1,경상남도,합천군,,경상남도 합천군 합천읍 용계리 424-6,35.6287813,128.1702545,,일반쓰레기+재활용쓰,경상남도 합천군청,055-930-3304,2025-07-24,5480000,경상남도 합천군
합천읍_합천리(배출하우스)_12,경상남도,합천군,,경상남도 합천군 합천읍 합천리 702-3,35.5636356,128.1595926,,일반쓰레기+재활용쓰,경상남도 합천군청,055-930-3304,2025-07-24,5480000,경상남도 합천군
합천읍_합천리(배출하우스)_13,경상남도,합천군,,경상남도 합천군 합천읍 합천리 850-2,35.5629436,128.1580689,,일반쓰레기+재활용쓰,경상남도 합천군청,055-930-3304,2025-07-24,5480000,경상남도 합천군
합천읍_합천리(배출하우스)_14,경상남도,합천군,,경상남도 합천군 합천읍 합천리 1227-6,35.5681833,128.1559831,,일반쓰레기+재활용쓰,경상남도 합천군청,055-930-3304,2025-07-24,5480000,경상남도 합천군
합천읍_합천리(배출하우스)_15,경상남도,합천군,,경상남도 합천군 합천읍 합천리 981-3,35.5650907,128.1566391,,일반쓰레기+재활용쓰,경상남도 합천군청,055-930-3304,2025-07-24,5480000,경상남도 합천군
합천읍_합천리(배출하우스)_16,경상남도,합천군,,경상남도 합천군 합천읍 합천리 952-2,35.5630457,128.1557746,,일반쓰레기+재활용쓰,경상남도 합천군청,055-930-3304,2025-07-24,5480000,경상남도 합천군
합천읍_합천리(배출하우스)_17,경상남도,합천군,,경상남도 합천군 합천읍 합천리 697-4,35.5646801,128.1604331,,일반쓰레기+재활용쓰,경상남도 합천군청,055-930-3304,2025-07-24,5480000,경상남도 합천군
합천읍_합천리(배출하우스)_18,경상남도,합천군,,경상남도 합천군 합천읍 합천리 154-4,35.5655525,128.1684771,,일반쓰레기+재활용쓰,경상남도 합천군청,055-930-3304,2025-07-24,5480000,경상남도 합천군
합천읍_합천리(배출하우스)_19,경상남도,합천군,,경상남도 합천군 합천읍 합천리 418-18,35.5693359,128.1636307,,일반쓰레기+재활용쓰,경상남도 합천군청,055-930-3304,2025-07-24,5480000,경상남도 합천군
합천읍_용계리(배출하우스)_2,경상남도,합천군,,경상남도 합천군 합천읍 용계리 963,35.6367407,128.1634919,,일반쓰레기+재활용쓰,경상남도 합천군청,055-930-3304,2025-07-24,5480000,경상남도 합천군
합천읍_외곡리(배출하우스),경상남도,합천군,,경상남도 합천군 합천읍 외곡리 933-3,35.6279934,128.1379159,,일반쓰레기+재활용쓰,경상남도 합천군청,055-930-3304,2025-07-24,5480000,경상남도 합천군
율곡면_영전리(배출하우스)_3,경상남도,합천군,,경상남도 합천군 율곡면 영전리 74-4,35.5682415,128.2070949,,일반쓰레기+재활용쓰,경상남도 합천군청,055-930-3304,2025-07-24,5480000,경상남도 합천군
율곡면_갑산리(배출하우스),경상남도,합천군,경상남도 합천군 율곡면 갑산2길 14-6,,35.5897028,128.2457175,,일반쓰레기+재활용쓰,경상남도 합천군청,055-930-3304,2025-07-24,5480000,경상남도 합천군
율곡면_내천리(배출하우스),경상남도,합천군,,경상남도 합천군 율곡면 내천리 594-6,35.6109354,128.2386188,내천마을,일반쓰레기+재활용쓰,경상남도 합천군청,055-930-3304,2025-07-24,5480000,경상남도 합천군
야로면_구정리(배출하우스),경상남도,합천군,,경상남도 합천군 야로면 구정리 51-4,35.7028518,128.1726221,구정5구마을,일반쓰레기+재활용쓰,경상남도 합천군청,055-930-3304,2025-07-24,5480000,경상남도 합천군
야로면_나대리(배출하우스),경상남도,합천군,경상남도 합천군 야로면 나대길 112,,35.7350301,128.1663016,,일반쓰레기+재활용쓰,경상남도 합천군청,055-930-3304,2025-07-24,5480000,경상남도 합천군
야로면_청계리(배출하우스),경상남도,합천군,경상남도 합천군 야로면 창동청계길 281,,35.7115511,128.2009554,,일반쓰레기+재활용쓰,경상남도 합천군청,055-930-3304,2025-07-24,5480000,경상남도 합천군
야로면_하림리(배출하우스),경상남도,합천군,,경상남도 합천군 야로면 하림리 109-4,35.7481862,128.1554822,,일반쓰레기+재활용쓰,경상남도 합천군청,055-930-3304,2025-07-24,5480000,경상남도 합천군
야로면_월광리(배출하우스),경상남도,합천군,,경상남도 합천군 야로면 월광리 69-2,35.7305354,128.1573051,,일반쓰레기+재활용쓰,경상남도 합천군청,055-930-3304,2025-07-24,5480000,경상남도 합천군
야로면_금평리(배출하우스),경상남도,합천군,,경상남도 합천군 야로면 금평리 114,35.7080143,128.1862262,,일반쓰레기+재활용쓰,경상남도 합천군청,055-930-3304,2025-07-24,5480000,경상남도 합천군
야로면_정대리(배출하우스),경상남도,합천군,,경상남도 합천군 야로면 정대리 520-3,35.6965222,128.1677244,,일반쓰레기+재활용쓰,경상남도 합천군청,055-930-3304,2025-07-24,5480000,경상남도 합천군
가야면_구미리(배출하우스),경상남도,합천군,경상남도 합천군 가야면 구미2길 114-7,,35.7442631,128.1082198,,일반쓰레기+재활용쓰,경상남도 합천군청,055-930-3304,2025-07-24,5480000,경상남도 합천군
가야면_황산리(배출하우스),경상남도,합천군,경상남도 합천군 가야면 매화산로 659,,35.7749818,128.1258921,,일반쓰레기+재활용쓰,경상남도 합천군청,055-930-3304,2025-07-24,5480000,경상남도 합천군
묘산면_안성리(배출하우스),경상남도,합천군,,경상남도 합천군 묘산면 안성리 506-2,35.6722268,128.1265811,안성마을,일반쓰레기+재활용쓰,경상남도 합천군청,055-930-3304,2025-07-24,5480000,경상남도 합천군
묘산면_봉곡리(배출하우스),경상남도,합천군,,경상남도 합천군 묘산면 봉곡리 105,35.6378352,128.1130008,,일반쓰레기+재활용쓰,경상남도 합천군청,055-930-3304,2025-07-24,5480000,경상남도 합천군
묘산면_산제리(배출하우스)_1,경상남도,합천군,경상남도 합천군 묘산면 묘산로 163,,35.6580171,128.1126426,교동마을회관,일반쓰레기+재활용쓰,경상남도 합천군청,055-930-3304,2025-07-24,5480000,경상남도 합천군
묘산면_화양리(배출하우스)_1,경상남도,합천군,,경상남도 합천군 묘산면 화양리 870,35.6957525,128.1263309,,일반쓰레기+재활용쓰,경상남도 합천군청,055-930-3304,2025-07-24,5480000,경상남도 합천군
묘산면_양지리(배출하우스),경상남도,합천군,,경상남도 합천군 묘산면 양지리 671,35.6431567,128.1187613,,일반쓰레기+재활용쓰,경상남도 합천군청,055-930-3304,2025-07-24,5480000,경상남도 합천군
묘산면_거산리(배출하우스)_1,경상남도,합천군,,경상남도 합천군 묘산면 거산리 605-3,35.6786502,128.1454709,,일반쓰레기+재활용쓰,경상남도 합천군청,055-930-3304,2025-07-24,5480000,경상남도 합천군
묘산면_관기리(배출하우스)_1,경상남도,합천군,,경상남도 합천군 묘산면 관기리 280-2,35.6499951,128.1304884,,일반쓰레기+재활용쓰,경상남도 합천군청,055-930-3304,2025-07-24,5480000,경상남도 합천군
묘산면_화양리(배출하우스)_2,경상남도,합천군,,경상남도 합천군 묘산면 화양리 353-3,35.6814755,128.1341633,,일반쓰레기+재활용쓰,경상남도 합천군청,055-930-3304,2025-07-24,5480000,경상남도 합천군
묘산면_도옥리(배출하우스),경상남도,합천군,,경상남도 합천군 묘산면 도옥리 156-410,35.6624522,128.1215622,,일반쓰레기+재활용쓰,경상남도 합천군청,055-930-3304,2025-07-24,5480000,경상남도 합천군
묘산면_거산리(배출하우스)_2,경상남도,합천군,,경상남도 합천군 묘산면 거산리 525-2,35.6804291,128.1502356,,일반쓰레기+재활용쓰,경상남도 합천군청,055-930-3304,2025-07-24,5480000,경상남도 합천군
묘산면_관기리(배출하우스)_2,경상남도,합천군,,경상남도 합천군 묘산면 관기리 639-3,35.6479709,128.1267746,,일반쓰레기+재활용쓰,경상남도 합천군청,055-930-3304,2025-07-24,5480000,경상남도 합천군
묘산면_산제리(배출하우스)_2,경상남도,합천군,,경상남도 합천군 묘산면 산제리 462,35.6613493,128.1057995,산제마을,일반쓰레기+재활용쓰,경상남도 합천군청,055-930-3304,2025-07-24,5480000,경상남도 합천군
묘산면_광산리(배출하우스),경상남도,합천군,,경상남도 합천군 묘산면 광산리 272,35.6429674,128.1188273,광산마을,일반쓰레기+재활용쓰,경상남도 합천군청,055-930-3304,2025-07-24,5480000,경상남도 합천군
묘산면_팔심리(배출하우스),경상남도,합천군,,경상남도 합천군 묘산면 팔심리 480-10,35.6241789,128.0924807,팔심마을,일반쓰레기+재활용쓰,경상남도 합천군청,055-930-3304,2025-07-24,5480000,경상남도 합천군
봉산면_압곡리(배출하우스)_1,경상남도,합천군,,경상남도 합천군 봉산면 압곡리 167-4,35.6384065,128.0570973,,일반쓰레기+재활용쓰,경상남도 합천군청,055-930-3304,2025-07-24,5480000,경상남도 합천군
봉산면_압곡리(배출하우스)_2,경상남도,합천군,,경상남도 합천군 봉산면 압곡리 582,35.6475205,128.0544203,,일반쓰레기+재활용쓰,경상남도 합천군청,055-930-3304,2025-07-24,5480000,경상남도 합천군
봉산면_술곡리(배출하우스),경상남도,합천군,,경상남도 합천군 봉산면 술곡리 516-6,35.5764954,127.9914718,김봉[술곡]마을,일반쓰레기+재활용쓰,경상남도 합천군청,055-930-3304,2025-07-24,5480000,경상남도 합천군
봉산면_계산리(배출하우스)_1,경상남도,합천군,,경상남도 합천군 봉산면 계산리 136,35.5904741,128.0696654,계산1구,일반쓰레기+재활용쓰,경상남도 합천군청,055-930-3304,2025-07-24,5480000,경상남도 합천군
상계주공14단지(1403동) 앞 버스정류장,서울특별시,노원구,서울특별시 노원구 동일로228길 23,,37.66985723,127.0587456,,일반쓰레기,서울특별시 노원구청,,2025-03-26,3100000,서울특별시 노원구
성북역사문화공원 앞,서울특별시,성북구,,서울특별시 성북구 성북동 118-2,37.59249965,126.9977895,,일반쓰레기,서울특별시 성북구청,02-2241-4418,2025-09-01,3070000,서울특별시 성북구
적중면_죽고리(배출하우스)_1,경상남도,합천군,,경상남도 합천군 적중면 죽고리 342-3,35.5663139,128.3006726,,일반쓰레기+재활용쓰,경상남도 합천군청,055-930-3304,2025-07-24,5480000,경상남도 합천군
적중면_죽고리(배출하우스)_2,경상남도,합천군,,경상남도 합천군 적중면 죽고리 50-1,35.5638488,128.3059585,,일반쓰레기+재활용쓰,경상남도 합천군청,055-930-3304,2025-07-24,5480000,경상남도 합천군
적중면_황정리(배출하우스),경상남도,합천군,,경상남도 합천군 적중면 황정리 227-6,35.5356957,128.2851859,,일반쓰레기+재활용쓰,경상남도 합천군청,055-930-3304,2025-07-24,5480000,경상남도 합천군
적중면_정토리(배출하우스),경상남도,합천군,,경상남도 합천군 적중면 정토리 218-5,35.5299091,128.2569699,,일반쓰레기+재활용쓰,경상남도 합천군청,055-930-3304,2025-07-24,5480000,경상남도 합천군
덕곡면_율지리(배출하우스)_1,경상남도,합천군,,경상남도 합천군 덕곡면 율지리 86,35.6145942,128.3588821,,일반쓰레기+재활용쓰,경상남도 합천군청,055-930-3304,2025-07-24,5480000,경상남도 합천군
덕곡면_율지리(배출하우스)_2,경상남도,합천군,,경상남도 합천군 덕곡면 율지리 314-1,35.6135357,128.3540977,,일반쓰레기+재활용쓰,경상남도 합천군청,055-930-3304,2025-07-24,5480000,경상남도 합천군
덕곡면_율원리(배출하우스),경상남도,합천군,,경상남도 합천군 덕곡면 율원리 562,35.6385662,128.2902215,,일반쓰레기+재활용쓰,경상남도 합천군청,055-930-3304,2025-07-24,5480000,경상남도 합천군
쌍책면_진정리(배출하우스),경상남도,합천군,,경상남도 합천군 쌍책면 진정리 499,35.5923448,128.2899111,,일반쓰레기+재활용쓰,경상남도 합천군청,055-930-3304,2025-07-24,5480000,경상남도 합천군
쌍책면_다라리(배출하우스),경상남도,합천군,,경상남도 합천군 쌍책면 다라리 473-2,35.5809782,128.2900357,,일반쓰레기+재활용쓰,경상남도 합천군청,055-930-3304,2025-07-24,5480000,경상남도 합천군
쌍책면_성산리(배출하우스)_1,경상남도,합천군,,경상남도 합천군 쌍책면 성산리 150-10,35.5777911,128.2847282,,일반쓰레기+재활용쓰,경상남도 합천군청,055-930-3304,2025-07-24,5480000,경상남도 합천군
쌍책면_성산리(배출하우스)_2,경상남도,합천군,,경상남도 합천군 쌍책면 성산리 58-4,35.5753277,128.2858117,,일반쓰레기+재활용쓰,경상남도 합천군청,055-930-3304,2025-07-24,5480000,경상남도 합천군
초계면_초계리(배출하우스)_1,경상남도,합천군,경상남도 합천군 초계면 초계3길 4,,35.5586361,128.2693277,원창주택 옆,일반쓰레기+재활용쓰,경상남도 합천군청,055-930-3304,2025-07-24,5480000,경상남도 합천군
초계면_초계리(배출하우스)_2,경상남도,합천군,경상남도 합천군 초계면 초계2길 12-11,,35.5581462,128.2667008,맥스빌,일반쓰레기+재활용쓰,경상남도 합천군청,055-930-3304,2025-07-24,5480000,경상남도 합천군
초계면_초계리(배출하우스)_3,경상남도,합천군,,경상남도 합천군 초계면 초계리 250-1,35.5604521,128.2633991,교촌마을,일반쓰레기+재활용쓰,경상남도 합천군청,055-930-3304,2025-07-24,5480000,경상남도 합천군
초계면_초계리(배출하우스)_4,경상남도,합천군,,경상남도 합천군 초계면 초계리 25-4,35.5582596,128.2684109,초계빌리지 옆,일반쓰레기+재활용쓰,경상남도 합천군청,055-930-3304,2025-07-24,5480000,경상남도 합천군
초계면_초계리(배출하우스)_5,경상남도,합천군,,경상남도 합천군 초계면 초계리 47,35.5601085,128.2679427,,일반쓰레기+재활용쓰,경상남도 합천군청,055-930-3304,2025-07-24,5480000,경상남도 합천군
초계면_중리(배출하우스),경상남도,합천군,,경상남도 합천군 초계면 중리 380-21,35.5590822,128.2505437,,일반쓰레기+재활용쓰,경상남도 합천군청,055-930-3304,2025-07-24,5480000,경상남도 합천군
초계면_초계리(배출하우스)_6,경상남도,합천군,,경상남도 합천군 초계면 초계리 117-1,35.5588574,128.2671112,,일반쓰레기+재활용쓰,경상남도 합천군청,055-930-3304,2025-07-24,5480000,경상남도 합천군
초계면_아막리(배출하우스)_1,경상남도,합천군,경상남도 합천군 초계면 아막재로 19,,35.5609194,128.2680557,초계빌라 옆,일반쓰레기+재활용쓰,경상남도 합천군청,055-930-3304,2025-07-24,5480000,경상남도 합천군
초계면_초계리(배출하우스)_7,경상남도,합천군,,경상남도 합천군 초계면 초계리 96-6,35.5590503,128.2654793,동부한의원 건너편,일반쓰레기+재활용쓰,경상남도 합천군청,055-930-3304,2025-07-24,5480000,경상남도 합천군
초계면_아막리(배출하우스)_2,경상남도,합천군,경상남도 합천군 초계면 아막재로 38,,35.5623961,128.2687997,아막마을회관 건너편,일반쓰레기+재활용쓰,경상남도 합천군청,055-930-3304,2025-07-24,5480000,경상남도 합천군
초계면_초계리(배출하우스)_8,경상남도,합천군,경상남도 합천군 초계면 초계중앙로 78,,35.5590434,128.2685679,동원가든 앞,일반쓰레기+재활용쓰,경상남도 합천군청,055-930-3304,2025-07-24,5480000,경상남도 합천군
초계면_초계리(배출하우스)_9,경상남도,합천군,경상남도 합천군 초계면 초계중앙로 9,,35.5592669,128.2612332,귀빈모텔 앞,일반쓰레기+재활용쓰,경상남도 합천군청,055-930-3304,2025-07-24,5480000,경상남도 합천군
율곡면_영전리(배출하우스)_1,경상남도,합천군,,경상남도 합천군 율곡면 영전리 74-4,35.5682415,128.2070949,,일반쓰레기+재활용쓰,경상남도 합천군청,055-930-3304,2025-07-24,5480000,경상남도 합천군
율곡면_임북리(배출하우스),경상남도,합천군,경상남도 합천군 율곡면 임북공단길 12-9,,35.5792903,128.1803668,임북 농공단지,일반쓰레기+재활용쓰,경상남도 합천군청,055-930-3304,2025-07-24,5480000,경상남도 합천군
율곡면_제내리(배출하우스),경상남도,합천군,,경상남도 합천군 율곡면 제내리 439,35.5849868,128.2084181,율곡더힐,일반쓰레기+재활용쓰,경상남도 합천군청,055-930-3304,2025-07-24,5480000,경상남도 합천군
율곡면_문림리(배출하우스),경상남도,합천군,,경상남도 합천군 율곡면 문림리 327-4,35.5690861,128.1924242,,일반쓰레기+재활용쓰,경상남도 합천군청,055-930-3304,2025-07-24,5480000,경상남도 합천군
율곡면_낙민리(배출하우스),경상남도,합천군,,경상남도 합천군 율곡면 낙민리 655-1,35.5800264,128.2250218,,일반쓰레기+재활용쓰,경상남도 합천군청,055-930-3304,2025-07-24,5480000,경상남도 합천군
율곡면_영전리(배출하우스)_2,경상남도,합천군,,경상남도 합천군 율곡면 영전리 455-1,35.5724136,128.2180941,,일반쓰레기+재활용쓰,경상남도 합천군청,055-930-3304,2025-07-24,5480000,경상남도 합천군
온곡중학교 앞 버스정류장,서울특별시,노원구,서울특별시 노원구 동일로 1456,,37.66067691,127.0614956,,일반쓰레기,서울특별시 노원구청,,2025-03-26,3100000,서울특별시 노원구
삼가면_양전리(배출하우스),경상남도,합천군,,경상남도 합천군 삼가면 양전리 207,35.4259488,128.1375045,,일반쓰레기+재활용쓰,경상남도 합천군청,055-930-3304,2025-07-24,5480000,경상남도 합천군
삼가면_동리(배출하우스)_1,경상남도,합천군,,경상남도 합천군 삼가면 동리 944,35.4189365,128.1447273,구전마을,일반쓰레기+재활용쓰,경상남도 합천군청,055-930-3304,2025-07-24,5480000,경상남도 합천군
삼가면_금리(배출하우스)_4,경상남도,합천군,,경상남도 합천군 삼가면 금리 12-8,35.4162979,128.1263777,삼가면사무소,일반쓰레기+재활용쓰,경상남도 합천군청,055-930-3304,2025-07-24,5480000,경상남도 합천군
삼가면_학리(배출하우스),경상남도,합천군,,경상남도 합천군 삼가면 학리 608-2,35.3968695,128.0896664,,일반쓰레기+재활용쓰,경상남도 합천군청,055-930-3304,2025-07-24,5480000,경상남도 합천군
삼가면_동리(배출하우스)_2,경상남도,합천군,,경상남도 합천군 삼가면 동리 135-6,35.4188643,128.1447822,,일반쓰레기+재활용쓰,경상남도 합천군청,055-930-3304,2025-07-24,5480000,경상남도 합천군
삼가면_하판리(배출하우스),경상남도,합천군,,경상남도 합천군 삼가면 하판리 1899,35.4240651,128.1111267,,일반쓰레기+재활용쓰,경상남도 합천군청,055-930-3304,2025-07-24,5480000,경상남도 합천군
삼가면_일부리(배출하우스)_4,경상남도,합천군,경상남도 합천군 삼가면 양천강변길 130-43,,35.4096606,128.1292081,,일반쓰레기+재활용쓰,경상남도 합천군청,055-930-3304,2025-07-24,5480000,경상남도 합천군
삼가면_금리(배출하우스)_5,경상남도,합천군,경상남도 합천군 삼가면 삼가중앙길 32-3,,35.4141288,128.1232802,,일반쓰레기+재활용쓰,경상남도 합천군청,055-930-3304,2025-07-24,5480000,경상남도 합천군
쌍백면_평지리(배출하우스),경상남도,합천군,,경상남도 합천군 쌍백면 평지리 578-5,35.4402801,128.1732162,,일반쓰레기+재활용쓰,경상남도 합천군청,055-930-3304,2025-07-24,5480000,경상남도 합천군
쌍백면_대곡리(배출하우스),경상남도,합천군,,경상남도 합천군 쌍백면 대곡리 577-1,35.4687129,128.1893531,,일반쓰레기+재활용쓰,경상남도 합천군청,055-930-3304,2025-07-24,5480000,경상남도 합천군
쌍백면_외초리(배출하우스)_1,경상남도,합천군,,경상남도 합천군 쌍백면 외초리 123,35.4110224,128.1720415,,일반쓰레기+재활용쓰,경상남도 합천군청,055-930-3304,2025-07-24,5480000,경상남도 합천군
쌍백면_평구리(배출하우스)_1,경상남도,합천군,,경상남도 합천군 쌍백면 평구리 1328-13,35.4394346,128.1444776,노인회 분회,일반쓰레기+재활용쓰,경상남도 합천군청,055-930-3304,2025-07-24,5480000,경상남도 합천군
쌍백면_평구리(배출하우스)_2,경상남도,합천군,,경상남도 합천군 쌍백면 평구리 570-2,35.4386421,128.1439035,하안마을,일반쓰레기+재활용쓰,경상남도 합천군청,055-930-3304,2025-07-24,5480000,경상남도 합천군
쌍백면_외초리(배출하우스)_2,경상남도,합천군,,경상남도 합천군 쌍백면 외초리 1062-2,35.4123892,128.1680035,,일반쓰레기+재활용쓰,경상남도 합천군청,055-930-3304,2025-07-24,5480000,경상남도 합천군
쌍백면_평구리(배출하우스)_3,경상남도,합천군,,경상남도 합천군 쌍백면 평구리 306-7,35.4402859,128.1485986,,일반쓰레기+재활용쓰,경상남도 합천군청,055-930-3304,2025-07-24,5480000,경상남도 합천군
쌍백면_평구리(배출하우스)_4,경상남도,합천군,,경상남도 합천군 쌍백면 평구리 1328-13,35.4394346,128.1444776,,일반쓰레기+재활용쓰,경상남도 합천군청,055-930-3304,2025-07-24,5480000,경상남도 합천군
대양면_덕정리(배출하우스),경상남도,합천군,,경상남도 합천군 대양면 덕정리 959,35.5134282,128.1730314,관동마을,일반쓰레기+재활용쓰,경상남도 합천군청,055-930-3304,2025-07-24,5480000,경상남도 합천군
대양면_안금리(배출하우스),경상남도,합천군,,경상남도 합천군 대양면 안금리 815,35.4901316,128.1824047,후사마을,일반쓰레기+재활용쓰,경상남도 합천군청,055-930-3304,2025-07-24,5480000,경상남도 합천군
대양면_대목리(배출하우스),경상남도,합천군,,경상남도 합천군 대양면 대목리 61,35.5276044,128.1684969,대목마을,일반쓰레기+재활용쓰,경상남도 합천군청,055-930-3304,2025-07-24,5480000,경상남도 합천군
대양면_양산리(배출하우스)_1,경상남도,합천군,,경상남도 합천군 대양면 양산리 568-5,35.5033944,128.1676416,신거마을,일반쓰레기+재활용쓰,경상남도 합천군청,055-930-3304,2025-07-24,5480000,경상남도 합천군
대양면_양산리(배출하우스)_2,경상남도,합천군,,경상남도 합천군 대양면 양산리 757,35.5038536,128.1743778,양산마을,일반쓰레기+재활용쓰,경상남도 합천군청,055-930-3304,2025-07-24,5480000,경상남도 합천군
대양면_양산리(배출하우스)_3,경상남도,합천군,,경상남도 합천군 대양면 양산리 923,35.5081735,128.1789399,배미동마을,일반쓰레기+재활용쓰,경상남도 합천군청,055-930-3304,2025-07-24,5480000,경상남도 합천군
대양면_무곡리(배출하우스)_1,경상남도,합천군,,경상남도 합천군 대양면 무곡리 695,35.5224481,128.1928972,상모마을,일반쓰레기+재활용쓰,경상남도 합천군청,055-930-3304,2025-07-24,5480000,경상남도 합천군
대양면_무곡리(배출하우스)_2,경상남도,합천군,,경상남도 합천군 대양면 무곡리 984,35.5213401,128.1866761,중모마을,일반쓰레기+재활용쓰,경상남도 합천군청,055-930-3304,2025-07-24,5480000,경상남도 합천군
대양면_도리(배출하우스),경상남도,합천군,,경상남도 합천군 대양면 도리 109,35.5007996,128.1531852,하도리경로당,일반쓰레기+재활용쓰,경상남도 합천군청,055-930-3304,2025-07-24,5480000,경상남도 합천군
청덕면_성태리(배출하우스),경상남도,합천군,,경상남도 합천군 청덕면 성태리 1023-5,35.5774253,128.3157525,,일반쓰레기+재활용쓰,경상남도 합천군청,055-930-3304,2025-07-24,5480000,경상남도 합천군
청덕면_앙진리(배출하우스),경상남도,합천군,,경상남도 합천군 청덕면 앙진리 산91-1,35.5044503,128.3575646,,일반쓰레기+재활용쓰,경상남도 합천군청,055-930-3304,2025-07-24,5480000,경상남도 합천군
청덕면_두곡리(배출하우스)_1,경상남도,합천군,,경상남도 합천군 청덕면 두곡리 311-6,35.5540395,128.3173263,,일반쓰레기+재활용쓰,경상남도 합천군청,055-930-3304,2025-07-24,5480000,경상남도 합천군
청덕면_가현리(배출하우스),경상남도,합천군,,경상남도 합천군 청덕면 가현리 498-26,35.5672573,128.3294253,,일반쓰레기+재활용쓰,경상남도 합천군청,055-930-3304,2025-07-24,5480000,경상남도 합천군
청덕면_두곡리(배출하우스)_2,경상남도,합천군,,경상남도 합천군 청덕면 두곡리 299-9,35.5539554,128.3184731,,일반쓰레기+재활용쓰,경상남도 합천군청,055-930-3304,2025-07-24,5480000,경상남도 합천군
하계1동주민센터 앞 버스정류장,서울특별시,노원구,서울특별시 노원구 노원로16길 15,,37.64344507,127.0733372,,일반쓰레기,서울특별시 노원구청,,2025-03-26,3100000,서울특별시 노원구
용주면_방곡리(배출하우스)_2,경상남도,합천군,,경상남도 합천군 용주면 방곡리 315,35.5779505,128.1000185,,일반쓰레기+재활용쓰,경상남도 합천군청,055-930-3304,2025-07-24,5480000,경상남도 합천군
용주면_용지리(배출하우스),경상남도,합천군,,경상남도 합천군 용주면 용지리 460-4,35.5395229,128.1123334,용지2구마을회관,일반쓰레기+재활용쓰,경상남도 합천군청,055-930-3304,2025-07-24,5480000,경상남도 합천군
대병면_성리(배출하우스)_1,경상남도,합천군,경상남도 합천군 대병면 성리 황계폭포로 129,,35.5210915,128.0588774,,일반쓰레기+재활용쓰,경상남도 합천군청,055-930-3304,2025-07-24,5480000,경상남도 합천군
대병면_하금리(배출하우스)_1,경상남도,합천군,,경상남도 합천군 대병면 하금리 산109-4,35.5158123,127.9757126,,일반쓰레기+재활용쓰,경상남도 합천군청,055-930-3304,2025-07-24,5480000,경상남도 합천군
대병면_하금리(배출하우스)_2,경상남도,합천군,,경상남도 합천군 대병면 하금리 산111-4,35.5160187,127.9713026,,일반쓰레기+재활용쓰,경상남도 합천군청,055-930-3304,2025-07-24,5480000,경상남도 합천군
대병면_하금리(배출하우스)_3,경상남도,합천군,,경상남도 합천군 대병면 하금리 323-1,35.5302549,127.9963506,,일반쓰레기+재활용쓰,경상남도 합천군청,055-930-3304,2025-07-24,5480000,경상남도 합천군
대병면_하금리(배출하우스)_4,경상남도,합천군,,경상남도 합천군 대병면 하금리 307-7,35.5299032,127.9936491,,일반쓰레기+재활용쓰,경상남도 합천군청,055-930-3304,2025-07-24,5480000,경상남도 합천군
대병면_성리(배출하우스)_2,경상남도,합천군,,경상남도 합천군 대병면 성리 1182-2,35.5233761,128.0498047,,일반쓰레기+재활용쓰,경상남도 합천군청,055-930-3304,2025-07-24,5480000,경상남도 합천군
가회면_외사리(배출하우스),경상남도,합천군,,경상남도 합천군 가회면 외사리 609-3,35.4259144,128.0737963,,일반쓰레기+재활용쓰,경상남도 합천군청,055-930-3304,2025-07-24,5480000,경상남도 합천군
가회면_월계리(배출하우스),경상남도,합천군,,경상남도 합천군 가회면 월계리 504-4,35.4848477,128.0568122,,일반쓰레기+재활용쓰,경상남도 합천군청,055-930-3304,2025-07-24,5480000,경상남도 합천군
가회면_둔내리(배출하우스),경상남도,합천군,,경상남도 합천군 가회면 둔내리 761-3,35.4713937,128.0120221,,일반쓰레기+재활용쓰,경상남도 합천군청,055-930-3304,2025-07-24,5480000,경상남도 합천군
가회면_함방리(배출하우스),경상남도,합천군,,경상남도 합천군 가회면 함방리 441,35.4266174,128.0331819,,일반쓰레기+재활용쓰,경상남도 합천군청,055-930-3304,2025-07-24,5480000,경상남도 합천군
가회면_중촌리(배출하우스),경상남도,합천군,,경상남도 합천군 가회면 중촌리 572-8,35.4533932,128.0079544,,일반쓰레기+재활용쓰,경상남도 합천군청,055-930-3304,2025-07-24,5480000,경상남도 합천군
삼가면_어전리(배출하우스),경상남도,합천군,경상남도 합천군 삼가면 모의로 59,,35.3841851,128.1224862,신평마을회관,일반쓰레기+재활용쓰,경상남도 합천군청,055-930-3304,2025-07-24,5480000,경상남도 합천군
삼가면_덕진리(배출하우스)_1,경상남도,합천군,,경상남도 합천군 삼가면 덕진리 448,35.4126517,128.0786071,,일반쓰레기+재활용쓰,경상남도 합천군청,055-930-3304,2025-07-24,5480000,경상남도 합천군
삼가면_덕진리(배출하우스)_2,경상남도,합천군,,경상남도 합천군 삼가면 덕진리 497-1,35.4108067,128.0875458,덕진마을,일반쓰레기+재활용쓰,경상남도 합천군청,055-930-3304,2025-07-24,5480000,경상남도 합천군
삼가면_소오리(배출하우스)_1,경상남도,합천군,,경상남도 합천군 삼가면 소오리 398-5,35.4118985,128.1180798,,일반쓰레기+재활용쓰,경상남도 합천군청,055-930-3304,2025-07-24,5480000,경상남도 합천군
삼가면_일부리(배출하우스)_1,경상남도,합천군,,경상남도 합천군 삼가면 일부리 921-5,35.4125519,128.1227383,삼가시장 내,일반쓰레기+재활용쓰,경상남도 합천군청,055-930-3304,2025-07-24,5480000,경상남도 합천군
삼가면_금리(배출하우스)_1,경상남도,합천군,경상남도 합천군 삼가면 금리4길 56-10,,35.4156429,128.1234697,,일반쓰레기+재활용쓰,경상남도 합천군청,055-930-3304,2025-07-24,5480000,경상남도 합천군
삼가면_소오리(배출하우스)_2,경상남도,합천군,경상남도 합천군 삼가면 용흥길 20,,35.4079835,128.1210468,,일반쓰레기+재활용쓰,경상남도 합천군청,055-930-3304,2025-07-24,5480000,경상남도 합천군
삼가면_일부리(배출하우스)_2,경상남도,합천군,,경상남도 합천군 삼가면 일부리 826-2,35.4130733,128.1240934,,일반쓰레기+재활용쓰,경상남도 합천군청,055-930-3304,2025-07-24,5480000,경상남도 합천군
삼가면_금리(배출하우스)_2,경상남도,합천군,,경상남도 합천군 삼가면 금리 621,35.4151874,128.1192628,,일반쓰레기+재활용쓰,경상남도 합천군청,055-930-3304,2025-07-24,5480000,경상남도 합천군
삼가면_금리(배출하우스)_3,경상남도,합천군,,경상남도 합천군 삼가면 금리 63-1,35.4140043,128.1215623,,일반쓰레기+재활용쓰,경상남도 합천군청,055-930-3304,2025-07-24,5480000,경상남도 합천군
삼가면_두모리(배출하우스)_1,경상남도,합천군,,경상남도 합천군 삼가면 두모리 220-1,35.4144484,128.0991664,,일반쓰레기+재활용쓰,경상남도 합천군청,055-930-3304,2025-07-24,5480000,경상남도 합천군
삼가면_두모리(배출하우스)_2,경상남도,합천군,,경상남도 합천군 삼가면 두모리 437,35.4136579,128.0957741,,일반쓰레기+재활용쓰,경상남도 합천군청,055-930-3304,2025-07-24,5480000,경상남도 합천군
삼가면_소오리(배출하우스)_3,경상남도,합천군,,경상남도 합천군 삼가면 소오리 820,35.4072185,128.1198345,,일반쓰레기+재활용쓰,경상남도 합천군청,055-930-3304,2025-07-24,5480000,경상남도 합천군
삼가면_소오리(배출하우스)_4,경상남도,합천군,,경상남도 합천군 삼가면 소오리 산1,35.4067252,128.1172905,,일반쓰레기+재활용쓰,경상남도 합천군청,055-930-3304,2025-07-24,5480000,경상남도 합천군
삼가면_일부리(배출하우스)_3,경상남도,합천군,,경상남도 합천군 삼가면 일부리 920-1,35.4128501,128.1220891,,일반쓰레기+재활용쓰,경상남도 합천군청,055-930-3304,2025-07-24,5480000,경상남도 합천군
삼가면_외토리(배출하우스)_1,경상남도,합천군,,경상남도 합천군 삼가면 외토리 577-2,35.3834557,128.1021774,,일반쓰레기+재활용쓰,경상남도 합천군청,055-930-3304,2025-07-24,5480000,경상남도 합천군
삼가면_외토리(배출하우스)_2,경상남도,합천군,,경상남도 합천군 삼가면 외토리 810,35.3840725,128.0974782,,일반쓰레기+재활용쓰,경상남도 합천군청,055-930-3304,2025-07-24,5480000,경상남도 합천군
브라운스톤 앞 버스정류장,서울특별시,노원구,서울특별시 노원구 동일로203가길 29,,37.63987596,127.0642838,,일반쓰레기,서울특별시 노원구청,,2025-03-26,3100000,서울특별시 노원구
덕곡 첫눈애감자탕 앞,경상북도,영덕군,경상북도 영덕군 영덕읍 강변길 52,경상북도 영덕군 영덕읍 덕곡리 151-3,36.41146889,129.3709522,,일반쓰레기,경상북도 영덕군청,054-730-6194,2025-08-28,5180000,경상북도 영덕군
덕곡 국제식당 앞,경상북도,영덕군,,경상북도 영덕군 영덕읍 덕곡리 197-7,36.4154975,129.3720899,,일반쓰레기,경상북도 영덕군청,054-730-6194,2025-08-28,5180000,경상북도 영덕군
영덕 목화아파트 앞,경상북도,영덕군,,경상북도 영덕군 영덕읍 덕곡리 135-8,36.41173387,129.3729662,,일반쓰레기,경상북도 영덕군청,054-730-6194,2025-08-28,5180000,경상북도 영덕군
덕곡 오복식당 앞,경상북도,영덕군,경상북도 영덕군 영덕읍 군청길 86,경상북도 영덕군 영덕읍 덕곡리 186,36.41450621,129.3697335,,일반쓰레기,경상북도 영덕군청,054-730-6194,2025-08-28,5180000,경상북도 영덕군
덕곡 상주횟집 앞,경상북도,영덕군,,경상북도 영덕군 영덕읍 덕곡리 323-1,36.415978,129.3726013,,일반쓰레기,경상북도 영덕군청,054-730-6194,2025-08-28,5180000,경상북도 영덕군
찐이야 소주방 앞,경상북도,영덕군,,경상북도 영덕군 영덕읍 남석리 317,36.40874402,129.3705972,,일반쓰레기,경상북도 영덕군청,054-730-6194,2025-08-28,5180000,경상북도 영덕군
남석 임가네떡집 앞,경상북도,영덕군,,경상북도 영덕군 영덕읍 남석리 52-2,36.40914594,129.3683437,,일반쓰레기,경상북도 영덕군청,054-730-6194,2025-08-28,5180000,경상북도 영덕군
화개 상림아파트 앞,경상북도,영덕군,경상북도 영덕군 영덕읍 미듬길 8,경상북도 영덕군 영덕읍 화개리 46-2,36.41772104,129.3724181,,일반쓰레기,경상북도 영덕군청,054-730-6194,2025-08-28,5180000,경상북도 영덕군
합천읍_합천리(암롤박스)_1,경상남도,합천군,경상남도 합천군 합천읍 충효로 13,,35.5615893,128.1597651,황강하이츠,기타,경상남도 합천군청,055-930-3304,2025-07-24,5480000,경상남도 합천군
합천읍_합천리(암롤박스)_2,경상남도,합천군,경상남도 합천군 합천읍 동서로 15,,35.5687981,128.1545722,한주아파트,기타,경상남도 합천군청,055-930-3304,2025-07-24,5480000,경상남도 합천군
합천읍_합천리(암롤박스)_3,경상남도,합천군,경상남도 합천군 합천읍 대야로 883,,35.5672187,128.1629204,시외버스터미널,기타,경상남도 합천군청,055-930-3304,2025-07-24,5480000,경상남도 합천군
용주면_성산리(배출하우스)_1,경상남도,합천군,,경상남도 합천군 용주면 성산리 745,35.5571132,128.1344962,,일반쓰레기+재활용쓰,경상남도 합천군청,055-930-3304,2025-07-24,5480000,경상남도 합천군
용주면_우곡리(배출하우스),경상남도,합천군,,경상남도 합천군 용주면 우곡리 577,35.5683339,128.0734633,,일반쓰레기+재활용쓰,경상남도 합천군청,055-930-3304,2025-07-24,5480000,경상남도 합천군
용주면_고품리(배출하우스)_1,경상남도,합천군,,경상남도 합천군 용주면 고품리 산43-3,35.5389888,128.0939929,고품리 황강전원마을,일반쓰레기+재활용쓰,경상남도 합천군청,055-930-3304,2025-07-24,5480000,경상남도 합천군
용주면_손목리(배출하우스),경상남도,합천군,,경상남도 합천군 용주면 손목리 510,35.5564812,128.1271709,,일반쓰레기+재활용쓰,경상남도 합천군청,055-930-3304,2025-07-24,5480000,경상남도 합천군
용주면_노리(배출하우스),경상남도,합천군,경상남도 합천군 용주면 노리팔산길 68,,35.5235398,128.1232378,,일반쓰레기+재활용쓰,경상남도 합천군청,055-930-3304,2025-07-24,5480000,경상남도 합천군
용주면_죽죽리(배출하우스),경상남도,합천군,,경상남도 합천군 용주면 죽죽리 330-1,35.5520975,128.0409655,,일반쓰레기+재활용쓰,경상남도 합천군청,055-930-3304,2025-07-24,5480000,경상남도 합천군
용주면_고품리(배출하우스)_2,경상남도,합천군,,경상남도 합천군 용주면 고품리 산12-43,35.5560487,128.1085399,,일반쓰레기+재활용쓰,경상남도 합천군청,055-930-3304,2025-07-24,5480000,경상남도 합천군
용주면_성산리(배출하우스)_2,경상남도,합천군,,경상남도 합천군 용주면 성산리 548,35.5574797,128.1372655,,일반쓰레기+재활용쓰,경상남도 합천군청,055-930-3304,2025-07-24,5480000,경상남도 합천군
용주면_방곡리(배출하우스)_1,경상남도,합천군,,경상남도 합천군 용주면 방곡리 539-2,35.5694277,128.1056564,,일반쓰레기+재활용쓰,경상남도 합천군청,055-930-3304,2025-07-24,5480000,경상남도 합천군
용주면_공암리(배출하우스),경상남도,합천군,,경상남도 합천군 용주면 공암리 164-1,35.5023756,128.1036726,,일반쓰레기+재활용쓰,경상남도 합천군청,055-930-3304,2025-07-24,5480000,경상남도 합천군
용주면_월평리(배출하우스),경상남도,합천군,,경상남도 합천군 용주면 월평리 809-3,35.5660551,128.1169817,,일반쓰레기+재활용쓰,경상남도 합천군청,055-930-3304,2025-07-24,5480000,경상남도 합천군
묘산면_상나곡(폐비닐),경상남도,합천군,,경상남도 합천군 묘산면 화양리 862,35.6956171,128.1266069,,기타,경상남도 합천군청,055-930-3304,2025-07-24,5480000,경상남도 합천군
묘산면_반포(폐비닐),경상남도,합천군,,경상남도 합천군 묘산면 반포리 124-1,35.6491805,128.0955574,,기타,경상남도 합천군청,055-930-3304,2025-07-24,5480000,경상남도 합천군
묘산면_교동(폐비닐),경상남도,합천군,,경상남도 합천군 묘산면 산제리 278-4,35.6576253,128.1074291,,기타,경상남도 합천군청,055-930-3304,2025-07-24,5480000,경상남도 합천군
묘산면_계동(폐비닐),경상남도,합천군,,경상남도 합천군 묘산면 거산리 679-11,35.6794919,128.1499466,,기타,경상남도 합천군청,055-930-3304,2025-07-24,5480000,경상남도 합천군
묘산면_거산(폐비닐),경상남도,합천군,,경상남도 합천군 묘산면 거산리 405-3,35.6714026,128.1460101,,기타,경상남도 합천군청,055-930-3304,2025-07-24,5480000,경상남도 합천군
묘산면_화양(폐비닐),경상남도,합천군,,경상남도 합천군 묘산면 화양리 327-3,35.6821771,128.1355344,,기타,경상남도 합천군청,055-930-3304,2025-07-24,5480000,경상남도 합천군
묘산면_중촌(폐비닐),경상남도,합천군,,경상남도 합천군 묘산면 관기리 281-3,35.6502291,128.1306876,,기타,경상남도 합천군청,055-930-3304,2025-07-24,5480000,경상남도 합천군
묘산면_도옥(폐비닐),경상남도,합천군,,경상남도 합천군 묘산면 도옥리 298,35.6701157,128.1196297,,기타,경상남도 합천군청,055-930-3304,2025-07-24,5480000,경상남도 합천군
묘산면_가산(폐비닐),경상남도,합천군,,경상남도 합천군 묘산면 가산리 754-5,35.6587512,128.1267696,,기타,경상남도 합천군청,055-930-3304,2025-07-24,5480000,경상남도 합천군
묘산면_평촌(폐비닐),경상남도,합천군,,경상남도 합천군 묘산면 안성리 산77-1,35.6729712,128.1381258,,기타,경상남도 합천군청,055-930-3304,2025-07-24,5480000,경상남도 합천군
화개 선거관리위원회 옆,경상북도,영덕군,,경상북도 영덕군 영덕읍 화개리 652,36.42135788,129.3645717,,일반쓰레기,경상북도 영덕군청,054-730-6194,2025-08-28,5180000,경상북도 영덕군
우곡 개나리아파트 입구,경상북도,영덕군,경상북도 영덕군 영덕읍 우곡길 48,경상북도 영덕군 영덕읍 우곡리 322-10,36.40800827,129.3727756,,일반쓰레기,경상북도 영덕군청,054-730-6194,2025-08-28,5180000,경상북도 영덕군
우곡 신세계아파트,경상북도,영덕군,,경상북도 영덕군 영덕읍 우곡리 492,36.41026416,129.37732,,일반쓰레기,경상북도 영덕군청,054-730-6194,2025-08-28,5180000,경상북도 영덕군
봉산면_계산1구(폐비닐),경상남도,합천군,,경상남도 합천군 봉산면 계산리 136,35.5904741,128.0696654,,기타,경상남도 합천군청,055-930-3304,2025-07-24,5480000,경상남도 합천군
봉산면_양지1구(폐비닐),경상남도,합천군,,경상남도 합천군 봉산면 양지리 671,35.5910709,128.0052533,,기타,경상남도 합천군청,055-930-3304,2025-07-24,5480000,경상남도 합천군
봉산면_선별장(폐비닐),경상남도,합천군,,경상남도 합천군 봉산면 도곡리 산116-3,35.6148487,128.0110942,,기타,경상남도 합천군청,055-930-3304,2025-07-24,5480000,경상남도 합천군
합천읍_보림(폐비닐),경상남도,합천군,경상남도 합천군 합천읍 계림3길 54-4,,35.5962251,128.1487981,,기타,경상남도 합천군청,055-930-3304,2025-07-24,5480000,경상남도 합천군
합천읍_내곡(폐비닐)_1,경상남도,합천군,,경상남도 합천군 합천읍 내곡리 706-4,35.6389046,128.1491421,,기타,경상남도 합천군청,055-930-3304,2025-07-24,5480000,경상남도 합천군
합천읍_서산(폐비닐),경상남도,합천군,,경상남도 합천군 합천읍 서산리 827,35.5726215,128.1460623,,기타,경상남도 합천군청,055-930-3304,2025-07-24,5480000,경상남도 합천군
합천읍_육정(폐비닐),경상남도,합천군,,경상남도 합천군 합천읍 장계리 산195-1,35.6088141,128.1192183,,기타,경상남도 합천군청,055-930-3304,2025-07-24,5480000,경상남도 합천군
합천읍_내기(폐비닐),경상남도,합천군,,경상남도 합천군 합천읍 장계리 1010-1,35.6133158,128.1153064,,기타,경상남도 합천군청,055-930-3304,2025-07-24,5480000,경상남도 합천군
합천읍_장계(폐비닐),경상남도,합천군,,경상남도 합천군 합천읍 장계리 1186,35.6147604,128.1219757,,기타,경상남도 합천군청,055-930-3304,2025-07-24,5480000,경상남도 합천군
합천읍_신평(폐비닐),경상남도,합천군,경상남도 합천군 합천읍 외곡2길 19,,35.6279481,128.1380483,,기타,경상남도 합천군청,055-930-3304,2025-07-24,5480000,경상남도 합천군
합천읍_금양(폐비닐),경상남도,합천군,,경상남도 합천군 합천읍 금양리 274-2,35.5900971,128.1746749,,기타,경상남도 합천군청,055-930-3304,2025-07-24,5480000,경상남도 합천군
합천읍_사동(폐비닐),경상남도,합천군,,경상남도 합천군 합천읍 금양리 857-5,35.6170804,128.1645779,,기타,경상남도 합천군청,055-930-3304,2025-07-24,5480000,경상남도 합천군
합천읍_안계(폐비닐),경상남도,합천군,,경상남도 합천군 합천읍 서산리 산174,35.5913775,128.1317947,,기타,경상남도 합천군청,055-930-3304,2025-07-24,5480000,경상남도 합천군
합천읍_관자(폐비닐),경상남도,합천군,,경상남도 합천군 합천읍 인곡리 1192-88,35.6073207,128.1066003,,기타,경상남도 합천군청,055-930-3304,2025-07-24,5480000,경상남도 합천군
합천읍_법정(폐비닐),경상남도,합천군,,경상남도 합천군 합천읍 용계리 166-4,35.6204644,128.1616815,,기타,경상남도 합천군청,055-930-3304,2025-07-24,5480000,경상남도 합천군
합천읍_외곡(폐비닐),경상남도,합천군,,경상남도 합천군 합천읍 외곡리 405-1,35.6354958,128.1429857,,기타,경상남도 합천군청,055-930-3304,2025-07-24,5480000,경상남도 합천군
합천읍_내곡(폐비닐)_2,경상남도,합천군,,경상남도 합천군 합천읍 내곡리 763-1,35.6341706,128.1506127,,기타,경상남도 합천군청,055-930-3304,2025-07-24,5480000,경상남도 합천군
합천읍_계림(폐비닐),경상남도,합천군,,경상남도 합천군 합천읍 서산리 603-3,35.5844815,128.1477501,,기타,경상남도 합천군청,055-930-3304,2025-07-24,5480000,경상남도 합천군
합천읍_인곡(폐비닐),경상남도,합천군,,경상남도 합천군 합천읍 인곡리 629,35.6052621,128.1000635,,기타,경상남도 합천군청,055-930-3304,2025-07-24,5480000,경상남도 합천군
원베일리정류장(22381),서울특별시,서초구,,서울특별시 서초구 반포동1-13,37.50750565,126.9996531,,재활용쓰레기,서울특별시 서초구청,02-2155-6728,2025-07-31,3210000,서울특별시 서초구
양재역 5번 출구뒤,서울특별시,서초구,서울특별시 서초구 남부순환로 350길4,,37.48433811,127.0351785,,재활용쓰레기,서울특별시 서초구청,02-2155-6728,2025-07-31,3210000,서울특별시 서초구
버스정류장(22128),서울특별시,서초구,서울특별시 서초구 효령로 386,,37.48761254,127.0261892,,재활용쓰레기,서울특별시 서초구청,02-2155-6728,2025-07-31,3210000,서울특별시 서초구
버스정류장(22211),서울특별시,서초구,서울특별시 서초구 신반포로 194,,37.50643574,127.0068344,,재활용쓰레기,서울특별시 서초구청,02-2155-6728,2025-07-31,3210000,서울특별시 서초구
신반포역사거리(세화고등학교옆),서울특별시,서초구,서울특별시 서초구 신반포로 105,,37.50622031,127.0050517,,재활용쓰레기,서울특별시 서초구청,02-2155-6728,2025-07-31,3210000,서울특별시 서초구
반포 푸르지오101동 횡단보도앞,서울특별시,서초구,서울특별시 서초구 신반포로 105,,37.50622031,127.0050517,,재활용쓰레기,서울특별시 서초구청,02-2155-6728,2025-07-31,3210000,서울특별시 서초구
버스정류장(22175),서울특별시,서초구,서울특별시 서초구 잠원로14길 32,,37.51793353,127.0141425,,재활용쓰레기,서울특별시 서초구청,02-2155-6728,2025-07-31,3210000,서울특별시 서초구
청계산입구 역 2번 출구,서울특별시,서초구,,서울특별시 서초구 원지동594-10(청계산로),37.44753815,127.0553202,,재활용쓰레기,서울특별시 서초구청,02-2155-6728,2025-07-31,3210000,서울특별시 서초구
버스정류장 앞(22302),서울특별시,서초구,서울특별시 서초구 헌릉로13,,37.46512254,127.0447513,,재활용쓰레기,서울특별시 서초구청,02-2155-6728,2025-07-31,3210000,서울특별시 서초구
양재시민의 숲 5번 출구 앞,서울특별시,서초구,서울특별시 서초구 매헌로116,,37.46997873,127.0383258,,재활용쓰레기,서울특별시 서초구청,02-2155-6728,2025-07-31,3210000,서울특별시 서초구
버스정류장 앞(22422),서울특별시,서초구,서울특별시 서초구 매헌로24,,37.46343917,127.0355257,,재활용쓰레기,서울특별시 서초구청,02-2155-6728,2025-07-31,3210000,서울특별시 서초구
봉산면_압곡리(암롤박스),경상남도,합천군,경상남도 합천군 봉산면 오도산휴양로 345,,35.6652511,128.0528971,오도산자연휴양림,기타,경상남도 합천군청,055-930-3304,2025-07-24,5480000,경상남도 합천군
서초힐스아파트 앞,서울특별시,서초구,서울특별시 서초구 양재대로2길 90,,37.45760527,127.0175705,,재활용쓰레기,서울특별시 서초구청,02-2155-6728,2025-07-31,3210000,서울특별시 서초구
버스정류장 앞(22607),서울특별시,서초구,서울특별시 서초구 양재대로54,,37.45976394,127.0253605,,재활용쓰레기,서울특별시 서초구청,02-2155-6728,2025-07-31,3210000,서울특별시 서초구
버스정류장 앞(22164),서울특별시,서초구,서울특별시 서초구 서운로212,,37.50185788,127.0224228,,재활용쓰레기,서울특별시 서초구청,02-2155-6728,2025-07-31,3210000,서울특별시 서초구
버스정류장 앞(22164),서울특별시,서초구,서울특별시 서초구 서운로201,,37.50132463,127.0201266,,재활용쓰레기,서울특별시 서초구청,02-2155-6728,2025-07-31,3210000,서울특별시 서초구
버스정류장 앞(22118),서울특별시,서초구,서울특별시 서초구 서운로107,,37.49300713,127.0254533,,재활용쓰레기,서울특별시 서초구청,02-2155-6728,2025-07-31,3210000,서울특별시 서초구
버스정류장 앞(22117),서울특별시,서초구,서울특별시 서초구 서운로104,,37.4934156,127.0264914,,재활용쓰레기,서울특별시 서초구청,02-2155-6728,2025-07-31,3210000,서울특별시 서초구
서리풀문화광장 앞,서울특별시,서초구,,서울특별시 서초구 서초동1498-47(서초대로),37.4907461,127.004678,,재활용쓰레기,서울특별시 서초구청,02-2155-6728,2025-07-31,3210000,서울특별시 서초구
버스정류장 앞(22466),서울특별시,서초구,서울특별시 서초구 고무래로34,,37.50248707,127.0125134,,재활용쓰레기,서울특별시 서초구청,02-2155-6728,2025-07-31,3210000,서울특별시 서초구
"버스정류장 앞(22922),세란병원앞",서울특별시,서초구,서울특별시 서초구 명달로134,,37.48924257,127.0048247,,재활용쓰레기,서울특별시 서초구청,02-2155-6728,2025-07-31,3210000,서울특별시 서초구
신한은행 반포남금융센터 앞,서울특별시,서초구,서울특별시 서초구 서초중앙로238,,37.50296195,127.012071,,재활용쓰레기,서울특별시 서초구청,02-2155-6728,2025-07-31,3210000,서울특별시 서초구
이수교차로 교통섬,서울특별시,서초구,서울특별시 서초구 방배중앙로 215,서울특별시 서초구 방배동752-7,37.49829312,126.9848286,,재활용쓰레기,서울특별시 서초구청,02-2155-6728,2025-07-31,3210000,서울특별시 서초구
사당역 12번 출구 앞,서울특별시,서초구,서울특별시 서초구 방배천로 11,서울특별시 서초구 방배동444-3,37.47770076,126.9822361,,재활용쓰레기,서울특별시 서초구청,02-2155-6728,2025-07-31,3210000,서울특별시 서초구
사당역 11번 출구 앞,서울특별시,서초구,서울특별시 서초구 동작대로 24,서울특별시 서초구 방배동443-3,37.47866249,126.9821522,,재활용쓰레기,서울특별시 서초구청,02-2155-6728,2025-07-31,3210000,서울특별시 서초구
이수역 5번 출구 앞,서울특별시,서초구,서울특별시 서초구 방배천로 91,서울특별시 서초구 방배동3250,37.48479284,126.9825989,,재활용쓰레기,서울특별시 서초구청,02-2155-6728,2025-07-31,3210000,서울특별시 서초구
이수역 4번 출구 앞,서울특별시,서초구,서울특별시 서초구 동작대로 108,서울특별시 서초구 방배동3001-1,37.4860911,126.9826166,,재활용쓰레기,서울특별시 서초구청,02-2155-6728,2025-07-31,3210000,서울특별시 서초구
이수역 1번 출구 뒤,서울특별시,서초구,서울특별시 서초구 동작대로 130,서울특별시 서초구 방배동1770,37.48801287,126.9826363,,재활용쓰레기,서울특별시 서초구청,02-2155-6728,2025-07-31,3210000,서울특별시 서초구
버스정류장 앞(22196),서울특별시,서초구,서울특별시 서초구 사평대로285,,37.5041589,127.0154342,,재활용쓰레기,서울특별시 서초구청,02-2155-6728,2025-07-31,3210000,서울특별시 서초구
버스정류장 앞(22195),서울특별시,서초구,,서울특별시 서초구 반포동20-49(사평대로),37.50491575,127.0144171,,재활용쓰레기,서울특별시 서초구청,02-2155-6728,2025-07-31,3210000,서울특별시 서초구
버스정류장 앞(22433),서울특별시,서초구,서울특별시 서초구 사평대로66,,37.49789692,126.9918371,,재활용쓰레기,서울특별시 서초구청,02-2155-6728,2025-07-31,3210000,서울특별시 서초구
버스정류장 앞(22544),서울특별시,서초구,서울특별시 서초구 사평대로142,,37.50037298,127.0010603,,재활용쓰레기,서울특별시 서초구청,02-2155-6728,2025-07-31,3210000,서울특별시 서초구
버스정류장 앞(22543),서울특별시,서초구,서울특별시 서초구 사평대로 126,서울특별시 서초구 반포동 93-1,37.49976696,126.9983523,,재활용쓰레기,서울특별시 서초구청,02-2155-6728,2025-07-31,3210000,서울특별시 서초구
골프존마켓 앞,서울특별시,서초구,서울특별시 서초구 사평대로98,,37.49865153,126.9954558,,재활용쓰레기,서울특별시 서초구청,02-2155-6728,2025-07-31,3210000,서울특별시 서초구
버스정류장 앞(22380),서울특별시,서초구,서울특별시 서초구 사평대로55,,37.49885315,126.9905157,,재활용쓰레기,서울특별시 서초구청,02-2155-6728,2025-07-31,3210000,서울특별시 서초구
예술의 전당 앞 마임건너편(22025),서울특별시,서초구,서울특별시 서초구 남부순환로2406,,37.4802402,127.0142152,,재활용쓰레기,서울특별시 서초구청,02-2155-6728,2025-07-31,3210000,서울특별시 서초구
예술의 전당 앞(22151),서울특별시,서초구,서울특별시 서초구 남부순환로2406,,37.4802402,127.0142152,,재활용쓰레기,서울특별시 서초구청,02-2155-6728,2025-07-31,3210000,서울특별시 서초구
버스정류장 앞(22417),서울특별시,서초구,서울특별시 서초구 남부순환로2183,,37.47511676,126.9910912,,재활용쓰레기,서울특별시 서초구청,02-2155-6728,2025-07-31,3210000,서울특별시 서초구
버스정류장 앞(22205),서울특별시,서초구,서울특별시 서초구 잠원로117,,37.51451892,127.0069957,,재활용쓰레기,서울특별시 서초구청,02-2155-6728,2025-07-31,3210000,서울특별시 서초구
버스정류장 앞(22208),서울특별시,서초구,,서울특별시 서초구 잠원동160-2(잠원로),37.5099491,127.0077759,,재활용쓰레기,서울특별시 서초구청,02-2155-6728,2025-07-31,3210000,서울특별시 서초구
킴스클럽 앞,서울특별시,서초구,서울특별시 서초구 잠원로69,,37.5102605,127.0069708,,재활용쓰레기,서울특별시 서초구청,02-2155-6728,2025-07-31,3210000,서울특별시 서초구
신반포역 4번출구 앞,서울특별시,서초구,서울특별시 서초구 신반포로105,,37.50622031,127.0050517,,재활용쓰레기,서울특별시 서초구청,02-2155-6728,2025-07-31,3210000,서울특별시 서초구
버스정류장 옆(22990),서울특별시,서초구,서울특별시 서초구 반포대로275,,37.50239027,126.9959653,,재활용쓰레기,서울특별시 서초구청,02-2155-6728,2025-07-31,3210000,서울특별시 서초구
고속터미널 역 8-1번 출구 앞,서울특별시,서초구,서울특별시 서초구 신반포로200,,37.50622031,127.0050517,,재활용쓰레기,서울특별시 서초구청,02-2155-6728,2025-07-31,3210000,서울특별시 서초구
구반포역 2번출구 앞,서울특별시,서초구,서울특별시 서초구 신반포로17,,37.50113938,126.9861839,,재활용쓰레기,서울특별시 서초구청,02-2155-6728,2025-07-31,3210000,서울특별시 서초구
버스정류장 앞(22548),서울특별시,서초구,서울특별시 서초구 방배로16,,37.47652276,127.0012438,,재활용쓰레기,서울특별시 서초구청,02-2155-6728,2025-07-31,3210000,서울특별시 서초구
방배역 2번출구 앞,서울특별시,서초구,서울특별시 서초구 효령로 120,,37.48108275,126.9974214,,재활용쓰레기,서울특별시 서초구청,02-2155-6728,2025-07-31,3210000,서울특별시 서초구
내방역 5번출구 뒤,서울특별시,서초구,서울특별시 서초구 서초대로 101,,37.48790195,126.993196,,재활용쓰레기,서울특별시 서초구청,02-2155-6728,2025-07-31,3210000,서울특별시 서초구
내방역 3번출구 앞,서울특별시,서초구,서울특별시 서초구 방배로 151,,37.48715828,126.9935602,,재활용쓰레기,서울특별시 서초구청,02-2155-6728,2025-07-31,3210000,서울특별시 서초구
방배열린문화센터 앞,서울특별시,서초구,서울특별시 서초구 방배로 173,,37.48900761,126.9922424,,재활용쓰레기,서울특별시 서초구청,02-2155-6728,2025-07-31,3210000,서울특별시 서초구
"버스정류장 앞(22223),서래초근처",서울특별시,서초구,서울특별시 서초구 방배로 268,,37.49668577,126.9884208,,재활용쓰레기,서울특별시 서초구청,02-2155-6728,2025-07-31,3210000,서울특별시 서초구
방배역 1번출구 옆,서울특별시,서초구,서울특별시 서초구 효령로 34길 4,,37.48136451,126.9989177,,재활용쓰레기,서울특별시 서초구청,02-2155-6728,2025-07-31,3210000,서울특별시 서초구
버스정류장 앞(22140),서울특별시,서초구,서울특별시 서초구 반포대로94,,37.48871122,127.0095838,,재활용쓰레기,서울특별시 서초구청,02-2155-6728,2025-07-31,3210000,서울특별시 서초구
방배역 3번출구 옆,서울특별시,서초구,서울특별시 서초구 효령로 120,,37.48108275,126.9974214,,재활용쓰레기,서울특별시 서초구청,02-2155-6728,2025-07-31,3210000,서울특별시 서초구
버스정류장 앞(22142),서울특별시,서초구,서울특별시 서초구 반포대로95,,37.48868462,127.0087399,,재활용쓰레기,서울특별시 서초구청,02-2155-6728,2025-07-31,3210000,서울특별시 서초구
서초역 3번출구 앞,서울특별시,서초구,,서울특별시 서초구 서초동1541-5(반포대로),37.49092158,127.0079134,,재활용쓰레기,서울특별시 서초구청,02-2155-6728,2025-07-31,3210000,서울특별시 서초구
서초역 2번출구 앞,서울특별시,서초구,서울특별시 서초구 서초대로 240,,37.49157706,127.0083435,,재활용쓰레기,서울특별시 서초구청,02-2155-6728,2025-07-31,3210000,서울특별시 서초구
한독모터스 앞,서울특별시,서초구,서울특별시 서초구 반포대로72,,37.48692867,127.0105871,,재활용쓰레기,서울특별시 서초구청,02-2155-6728,2025-07-31,3210000,서울특별시 서초구
서초고용센터 앞,서울특별시,서초구,서울특별시 서초구 반포대로43,,37.48422977,127.0108415,,재활용쓰레기,서울특별시 서초구청,02-2155-6728,2025-07-31,3210000,서울특별시 서초구
와라와라 앞,서울특별시,서초구,서울특별시 서초구 반포대로38,,37.48389485,127.0119208,,재활용쓰레기,서울특별시 서초구청,02-2155-6728,2025-07-31,3210000,서울특별시 서초구
버스정류장 앞(22112),서울특별시,서초구,서울특별시 서초구 효령로341,,37.48663971,127.0213145,,재활용쓰레기,서울특별시 서초구청,02-2155-6728,2025-07-31,3210000,서울특별시 서초구
버스정류장 앞(22126),서울특별시,서초구,서울특별시 서초구 효령로418,,37.4886106,127.0295891,,재활용쓰레기,서울특별시 서초구청,02-2155-6728,2025-07-31,3210000,서울특별시 서초구
버스정류장 앞(22446),서울특별시,서초구,서울특별시 서초구 효령로336,,37.48602619,127.0209888,,재활용쓰레기,서울특별시 서초구청,02-2155-6728,2025-07-31,3210000,서울특별시 서초구
양재시민의 숲 4번출구,서울특별시,서초구,서울특별시 서초구 강남대로27,,37.46827871,127.0391364,,재활용쓰레기,서울특별시 서초구청,02-2155-6728,2025-07-31,3210000,서울특별시 서초구
페이토호텔 앞,서울특별시,서초구,서울특별시 서초구 강남대로259,,37.48657325,127.0326334,,재활용쓰레기,서울특별시 서초구청,02-2155-6728,2025-07-31,3210000,서울특별시 서초구
남부터미널 역 5번출구 옆,서울특별시,서초구,서울특별시 서초구 효령로292,,37.48354661,127.0151109,,재활용쓰레기,서울특별시 서초구청,02-2155-6728,2025-07-31,3210000,서울특별시 서초구
버스정류장 앞(22250),서울특별시,서초구,서울특별시 서초구 효령로92,,37.48016182,126.9945968,,재활용쓰레기,서울특별시 서초구청,02-2155-6728,2025-07-31,3210000,서울특별시 서초구
버스정류장 앞(22979),서울특별시,서초구,서울특별시 서초구 효령로22,,37.4773868,126.9874824,,재활용쓰레기,서울특별시 서초구청,02-2155-6728,2025-07-31,3210000,서울특별시 서초구
양재시민의 숲 1번출구 앞 버스정류장(222-98),서울특별시,서초구,서울특별시 서초구 강남대로45-2,,37.46860382,127.0395902,,재활용쓰레기,서울특별시 서초구청,02-2155-6728,2025-07-31,3210000,서울특별시 서초구
양재시민의 숲 3번출구,서울특별시,서초구,서울특별시 서초구 강남대로48-3,,37.469282,127.0399092,,재활용쓰레기,서울특별시 서초구청,02-2155-6728,2025-07-31,3210000,서울특별시 서초구
일동제약사거리 버스정류장(22-291),서울특별시,서초구,,서울특별시 서초구 양재동 105-4(강남대로),37.47859191,127.0384311,,재활용쓰레기,서울특별시 서초구청,02-2155-6728,2025-07-31,3210000,서울특별시 서초구
상록빌딩 앞,서울특별시,서초구,서울특별시 서초구 강남대로148,,37.47788797,127.0391803,,재활용쓰레기,서울특별시 서초구청,02-2155-6728,2025-07-31,3210000,서울특별시 서초구
양재역 7번출구 옆,서울특별시,서초구,서울특별시 서초구 남부순환로2585,,37.48393473,127.0345442,,재활용쓰레기,서울특별시 서초구청,02-2155-6728,2025-07-31,3210000,서울특별시 서초구
맥도널드 앞,서울특별시,서초구,서울특별시 서초구 강남대로213,,37.48276664,127.0349496,,재활용쓰레기,서울특별시 서초구청,02-2155-6728,2025-07-31,3210000,서울특별시 서초구
양재역 11번출구 옆,서울특별시,서초구,서울특별시 서초구 남부순환로2585,,37.48393473,127.0345442,,재활용쓰레기,서울특별시 서초구청,02-2155-6728,2025-07-31,3210000,서울특별시 서초구
우곡 마을회관 근처,경상북도,영덕군,,경상북도 영덕군 영덕읍 우곡리 491-45,36.40602339,129.3755674,,일반쓰레기,경상북도 영덕군청,054-730-6194,2025-08-28,5180000,경상북도 영덕군
남석3리 마을회관 앞,경상북도,영덕군,,경상북도 영덕군 영덕읍 남석리 66-22,36.40983742,129.3686186,,일반쓰레기,경상북도 영덕군청,054-730-6194,2025-08-28,5180000,경상북도 영덕군
영덕시장 승강장 옆,경상북도,영덕군,,경상북도 영덕군 영덕읍 우곡리 490-4,36.40858173,129.3712698,,일반쓰레기,경상북도 영덕군청,054-730-6194,2025-08-28,5180000,경상북도 영덕군
영덕군 먹거리센터 앞,경상북도,영덕군,,경상북도 영덕군 영덕읍 남석리 205-1,36.41158555,129.3652492,,일반쓰레기,경상북도 영덕군청,054-730-6194,2025-08-28,5180000,경상북도 영덕군
황곡리 265-1번지 앞,충청남도,홍성군,충청남도 홍성군 구항면 구항길240번길 21,,36.5830161,126.6240259,,재활용쓰레기,충청남도 홍성군,041-630-1350,2025-08-29,4600000,충청남도 홍성군
내현리 375-1번지 앞,충청남도,홍성군,충청남도 홍성군 구항면 거북로 440,,36.57052522,126.6092873,,재활용쓰레기,충청남도 홍성군,041-630-1350,2025-08-29,4600000,충청남도 홍성군
마온리 358-2번지 앞,충청남도,홍성군,충청남도 홍성군 구항면  충서로999번길 101-65,,36.56780825,126.6390658,,재활용쓰레기,충청남도 홍성군,041-630-1350,2025-08-29,4600000,충청남도 홍성군
용주면_고품리(암롤박스),경상남도,합천군,경상남도 합천군 용주면 고품부흥1길 10-28,,35.5543751,128.1151668,경상남도 안전체험관,기타,경상남도 합천군청,055-930-3304,2025-07-24,5480000,경상남도 합천군
용주면_가호리(암롤박스),경상남도,합천군,경상남도 합천군 용주면 합천호수로 757,,35.5490189,128.0710082,영상테마파크,기타,경상남도 합천군청,055-930-3304,2025-07-24,5480000,경상남도 합천군
대병면_회양리(암롤박스),경상남도,합천군,경상남도 합천군 대병면 합천호반로 4,,35.5314136,128.0317584,K-water 합천댐지사,기타,경상남도 합천군청,055-930-3304,2025-07-24,5480000,경상남도 합천군
가회면_둔내리(암롤박스)_1,경상남도,합천군,경상남도 합천군 가회면 황매산공원길 263,,35.4851395,127.9842519,황매산숲속야영장,기타,경상남도 합천군청,055-930-3304,2025-07-24,5480000,경상남도 합천군
가회면_둔내리(암롤박스)_2,경상남도,합천군,경상남도 합천군 가회면 황매산공원길 331,,35.4816328,127.9820485,황매산오토캠핑장,기타,경상남도 합천군청,055-930-3304,2025-07-24,5480000,경상남도 합천군
가회면_둔내리(암롤박스)_3,경상남도,합천군,,경상남도 합천군 가회면 둔내리 산210,35.4864836,128.0008161,법연원,기타,경상남도 합천군청,055-930-3304,2025-07-24,5480000,경상남도 합천군
대양면_정양리(암롤박스),경상남도,합천군,,경상남도 합천군 대양면 정양리 613,35.5584161,128.1667081,,기타,경상남도 합천군청,055-930-3304,2025-07-24,5480000,경상남도 합천군
삼가면_어전리(암롤박스),경상남도,합천군,경상남도 합천군 삼가면 합천대로 455,,35.3841527,128.1091347,,기타,경상남도 합천군청,055-930-3304,2025-07-24,5480000,경상남도 합천군
양재역 1번출구 옆,서울특별시,서초구,서울특별시 서초구 남부순환로2585,,37.48393473,127.0345442,,재활용쓰레기,서울특별시 서초구청,02-2155-6728,2025-07-31,3210000,서울특별시 서초구
지하철 환풍구 옆,서울특별시,서초구,서울특별시 서초구 강남대로299,,37.48975281,127.0309834,,재활용쓰레기,서울특별시 서초구청,02-2155-6728,2025-07-31,3210000,서울특별시 서초구
신한금융투자 강남중앙지점 앞,서울특별시,서초구,서울특별시 서초구 강남대로343,,37.49351955,127.0292412,,재활용쓰레기,서울특별시 서초구청,02-2155-6728,2025-07-31,3210000,서울특별시 서초구
티월드 앞,서울특별시,서초구,서울특별시 서초구 강남대로359,,37.49479896,127.0286098,,재활용쓰레기,서울특별시 서초구청,02-2155-6728,2025-07-31,3210000,서울특별시 서초구
도씨에빛 1 앞,서울특별시,서초구,서울특별시 서초구 강남대로365,,37.49532341,127.0283489,,재활용쓰레기,서울특별시 서초구청,02-2155-6728,2025-07-31,3210000,서울특별시 서초구
던킨도너츠 앞,서울특별시,서초구,서울특별시 서초구 강남대로373,,37.49598293,127.0280101,,재활용쓰레기,서울특별시 서초구청,02-2155-6728,2025-07-31,3210000,서울특별시 서초구
대동빌딩 앞,서울특별시,서초구,서울특별시 서초구 강남대로415,,37.4995604,127.0263398,,재활용쓰레기,서울특별시 서초구청,02-2155-6728,2025-07-31,3210000,서울특별시 서초구
이니스프리 앞,서울특별시,서초구,서울특별시 서초구 강남대로423,,37.50030971,127.0258153,,재활용쓰레기,서울특별시 서초구청,02-2155-6728,2025-07-31,3210000,서울특별시 서초구
유화빌딩 앞,서울특별시,서초구,서울특별시 서초구 강남대로441,,37.50173585,127.0252785,,재활용쓰레기,서울특별시 서초구청,02-2155-6728,2025-07-31,3210000,서울특별시 서초구
자라 앞,서울특별시,서초구,서울특별시 서초구 강남대로447,,37.50219197,127.0250968,,재활용쓰레기,서울특별시 서초구청,02-2155-6728,2025-07-31,3210000,서울특별시 서초구
신논현역2번출구 뒤,서울특별시,서초구,서울특별시 서초구 강남대로477-2,,37.504919,127.0240413,,재활용쓰레기,서울특별시 서초구청,02-2155-6728,2025-07-31,3210000,서울특별시 서초구
스타벅스 앞,서울특별시,서초구,서울특별시 서초구 강남대로483,,37.50532543,127.023649,,재활용쓰레기,서울특별시 서초구청,02-2155-6728,2025-07-31,3210000,서울특별시 서초구
고도일병원 앞,서울특별시,서초구,서울특별시 서초구 강남대로505,,37.50701446,127.0227028,,재활용쓰레기,서울특별시 서초구청,02-2155-6728,2025-07-31,3210000,서울특별시 서초구
대도식당 앞,서울특별시,서초구,서울특별시 서초구 강남대로567,,37.51239375,127.0200688,,재활용쓰레기,서울특별시 서초구청,02-2155-6728,2025-07-31,3210000,서울특별시 서초구
신사역4번출구 옆,서울특별시,서초구,서울특별시 서초구 강남대로603-2,,37.51555521,127.0194711,,재활용쓰레기,서울특별시 서초구청,02-2155-6728,2025-07-31,3210000,서울특별시 서초구
오르셀의원 앞,서울특별시,서초구,서울특별시 서초구 강남대로623,,37.51740815,127.0187331,,재활용쓰레기,서울특별시 서초구청,02-2155-6728,2025-07-31,3210000,서울특별시 서초구
버스정류장(17507),서울특별시,구로구,서울특별시 구로구 구로동로 153,서울특별시 구로구 구로동 413-88,37.4923559,126.8834335,,일반쓰레기,서울특별시 구로구청 청소행정과,02-860-2918,2024-12-26,3160000,서울특별시 구로구
마온리 325번지 앞,충청남도,홍성군,충청남도 홍성군 구항면 충서로 999번길101-6,,36.56985126,126.6409254,,재활용쓰레기,충청남도 홍성군,041-630-1350,2025-08-29,4600000,충청남도 홍성군
태봉리 330-6번지 앞,충청남도,홍성군,충청남도 홍성군 구항면  구항남길 544,,36.56825784,126.5972872,,재활용쓰레기,충청남도 홍성군,041-630-1350,2025-08-29,4600000,충청남도 홍성군
신곡리 690번지 앞,충청남도,홍성군,충청남도 홍성군 구항면  충서로726번길 142,,36.54262949,126.6486726,,재활용쓰레기,충청남도 홍성군,041-630-1350,2025-08-29,4600000,충청남도 홍성군
장양리 663-3번지 앞,충청남도,홍성군,,충청남도 홍성군 구항면  장양리 663-3,36.58085324,126.5900856,,재활용쓰레기,충청남도 홍성군,041-630-1350,2025-08-29,4600000,충청남도 홍성군
신안리 743번지 앞,충청남도,홍성군,충청남도 홍성군 갈산면 수덕사로324번길 64,,36.61835518,126.5929713,,재활용쓰레기,충청남도 홍성군,041-630-1350,2025-08-29,4600000,충청남도 홍성군
와리 11-2번지 앞,충청남도,홍성군,충청남도 홍성군 갈산면 백야로 314번길 57,,36.58266883,126.5619087,,재활용쓰레기,충청남도 홍성군,041-630-1350,2025-08-29,4600000,충청남도 홍성군
와리 95번지 앞,충청남도,홍성군,충청남도 홍성군 갈산면 백야로 390,,36.58730101,126.5547518,,재활용쓰레기,충청남도 홍성군,041-630-1350,2025-08-29,4600000,충청남도 홍성군
오두리 182-3번지 앞,충청남도,홍성군,,충청남도 홍성군 갈산면  오두리182-3,36.59646882,126.5283742,,재활용쓰레기,충청남도 홍성군,041-630-1350,2025-08-29,4600000,충청남도 홍성군
와리 2-11번지 앞,충청남도,홍성군,충청남도 홍성군 갈산면  백야로246번길 65,,36.58120146,126.5648484,,재활용쓰레기,충청남도 홍성군,041-630-1350,2025-08-29,4600000,충청남도 홍성군
형산리 36-6번지 앞,충청남도,홍성군,,충청남도 홍성군 결성면 형산리 36-6,36.58522207,126.5757462,,재활용쓰레기,충청남도 홍성군,041-630-1350,2025-08-29,4600000,충청남도 홍성군
교향리,충청남도,홍성군,,충청남도 홍성군 결성면 교향리 125-2,36.54725,126.547,,재활용쓰레기,충청남도 홍성군,041-630-1350,2025-08-29,4600000,충청남도 홍성군
교항리 1009번지 앞,충청남도,홍성군,,충청남도 홍성군 결성면 교항리 1009,36.57800692,126.5436265,,재활용쓰레기,충청남도 홍성군,041-630-1350,2025-08-29,4600000,충청남도 홍성군
금곡리 840번지 앞,충청남도,홍성군,,충청남도 홍성군 결성면 금곡리 840,36.52954709,126.5602166,,재활용쓰레기,충청남도 홍성군,041-630-1350,2025-08-29,4600000,충청남도 홍성군
교항리 339-7번지 앞,충청남도,홍성군,,충청남도 홍성군 결성면 교항리 339-7,36.58346125,126.54247,,재활용쓰레기,충청남도 홍성군,041-630-1350,2025-08-29,4600000,충청남도 홍성군
학산리 682-2번지 앞,충청남도,홍성군,충청남도 홍성군 은하면 구성남로310번길 150-4,,36.53446129,126.5682931,,재활용쓰레기,충청남도 홍성군,041-630-1350,2025-08-29,4600000,충청남도 홍성군
학산리 24번지 앞,충청남도,홍성군,충청남도 홍성군 은하면 은하로129번길 76,,36.53084196,126.5793994,,재활용쓰레기,충청남도 홍성군,041-630-1350,2025-08-29,4600000,충청남도 홍성군
장곡리 239-8번지 앞,충청남도,홍성군,충청남도 홍성군 은하면 은하로406번길 156,,36.55123827,126.6063121,,재활용쓰레기,충청남도 홍성군,041-630-1350,2025-08-29,4600000,충청남도 홍성군
덕실리 205번지 앞,충청남도,홍성군,충청남도 홍성군 은하면 홍남서로886번길 177,,36.50831371,126.5656438,,재활용쓰레기,충청남도 홍성군,041-630-1350,2025-08-29,4600000,충청남도 홍성군
화계리 88-3번지 앞,충청남도,홍성군,충청남도 홍성군 장곡면 홍남동로 474번길 120-1,,36.49996196,126.6814598,,재활용쓰레기,충청남도 홍성군,041-630-1350,2025-08-29,4600000,충청남도 홍성군
월계리 53번지 앞,충청남도,홍성군,충청남도 홍성군 장곡면 장곡동길 660,,36.53757321,126.7390158,,재활용쓰레기,충청남도 홍성군,041-630-1350,2025-08-29,4600000,충청남도 홍성군
신풍리 126-2번지 앞,충청남도,홍성군,충청남도 홍성군 장곡면 장곡길534번길 49,,36.48525286,126.6950176,,재활용쓰레기,충청남도 홍성군,041-630-1350,2025-08-29,4600000,충청남도 홍성군
지정리 544번지 앞,충청남도,홍성군,충청남도 홍성군 장곡면 지정1길 41-8,,36.53030448,126.7040989,,재활용쓰레기,충청남도 홍성군,041-630-1350,2025-08-29,4600000,충청남도 홍성군
상송리 618-4번지 앞,충청남도,홍성군,충청남도 홍성군 장곡면  홍남동로 713번길 190,,36.50785508,126.7039209,,재활용쓰레기,충청남도 홍성군,041-630-1350,2025-08-29,4600000,충청남도 홍성군
도산리 489-1번지 앞,충청남도,홍성군,충청남도 홍성군 장곡면  홍남동로461,,36.50516139,126.6912807,,재활용쓰레기,충청남도 홍성군,041-630-1350,2025-08-29,4600000,충청남도 홍성군
신풍리 60-1번지 앞,충청남도,홍성군,,충청남도 홍성군 장곡면  신풍리 60-1,36.49400989,126.6918792,,재활용쓰레기,충청남도 홍성군,041-630-1350,2025-08-29,4600000,충청남도 홍성군
봉서리 468-2번지 앞,충청남도,홍성군,충청남도 홍성군 금마면 금마로436번길 71,,36.60419912,126.7524657,,재활용쓰레기,충청남도 홍성군,041-630-1350,2025-08-29,4600000,충청남도 홍성군
송암리 66-2번지 앞,충청남도,홍성군,충청남도 홍성군 금마면 홍양길 518,,36.60101835,126.72193,,재활용쓰레기,충청남도 홍성군,041-630-1350,2025-08-29,4600000,충청남도 홍성군
화양리 317-16번지 앞,충청남도,홍성군,,충청남도 홍성군 금마면 화양리 317-16,36.61880235,126.7237673,,재활용쓰레기,충청남도 홍성군,041-630-1350,2025-08-29,4600000,충청남도 홍성군
죽림리 719-29번지 앞,충청남도,홍성군,,충청남도 홍성군 금마면 죽림리 719-29,36.61701054,126.7125174,,재활용쓰레기,충청남도 홍성군,041-630-1350,2025-08-29,4600000,충청남도 홍성군
죽림리 82-30번지 앞,충청남도,홍성군,,충청남도 홍성군 금마면 죽림리 82-30,36.61462345,126.716211,,재활용쓰레기,충청남도 홍성군,041-630-1350,2025-08-29,4600000,충청남도 홍성군
홍원리 790-5번지 앞,충청남도,홍성군,충청남도 홍성군 홍동면 광금남로498번길 89,,36.54310735,126.6863898,,재활용쓰레기,충청남도 홍성군,041-630-1350,2025-08-29,4600000,충청남도 홍성군
신기리 382-7번지 앞,충청남도,홍성군,,충청남도 홍성군 홍동면 신기리 382-7,36.58056199,126.7144232,,재활용쓰레기,충청남도 홍성군,041-630-1350,2025-08-29,4600000,충청남도 홍성군
대동리 193번지 앞,충청남도,홍성군,충청남도 홍성군 홍북읍 홍북로 450,,36.65016309,126.6919755,,재활용쓰레기,충청남도 홍성군,041-630-1350,2025-08-29,4600000,충청남도 홍성군
산수리 90-5번지 앞,충청남도,홍성군,충청남도 홍성군 홍북읍 금북로 364-41,,36.64845571,126.7232123,,재활용쓰레기,충청남도 홍성군,041-630-1350,2025-08-29,4600000,충청남도 홍성군
갈산리,충청남도,홍성군,,충청남도 홍성군 홍북읍 홍북읍 갈산리 244-3,36.64205,126.69,,재활용쓰레기,충청남도 홍성군,041-630-1350,2025-08-29,4600000,충청남도 홍성군
대인리,충청남도,홍성군,,충청남도 홍성군 홍북읍 홍북읍 대인리 602-6,36.64205,126.69,,재활용쓰레기,충청남도 홍성군,041-630-1350,2025-08-29,4600000,충청남도 홍성군
석택리 585-5번지 앞,충청남도,홍성군,충청남도 홍성군 홍북읍 홍북로 502번길 54,,36.65165786,126.7013768,,재활용쓰레기,충청남도 홍성군,041-630-1350,2025-08-29,4600000,충청남도 홍성군
대동리 170-21번지 앞,충청남도,홍성군,충청남도 홍성군 홍북읍 홍북로 453번길 47-19,,36.64955412,126.689622,,재활용쓰레기,충청남도 홍성군,041-630-1350,2025-08-29,4600000,충청남도 홍성군
신정리 49-1번지 앞,충청남도,홍성군,충청남도 홍성군 홍북읍 금북로614번길118,,36.6693017,126.7388282,,재활용쓰레기,충청남도 홍성군,041-630-1350,2025-08-29,4600000,충청남도 홍성군
내덕리 762-30번지 앞,충청남도,홍성군,충청남도 홍성군 홍북읍 내용길 270,,36.61808004,126.6926859,,재활용쓰레기,충청남도 홍성군,041-630-1350,2025-08-29,4600000,충청남도 홍성군
중계리 743-2번지 앞,충청남도,홍성군,충청남도 홍성군 홍북읍 홍천문화2길30-14,,36.62628097,126.642329,,재활용쓰레기,충청남도 홍성군,041-630-1350,2025-08-29,4600000,충청남도 홍성군
산수리 462-1번지 앞,충청남도,홍성군,충청남도 홍성군 홍북읍 금북로 366,,36.64962341,126.7218254,,재활용쓰레기,충청남도 홍성군,041-630-1350,2025-08-29,4600000,충청남도 홍성군
상하리 454-1번지 앞,충청남도,홍성군,충청남도 홍성군 홍북읍 이응노로 307,,36.6314193,126.653511,,재활용쓰레기,충청남도 홍성군,041-630-1350,2025-08-29,4600000,충청남도 홍성군
상정리 653-3번지 앞,충청남도,홍성군,,충청남도 홍성군 광천읍 상정리 653-3,36.50954832,126.6121306,,재활용쓰레기,충청남도 홍성군,041-630-1350,2025-08-29,4600000,충청남도 홍성군
상정리 580-3번지 앞,충청남도,홍성군,,충청남도 홍성군 광천읍 상정리 580-3,36.50555151,126.6112,,재활용쓰레기,충청남도 홍성군,041-630-1350,2025-08-29,4600000,충청남도 홍성군
소암리 344-4번지 앞,충청남도,홍성군,,충청남도 홍성군 광천읍 소암리 344-4,36.50026369,126.6368659,,재활용쓰레기,충청남도 홍성군,041-630-1350,2025-08-29,4600000,충청남도 홍성군
가정리 502-3번지 앞,충청남도,홍성군,,충청남도 홍성군 광천읍 가정리 502-3,36.50353205,126.648406,,재활용쓰레기,충청남도 홍성군,041-630-1350,2025-08-29,4600000,충청남도 홍성군
우주은하아파트 앞,충청남도,홍성군,충청남도 홍성군 광천읍 홍남로623-18,,36.50512729,126.620022,,재활용쓰레기,충청남도 홍성군,041-630-1350,2025-08-29,4600000,충청남도 홍성군
월림리 291-1번지 앞,충청남도,홍성군,충청남도 홍성군 광천읍 월림1길 20-4,,36.52149433,126.6471813,,재활용쓰레기,충청남도 홍성군,041-630-1350,2025-08-29,4600000,충청남도 홍성군
담산리 228번지 앞,충청남도,홍성군,충청남도 홍성군 광천읍 담산길 13,,36.49632354,126.6426721,,재활용쓰레기,충청남도 홍성군,041-630-1350,2025-08-29,4600000,충청남도 홍성군
매현리 546번지 앞,충청남도,홍성군,충청남도 홍성군 광천읍 매현1길 2,,36.52226833,126.6336432,,재활용쓰레기,충청남도 홍성군,041-630-1350,2025-08-29,4600000,충청남도 홍성군
새드림타운하우스 앞,충청남도,홍성군,충청남도 홍성군 광천읍 충서로 206-12,,36.50244773,126.6178831,,재활용쓰레기,충청남도 홍성군,041-630-1350,2025-08-29,4600000,충청남도 홍성군
오관리 875-19번지 앞,충청남도,홍성군,,충청남도 홍성군 홍성읍 오관리 875-19,36.60086047,126.6589627,,재활용쓰레기,충청남도 홍성군,041-630-1350,2025-08-29,4600000,충청남도 홍성군
대교리 16-7번지 앞,충청남도,홍성군,,충청남도 홍성군 홍성읍 대교리 16-7,36.605952,126.6817526,,재활용쓰레기,충청남도 홍성군,041-630-1350,2025-08-29,4600000,충청남도 홍성군
대교리 30-2번지 앞,충청남도,홍성군,,충청남도 홍성군 홍성읍 대교리 30-2,36.60577826,126.6772135,,재활용쓰레기,충청남도 홍성군,041-630-1350,2025-08-29,4600000,충청남도 홍성군
월산리 830-4번지 앞,충청남도,홍성군,,충청남도 홍성군 홍성읍 월산리 830-4,36.60039943,126.6465531,,재활용쓰레기,충청남도 홍성군,041-630-1350,2025-08-29,4600000,충청남도 홍성군
고암리 570-9번지 앞,충청남도,홍성군,,충청남도 홍성군 홍성읍 고암리 570-9,36.59834807,126.6747773,,재활용쓰레기,충청남도 홍성군,041-630-1350,2025-08-29,4600000,충청남도 홍성군
오관리 587-4번지 앞,충청남도,홍성군,,충청남도 홍성군 홍성읍 오관리 587-4,36.59755443,126.6598002,,재활용쓰레기,충청남도 홍성군,041-630-1350,2025-08-29,4600000,충청남도 홍성군
내법리 154-5번지 앞,충청남도,홍성군,,충청남도 홍성군 홍성읍 내법리 154-5,36.61116754,126.6774255,,재활용쓰레기,충청남도 홍성군,041-630-1350,2025-08-29,4600000,충청남도 홍성군
한진에버빌 앞,충청남도,홍성군,,충청남도 홍성군 홍성읍 오관리 726-5,36.60362705,126.65695,,재활용쓰레기,충청남도 홍성군,041-630-1350,2025-08-29,4600000,충청남도 홍성군
내법리 330-2번지 앞,충청남도,홍성군,,충청남도 홍성군 홍성읍 내법리 330-2,36.6165635,126.6737312,,재활용쓰레기,충청남도 홍성군,041-630-1350,2025-08-29,4600000,충청남도 홍성군
부영1차아파트 앞,충청남도,홍성군,,충청남도 홍성군 홍성읍 월산리 850,36.6024162,126.6497034,,재활용쓰레기,충청남도 홍성군,041-630-1350,2025-08-29,4600000,충청남도 홍성군
고암리 552-6번지 앞,충청남도,홍성군,,충청남도 홍성군 홍성읍 고암리 552-6,36.59883,126.673,,재활용쓰레기,충청남도 홍성군,041-630-1350,2025-08-29,4600000,충청남도 홍성군
버스정류장(17222),서울특별시,구로구,서울특별시 구로구 구로동로 238-1,서울특별시 구로구 구로동 497-7,37.49983443,126.8826164,,일반쓰레기,서울특별시 구로구청 청소행정과,02-860-2918,2024-12-26,3160000,서울특별시 구로구
남장리 507-8번지 앞,충청남도,홍성군,,충청남도 홍성군 홍성읍 남장리 507-8,36.58125753,126.6539618,,재활용쓰레기,충청남도 홍성군,041-630-1350,2025-08-29,4600000,충청남도 홍성군
남장리 108-19번지 앞,충청남도,홍성군,,충청남도 홍성군 홍성읍 남장리 108-19,36.59296259,126.6648363,,재활용쓰레기,충청남도 홍성군,041-630-1350,2025-08-29,4600000,충청남도 홍성군
남장리 422-5번지 앞,충청남도,홍성군,,충청남도 홍성군 홍성읍 남장리 422-5,36.57734382,126.6549732,,재활용쓰레기,충청남도 홍성군,041-630-1350,2025-08-29,4600000,충청남도 홍성군
오관리 904번지 앞,충청남도,홍성군,,충청남도 홍성군 홍성읍 오관리904,36.59768418,126.6541879,,재활용쓰레기,충청남도 홍성군,041-630-1350,2025-08-29,4600000,충청남도 홍성군
월산리 901번지 앞,충청남도,홍성군,,충청남도 홍성군 홍성읍 월산리 901,36.599025,126.6504631,,재활용쓰레기,충청남도 홍성군,041-630-1350,2025-08-29,4600000,충청남도 홍성군
오관리 411-21번지 앞,충청남도,홍성군,,충청남도 홍성군 홍성읍 오관리 411-21,36.59994116,126.663184,,재활용쓰레기,충청남도 홍성군,041-630-1350,2025-08-29,4600000,충청남도 홍성군
오관리 715-21번지 앞,충청남도,홍성군,,충청남도 홍성군 홍성읍 오관리 715-21,36.60410982,126.6599375,,재활용쓰레기,충청남도 홍성군,041-630-1350,2025-08-29,4600000,충청남도 홍성군
원우빌라 앞,충청남도,홍성군,,충청남도 홍성군 홍성읍 대교리 443-32,36.60668851,126.663853,,재활용쓰레기,충청남도 홍성군,041-630-1350,2025-08-29,4600000,충청남도 홍성군
옥암리 633-1번지 앞,충청남도,홍성군,충청남도 홍성군 홍성읍 내포로 251번길120,,36.58348157,126.6420953,,재활용쓰레기,충청남도 홍성군,041-630-1350,2025-08-29,4600000,충청남도 홍성군
도로변(구로중앙로 135-6)(1),서울특별시,구로구,서울특별시 구로구 구로중앙로 135-6,서울특별시 구로구 구로동 500-27,37.49995073,126.8828691,,일반쓰레기,서울특별시 구로구청 청소행정과,02-860-2918,2024-12-26,3160000,서울특별시 구로구
홍대 어썸 앞,서울특별시,마포구,서울특별시 마포구 잔다리로 8,서울특별시 마포구 서교동 363-6,37.55088607,126.9222846,,일반쓰레기,서울특별시 마포구청,02-3153-9222,2025-11-28,3130000,서울특별시 마포구
홍대상상마당 부근(2),서울특별시,마포구,서울특별시 마포구 어울마당로 65,서울특별시 마포구 서교동 367-5,37.5509577,126.921063,,일반쓰레기,서울특별시 마포구청,02-3153-9222,2025-11-28,3130000,서울특별시 마포구
홍대상상마당 부근(1),서울특별시,마포구,서울특별시 마포구 어울마당로 65,서울특별시 마포구 서교동 367-5,37.5509577,126.921063,,일반쓰레기,서울특별시 마포구청,02-3153-9222,2025-11-28,3130000,서울특별시 마포구
홍대한신포차 앞,서울특별시,마포구,서울특별시 마포구 잔다리로 13,서울특별시 마포구 서교동 407-23,37.5505701,126.9216259,,일반쓰레기,서울특별시 마포구청,02-3153-9222,2025-11-28,3130000,서울특별시 마포구
빈티지플러스 홍대점 앞,서울특별시,마포구,서울특별시 마포구 어울마당로 76,서울특별시 마포구 서교동 364-18,37.55173887,126.921615,,일반쓰레기,서울특별시 마포구청,02-3153-9222,2025-11-28,3130000,서울특별시 마포구
구청 광장 재활용,서울특별시,마포구,서울특별시 마포구 월드컵로 212,서울특별시 마포구 성산동 370,37.56631284,126.9016157,,재활용쓰레기,서울특별시 마포구청,02-3153-9222,2025-11-28,3130000,서울특별시 마포구
구청 광장,서울특별시,마포구,서울특별시 마포구 월드컵로 212,서울특별시 마포구 성산동 370,37.56631284,126.9016157,,일반쓰레기,서울특별시 마포구청,02-3153-9222,2025-11-28,3130000,서울특별시 마포구
고산2길 61 노고산체육공원,서울특별시,마포구,서울특별시 마포구 고산2길 61,서울특별시 마포구 노고산동 12-187,37.55397876,126.9408091,,일반쓰레기,서울특별시 마포구청,02-3153-9222,2025-11-28,3130000,서울특별시 마포구
망원역2번 출구 안쪽(2),서울특별시,마포구,서울특별시 마포구 월드컵로 77,서울특별시 마포구 망원동 378,37.55605729,126.9100339,,재활용쓰레기,서울특별시 마포구청,02-3153-9222,2025-11-28,3130000,서울특별시 마포구
망원역2번 출구 안쪽(1),서울특별시,마포구,서울특별시 마포구 월드컵로 77,서울특별시 마포구 망원동 378,37.55605729,126.9100339,,일반쓰레기,서울특별시 마포구청,02-3153-9222,2025-11-28,3130000,서울특별시 마포구
시립마포청소년센터 앞 횡단보도 옆,서울특별시,마포구,서울특별시 마포구 월드컵로 212,서울특별시 마포구 성산동 370,37.56631284,126.9016157,,일반쓰레기,서울특별시 마포구청,02-3153-9222,2025-11-28,3130000,서울특별시 마포구
DMC홍보관 방향 횡단보도 앞,서울특별시,마포구,서울특별시 마포구 월드컵북로 361,서울특별시 마포구 상암동 1653,37.5771097,126.8914039,,일반쓰레기,서울특별시 마포구청,02-3153-9222,2025-11-28,3130000,서울특별시 마포구
버스정류장 14-361,서울특별시,마포구,서울특별시 마포구 매봉산로 80,서울특별시 마포구 상암동 1615,37.57852975,126.8942848,,일반쓰레기,서울특별시 마포구청,02-3153-9222,2025-11-28,3130000,서울특별시 마포구
마포구청역 1번 출구 앞,서울특별시,마포구,서울특별시 마포구 월드컵로 202,서울특별시 마포구 성산동 591-2,37.56528704,126.9024641,,일반쓰레기,서울특별시 마포구청,02-3153-9222,2025-11-28,3130000,서울특별시 마포구
마포구의회 앞 마을버스정류장 (14-563),서울특별시,마포구,서울특별시 마포구 월드컵로 212,서울특별시 마포구 성산동 370,37.56631284,126.9016157,,재활용쓰레기,서울특별시 마포구청,02-3153-9222,2025-11-28,3130000,서울특별시 마포구
마포농수산물시장 입구 횡단보도,서울특별시,마포구,,서울특별시 마포구 성산동 665,37.56827661,126.8927642,,일반쓰레기,서울특별시 마포구청,02-3153-9222,2025-11-28,3130000,서울특별시 마포구
마포구청사 맞은편횡단보도,서울특별시,마포구,서울특별시 마포구 월드컵로 204,서울특별시 마포구 성산동 591-1,37.56539921,126.9021318,,재활용쓰레기,서울특별시 마포구청,02-3153-9222,2025-11-28,3130000,서울특별시 마포구
디지털미디어시티역 8번 출구 횡단보도 앞(2),서울특별시,마포구,,서울특별시 마포구 상암동 1622-1,37.57712976,126.8978247,,재활용쓰레기,서울특별시 마포구청,02-3153-9222,2025-11-28,3130000,서울특별시 마포구
"디지털미디어시티입구 교차로, 버스정류장(14-509)",서울특별시,마포구,,서울특별시 마포구 상암동 1731,37.57362275,126.8873006,,일반쓰레기,서울특별시 마포구청,02-3153-9222,2025-11-28,3130000,서울특별시 마포구
버스정류장(14-249),서울특별시,마포구,서울특별시 마포구 월드컵로 61,서울특별시 마포구 망원동 386-3,37.55465441,126.9110639,,일반쓰레기,서울특별시 마포구청,02-3153-9222,2025-11-28,3130000,서울특별시 마포구
버스정류장(14-253)(2),서울특별시,마포구,서울특별시 마포구 월드컵로 143,서울특별시 마포구 망원동 477-4,37.56048172,126.905632,,일반쓰레기,서울특별시 마포구청,02-3153-9222,2025-11-28,3130000,서울특별시 마포구
버스정류장(14-253)(1),서울특별시,마포구,서울특별시 마포구 월드컵로 143,서울특별시 마포구 망원동 477-4,37.56048172,126.905632,,일반쓰레기,서울특별시 마포구청,02-3153-9222,2025-11-28,3130000,서울특별시 마포구
망원역 하나은행 앞 배전함,서울특별시,마포구,서울특별시 마포구 월드컵로 87,서울특별시 마포구 망원동 377-1,37.5564743,126.9092406,,일반쓰레기,서울특별시 마포구청,02-3153-9222,2025-11-28,3130000,서울특별시 마포구
"망원역 1번 출구, 택시승강장",서울특별시,마포구,서울특별시 마포구 월드컵로 78,서울특별시 마포구 서교동 441-19,37.5560151,126.910469,,일반쓰레기,서울특별시 마포구청,02-3153-9222,2025-11-28,3130000,서울특별시 마포구
성산2동주민센터 버스정류장(14-158),서울특별시,마포구,서울특별시 마포구 월드컵북로 183-2,서울특별시 마포구 성산동 200-3,37.56790457,126.9082588,,일반쓰레기,서울특별시 마포구청,02-3153-9222,2025-11-28,3130000,서울특별시 마포구
월드컵북로 221 자전거대여소 옆,서울특별시,마포구,서울특별시 마포구 월드컵북로 221,서울특별시 마포구 성산동 466-6,37.5692779,126.9043255,,일반쓰레기,서울특별시 마포구청,02-3153-9222,2025-11-28,3130000,서울특별시 마포구
성산아파트 버스정류장(14-163),서울특별시,마포구,서울특별시 마포구 월드컵북로 233,서울특별시 마포구 성산동 446,37.56973229,126.9031355,,일반쓰레기,서울특별시 마포구청,02-3153-9222,2025-11-28,3130000,서울특별시 마포구
월드컵경기장 서측(문화비축기지) 버스정류장(14-106)(2),서울특별시,마포구,,서울특별시 마포구 성산동 661,37.5702693,126.8945243,,일반쓰레기,서울특별시 마포구청,02-3153-9222,2025-11-28,3130000,서울특별시 마포구
월드컵경기장 서측(문화비축기지) 버스정류장(14-106)(1),서울특별시,마포구,,서울특별시 마포구 성산동 661,37.5702693,126.8945243,,일반쓰레기,서울특별시 마포구청,02-3153-9222,2025-11-28,3130000,서울특별시 마포구
신안마을회관,전라남도,해남군,전라남도 해남군 해남읍 신안길 82,전라남도 해남군 해남읍 신안리 138-1,34.56218135,126.6162469,,재활용쓰레기,전라남도 해남군청,061-530-5336,2025-11-21,4930000,전라남도 해남군
해남읍5일시장,전라남도,해남군,,전라남도 해남군 해남읍 남외리 113-1,34.56868837,126.5957116,,재활용쓰레기,전라남도 해남군청,061-530-5336,2025-11-21,4930000,전라남도 해남군
해남군청,전라남도,해남군,,전라남도 해남군 해남읍 수성리 63,34.57354561,126.6004697,,재활용쓰레기,전라남도 해남군청,061-530-5336,2025-11-21,4930000,전라남도 해남군
학동마을회관,전라남도,해남군,전라남도 해남군 해남읍 읍학동길 20-3,전라남도 해남군 해남읍 구교리 839-4,34.58260194,126.5801071,,재활용쓰레기,전라남도 해남군청,061-530-5336,2025-11-21,4930000,전라남도 해남군
해남매일시장,전라남도,해남군,전라남도 해남군 해남읍 읍내길 20-6,전라남도 해남군 해남읍 읍내리 50,34.57030585,126.5989153,,재활용쓰레기,전라남도 해남군청,061-530-5336,2025-11-21,4930000,전라남도 해남군
구교리 소공원 전기차충전소,전라남도,해남군,전라남도 해남군 해남읍 읍관동길 26,전라남도 해남군 해남읍 구교리 526-4,34.57912999,126.5881281,,재활용쓰레기,전라남도 해남군청,061-530-5336,2025-11-21,4930000,전라남도 해남군
안동마을회관,전라남도,해남군,,전라남도 해남군 해남읍 안동리 176-2,34.55250401,126.5832005,,재활용쓰레기,전라남도 해남군청,061-530-5336,2025-11-21,4930000,전라남도 해남군
남천마을회관,전라남도,해남군,전라남도 해남군 해남읍 남천길 37,전라남도 해남군 해남읍 남천리 339-3,34.55973549,126.5680076,,재활용쓰레기,전라남도 해남군청,061-530-5336,2025-11-21,4930000,전라남도 해남군
토리엔비어 앞,서울특별시,마포구,서울특별시 마포구 잔다리로 6,서울특별시 마포구 서교동 363-5,37.55090875,126.9225252,,재활용쓰레기,서울특별시 마포구청,02-3153-9222,2025-11-28,3130000,서울특별시 마포구
한신포차 앞,서울특별시,마포구,서울특별시 마포구 잔다리로 13,서울특별시 마포구 서교동 407-23,37.5505701,126.9216259,,재활용쓰레기,서울특별시 마포구청,02-3153-9222,2025-11-28,3130000,서울특별시 마포구
홍대상상마당 부근(뷰티플레이 앞),서울특별시,마포구,서울특별시 마포구 어울마당로 65,서울특별시 마포구 서교동 367-5,37.5509577,126.921063,,재활용쓰레기,서울특별시 마포구청,02-3153-9222,2025-11-28,3130000,서울특별시 마포구
서강로 127-1 버스정류장(14-204),서울특별시,마포구,서울특별시 마포구 서강로 127-1,서울특별시 마포구 노고산동 49-66,37.5539745,126.9347767,,일반쓰레기,서울특별시 마포구청,02-3153-9222,2025-11-28,3130000,서울특별시 마포구
서강로 111-1 파리바게트 근처 전봇대앞,서울특별시,마포구,서울특별시 마포구 서강로 111-1,서울특별시 마포구 창전동 2-3,37.55319412,126.9332862,,일반쓰레기,서울특별시 마포구청,02-3153-9222,2025-11-28,3130000,서울특별시 마포구
애오개역 3번 출구 앞,서울특별시,마포구,서울특별시 마포구 마포대로 212-1,,37.55278656,126.9565585,,일반쓰레기,서울특별시 마포구청,02-3153-9222,2025-11-28,3130000,서울특별시 마포구
공덕역 2번 출구 앞 횡단보도 옆,서울특별시,마포구,서울특별시 마포구 마포대로 109,서울특별시 마포구 공덕동 467,37.54511882,126.9508863,,일반쓰레기,서울특별시 마포구청,02-3153-9222,2025-11-28,3130000,서울특별시 마포구
홍익로 6 CU편의점 앞,서울특별시,마포구,서울특별시 마포구 홍익로 6,서울특별시 마포구 서교동 344-15,37.55329783,126.9240508,,일반쓰레기,서울특별시 마포구청,02-3153-9222,2025-11-28,3130000,서울특별시 마포구
홍익로 5,서울특별시,마포구,서울특별시 마포구 홍익로 5,서울특별시 마포구 서교동 358-19,37.55311367,126.9237638,,일반쓰레기,서울특별시 마포구청,02-3153-9222,2025-11-28,3130000,서울특별시 마포구
홍익로 23 나이키홍대점 앞,서울특별시,마포구,서울특별시 마포구 홍익로 23,서울특별시 마포구 서교동 356-2,37.55429262,126.9222415,,일반쓰레기,서울특별시 마포구청,02-3153-9222,2025-11-28,3130000,서울특별시 마포구
홍익로 20 걷고관광초소 옆,서울특별시,마포구,서울특별시 마포구 홍익로 20,서울특별시 마포구 서교동 345-30,37.55438256,126.9228187,,일반쓰레기,서울특별시 마포구청,02-3153-9222,2025-11-28,3130000,서울특별시 마포구
홍익로 19 세븐일레븐 앞,서울특별시,마포구,서울특별시 마포구 홍익로 19,서울특별시 마포구 서교동 358-1,37.5540115,126.9226326,,일반쓰레기,서울특별시 마포구청,02-3153-9222,2025-11-28,3130000,서울특별시 마포구
홍익로 18 국민은행 앞,서울특별시,마포구,서울특별시 마포구 홍익로 18,서울특별시 마포구 서교동 345-9,37.55422005,126.9230101,,일반쓰레기,서울특별시 마포구청,02-3153-9222,2025-11-28,3130000,서울특별시 마포구
홍익로 11 프리스비빌딩 앞(코닥서울쇼룸),서울특별시,마포구,서울특별시 마포구 홍익로 11,서울특별시 마포구 서교동 358-12,37.55350394,126.9232862,,일반쓰레기,서울특별시 마포구청,02-3153-9222,2025-11-28,3130000,서울특별시 마포구
홍익로 10 서교푸르지오아파트 앞,서울특별시,마포구,서울특별시 마포구 홍익로 10,서울특별시 마포구 서교동 486,37.55376198,126.9236938,,일반쓰레기,서울특별시 마포구청,02-3153-9222,2025-11-28,3130000,서울특별시 마포구
gs마트 앞,서울특별시,마포구,서울특별시 마포구 잔다리로 40,서울특별시 마포구 서교동 368-9,37.55195907,126.9193376,,일반쓰레기,서울특별시 마포구청,02-3153-9222,2025-11-28,3130000,서울특별시 마포구
어울마당로 113 양꼬치 앞,서울특별시,마포구,서울특별시 마포구 어울마당로 113,서울특별시 마포구 동교동 163-5,37.55497476,126.9229139,,일반쓰레기,서울특별시 마포구청,02-3153-9222,2025-11-28,3130000,서울특별시 마포구
어울마당로 107 AA플레이스 앞,서울특별시,마포구,서울특별시 마포구 어울마당로 107,서울특별시 마포구 동교동 163-8,37.55462795,126.9224833,,일반쓰레기,서울특별시 마포구청,02-3153-9222,2025-11-28,3130000,서울특별시 마포구
"홍대입구역 사거리, 버스정류장(14-832) 앞",서울특별시,마포구,서울특별시 마포구 양화로 100-2,서울특별시 마포구 서교동 427,37.5528524,126.9186684,,일반쓰레기,서울특별시 마포구청,02-3153-9222,2025-11-28,3130000,서울특별시 마포구
"홍대입구역 사거리, 횡단보도 앞",서울특별시,마포구,서울특별시 마포구 양화로 100-2,서울특별시 마포구 서교동 427,37.5528524,126.9186684,,일반쓰레기,서울특별시 마포구청,02-3153-9222,2025-11-28,3130000,서울특별시 마포구
독막로 래미안밤섬아파트 서강육교 앞 버스정류장(14-126),서울특별시,마포구,,서울특별시 마포구 상수동 1-3,37.54765426,126.9272266,,일반쓰레기,서울특별시 마포구청,02-3153-9222,2025-11-28,3130000,서울특별시 마포구
사교마을회관,전라남도,해남군,,전라남도 해남군 문내면 용암리 300-5,34.58853335,126.3580555,,재활용쓰레기,전라남도 해남군청,061-530-5336,2025-11-21,4930000,전라남도 해남군
원동마을회관,전라남도,해남군,,전라남도 해남군 문내면 용암리 733-6,34.59781368,126.3469407,,재활용쓰레기,전라남도 해남군청,061-530-5336,2025-11-21,4930000,전라남도 해남군
무고마을회관,전라남도,해남군,전라남도 해남군 문내면 무고길 64,전라남도 해남군 문내면 무고리 168-1,34.63100565,126.314658,,재활용쓰레기,전라남도 해남군청,061-530-5336,2025-11-21,4930000,전라남도 해남군
동내마을회관,전라남도,해남군,전라남도 해남군 문내면 동헌길 30,전라남도 해남군 문내면 동외리 1117-1,34.59175651,126.3097889,,재활용쓰레기,전라남도 해남군청,061-530-5336,2025-11-21,4930000,전라남도 해남군
덕송마을회관,전라남도,해남군,전라남도 해남군 산이면 덕송길 21,전라남도 해남군 산이면 덕송리 817,34.68063558,126.430966,,재활용쓰레기,전라남도 해남군청,061-530-5336,2025-11-21,4930000,전라남도 해남군
진산마을회관,전라남도,해남군,전라남도 해남군 산이면 진산길 110,전라남도 해남군 산이면 진산리 515-1,34.64739167,126.4244161,,재활용쓰레기,전라남도 해남군청,061-530-5336,2025-11-21,4930000,전라남도 해남군
지사마을회관,전라남도,해남군,,전라남도 해남군 산이면 대진리 445-1,34.67240786,126.4244775,,재활용쓰레기,전라남도 해남군청,061-530-5336,2025-11-21,4930000,전라남도 해남군
우항마을회관,전라남도,해남군,전라남도 해남군 황산면 우항길 60,전라남도 해남군 황산면 우항리 317-1,34.58372633,126.4377013,,재활용쓰레기,전라남도 해남군청,061-530-5336,2025-11-21,4930000,전라남도 해남군
연호마을회관,전라남도,해남군,전라남도 해남군 황산면 연호길 19,전라남도 해남군 황산면 연호리 391-1,34.59986958,126.4839324,,재활용쓰레기,전라남도 해남군청,061-530-5336,2025-11-21,4930000,전라남도 해남군
남리마을회관,전라남도,해남군,전라남도 해남군 황산면 남리길 182,전라남도 해남군 황산면 남리리 764-1,34.57101452,126.4205638,,재활용쓰레기,전라남도 해남군청,061-530-5336,2025-11-21,4930000,전라남도 해남군
징의2반경로당,전라남도,해남군,,전라남도 해남군 황산면 한자리 1123-12,34.52351394,126.4575274,,재활용쓰레기,전라남도 해남군청,061-530-5336,2025-11-21,4930000,전라남도 해남군
안정마을회관,전라남도,해남군,전라남도 해남군 마산면 마산로 410-1,전라남도 해남군 마산면 화내리 637-16,34.61905151,126.5706787,,재활용쓰레기,전라남도 해남군청,061-530-5336,2025-11-21,4930000,전라남도 해남군
연구마을회관,전라남도,해남군,,전라남도 해남군 마산면 연구리 363,34.6426585,126.5454045,,재활용쓰레기,전라남도 해남군청,061-530-5336,2025-11-21,4930000,전라남도 해남군
가학마을회관,전라남도,해남군,전라남도 해남군 계곡면 가학길 35,전라남도 해남군 계곡면 가학리 95,34.65366698,126.5958078,,재활용쓰레기,전라남도 해남군청,061-530-5336,2025-11-21,4930000,전라남도 해남군
용지마을회관,전라남도,해남군,전라남도 해남군 계곡면 용지길 86,전라남도 해남군 계곡면 사정리 110-4,34.64190958,126.6039461,,재활용쓰레기,전라남도 해남군청,061-530-5336,2025-11-21,4930000,전라남도 해남군
백호마을회관,전라남도,해남군,전라남도 해남군 옥천면 백호길 45,전라남도 해남군 옥천면 백호리 412-6,34.54774346,126.6552162,,재활용쓰레기,전라남도 해남군청,061-530-5336,2025-11-21,4930000,전라남도 해남군
영신마을회관,전라남도,해남군,전라남도 해남군 옥천면 영신길 5,전라남도 해남군 옥천면 영신리 477-1,34.58923626,126.6474804,,재활용쓰레기,전라남도 해남군청,061-530-5336,2025-11-21,4930000,전라남도 해남군
만월마을회관,전라남도,해남군,전라남도 해남군 북일면 만월길 18-11,전라남도 해남군 북일면 흥촌리 158-3,34.46446525,126.6721804,,재활용쓰레기,전라남도 해남군청,061-530-5336,2025-11-21,4930000,전라남도 해남군
삼성문화생활관,전라남도,해남군,전라남도 해남군 북일면 삼성길 72,전라남도 해남군 북일면 흥촌리 848-1,34.46457789,126.6644962,,재활용쓰레기,전라남도 해남군청,061-530-5336,2025-11-21,4930000,전라남도 해남군
용일마을회관,전라남도,해남군,전라남도 해남군 북일면 용일길 128,전라남도 해남군 북일면 용일리 749-1,34.4616847,126.6984058,,재활용쓰레기,전라남도 해남군청,061-530-5336,2025-11-21,4930000,전라남도 해남군
동해마을,전라남도,해남군,,전라남도 해남군 북평면 동해리 620-1,34.43722587,126.6370071,,재활용쓰레기,전라남도 해남군청,061-530-5336,2025-11-21,4930000,전라남도 해남군
신흥마을회관,전라남도,해남군,,전라남도 해남군 송지면 마봉리 1257,34.36885237,126.5333675,,재활용쓰레기,전라남도 해남군청,061-530-5336,2025-11-21,4930000,전라남도 해남군
신정마을회관,전라남도,해남군,,전라남도 해남군 송지면 산정리 542-3,34.36908018,126.5168907,,재활용쓰레기,전라남도 해남군청,061-530-5336,2025-11-21,4930000,전라남도 해남군
소죽마을회관,전라남도,해남군,전라남도 해남군 송지면 소죽길 65,전라남도 해남군 송지면 소죽리 493-1,34.36497673,126.527691,,재활용쓰레기,전라남도 해남군청,061-530-5336,2025-11-21,4930000,전라남도 해남군
학의마을회관,전라남도,해남군,,전라남도 해남군 현산면 고현리 1039-3,34.4623945,126.5370299,,재활용쓰레기,전라남도 해남군청,061-530-5336,2025-11-21,4930000,전라남도 해남군
조산마을회관,전라남도,해남군,,전라남도 해남군 현산면 조산리 369-1,34.4340966,126.6012893,,재활용쓰레기,전라남도 해남군청,061-530-5336,2025-11-21,4930000,전라남도 해남군
신방마을회관,전라남도,해남군,전라남도 해남군 현산면 신방리길 36,전라남도 해남군 현산면 초호리 628-3,34.43507533,126.5404396,,재활용쓰레기,전라남도 해남군청,061-530-5336,2025-11-21,4930000,전라남도 해남군
화산면노인회,전라남도,해남군,전라남도 해남군 화산면 송평로 5-12,전라남도 해남군 화산면 방축리 468-6,34.49021461,126.5149325,,재활용쓰레기,전라남도 해남군청,061-530-5336,2025-11-21,4930000,전라남도 해남군
중리마을회관,전라남도,해남군,,전라남도 해남군 삼산면 상가리 340-5,34.52932987,126.6389607,,재활용쓰레기,전라남도 해남군청,061-530-5336,2025-11-21,4930000,전라남도 해남군
평활마을회관,전라남도,해남군,전라남도 해남군 삼산면 평활길 24,전라남도 해남군 삼산면 평활리 473-1,34.51785622,126.6205372,,재활용쓰레기,전라남도 해남군청,061-530-5336,2025-11-21,4930000,전라남도 해남군
금산마을회관,전라남도,해남군,,전라남도 해남군 삼산면 창리 329,34.53683521,126.5962593,,재활용쓰레기,전라남도 해남군청,061-530-5336,2025-11-21,4930000,전라남도 해남군
버스정류장,광주광역시,광산구,,광주광역시 광산구 하산동 193-9,35.09144873,126.7725212,,일반쓰레기,광주광역시 광산구청,062-960-8473,2025-12-22,3630000,광주광역시 광산구
남면 사촌(재활용 동네마당),경상남도,남해군,,경상남도 남해군 남면 선구리 1049-1,34.7426034,127.8582505,사촌마을 공동주차장,재활용쓰레기,경상남도 남해군,055-860-3263,2025-11-24,5430000,경상남도 남해군
삼동면 대지(재활용 동네마당),경상남도,남해군,,경상남도 남해군 삼동면 봉화리 967-3,34.80365029,128.0233,대지포마을 국도변,재활용쓰레기,경상남도 남해군,055-860-3263,2025-11-24,5430000,경상남도 남해군
상주면 대량(재활용 동네마당),경상남도,남해군,,경상남도 남해군 상주면 양아리 918-7,34.71669108,127.9580289,대량마을 폐비닐 집하장,재활용쓰레기,경상남도 남해군,055-860-3263,2025-11-24,5430000,경상남도 남해군
이동면 남해(재활용 동네마당),경상남도,남해군,,경상남도 남해군 이동면 무림리 1164-3,34.80469451,127.9548819,남해 에코촌  캠핑장,재활용쓰레기,경상남도 남해군,055-860-3263,2025-11-24,5430000,경상남도 남해군
이동면 초양(재활용 동네마당),경상남도,남해군,,경상남도 남해군 이동면 초음리 627,34.82839136,127.9302861,초양마을 농산물집하장 앞,재활용쓰레기,경상남도 남해군,055-860-3263,2025-11-24,5430000,경상남도 남해군
남해읍 평현(재활용 동네마당),경상남도,남해군,,경상남도 남해군 남해읍 평현리 1224-1,34.81902806,127.8793388,평현마을회관 앞,재활용쓰레기,경상남도 남해군,055-860-3263,2025-11-24,5430000,경상남도 남해군
고현면 갈화(재활용 동네마당),경상남도,남해군,,경상남도 남해군 고현면 갈화리 1383-11,34.89513685,127.8368857,갈화마을 영농폐비닐 집하장 앞,재활용쓰레기,경상남도 남해군,055-860-3263,2025-11-24,5430000,경상남도 남해군
삼동면 전도(재활용 동네마당),경상남도,남해군,,경상남도 남해군 삼동면 금송리 546,34.83010104,128.0186724,전도마을 영농폐비닐 집하장 옆,재활용쓰레기,경상남도 남해군,055-860-3263,2025-11-24,5430000,경상남도 남해군
설천면 봉우(재활용 동네마당),경상남도,남해군,,경상남도 남해군 설천면 금음리 1-12,34.93084144,127.9280628,봉우마을 방파제 앞,재활용쓰레기,경상남도 남해군,055-860-3263,2025-11-24,5430000,경상남도 남해군
미조면 미조(재활용 동네마당),경상남도,남해군,,경상남도 남해군 미조면 미조리 632-3,34.7142421,128.0439621,미조면 농협 옆,재활용쓰레기,경상남도 남해군,055-860-3263,2025-11-24,5430000,경상남도 남해군
남면 월포(재활용 동네마당),경상남도,남해군,,경상남도 남해군 남면 석교리 1034-1,34.76716924,127.9050423,월포해수욕장 앞,재활용쓰레기,경상남도 남해군,055-860-3263,2025-11-24,5430000,경상남도 남해군
남해읍 외금(재활용 동네마당),경상남도,남해군,,경상남도 남해군 남해읍 평리 661-2,34.82009964,127.8920287,외금마을 창고 옆,재활용쓰레기,경상남도 남해군,055-860-3263,2025-11-24,5430000,경상남도 남해군
창선면 창선(재활용 동네마당),경상남도,남해군,,경상남도 남해군 창선면 수산리 525,34.85486592,128.0123902,창선면종합복지회관 앞,재활용쓰레기,경상남도 남해군,055-860-3263,2025-11-24,5430000,경상남도 남해군
서면 유포(재활용 동네마당),경상남도,남해군,,경상남도 남해군 서면 노구리 1049-7,34.86052345,127.8201545,유포마을 농산물집하장 앞,재활용쓰레기,경상남도 남해군,055-860-3263,2025-11-24,5430000,경상남도 남해군
상주면 두모(재활용 동네마당),경상남도,남해군,,경상남도 남해군 상주면 양아리 1467-1,34.73294922,127.9552582,두모마을회관과 마을창고 사이,재활용쓰레기,경상남도 남해군,055-860-3263,2025-11-24,5430000,경상남도 남해군
이동면 금평(재활용 동네마당),경상남도,남해군,,경상남도 남해군 이동면 신전리 169-2,34.77569063,127.9582623,금평마을회관 옆,재활용쓰레기,경상남도 남해군,055-860-3263,2025-11-24,5430000,경상남도 남해군
창선면 해울(재활용 동네마당),경상남도,남해군,,경상남도 남해군 창선면 진동리 708-42,34.85249235,128.053563,해울림 복합체험관 앞,재활용쓰레기,경상남도 남해군,055-860-3263,2025-11-24,5430000,경상남도 남해군
창선면 언포(재활용 동네마당),경상남도,남해군,,경상남도 남해군 창선면 가인리 453,34.85643,127.9664221,언포마을 버스정류장 옆,재활용쓰레기,경상남도 남해군,055-860-3263,2025-11-24,5430000,경상남도 남해군
설천면 동흥(재활용 동네마당),경상남도,남해군,,경상남도 남해군 설천면 문의리 70-9,34.9309804,127.9194809,동흥마을 하수종말 처리장 옆,재활용쓰레기,경상남도 남해군,055-860-3263,2025-11-24,5430000,경상남도 남해군
고현면 상선(재활용 동네마당),경상남도,남해군,,경상남도 남해군 고현면 도마리 512-1,34.88194193,127.8876497,상선마을 창고 앞,재활용쓰레기,경상남도 남해군,055-860-3263,2025-11-24,5430000,경상남도 남해군
서면 남상(재활용 동네마당),경상남도,남해군,,경상남도 남해군 서면 남상리 1166-32,34.84701711,127.818773,남상마을회관 폐비닐 집하장 옆,재활용쓰레기,경상남도 남해군,055-860-3263,2025-11-24,5430000,경상남도 남해군
금자마을회관,전라남도,해남군,,전라남도 해남군 마산면 학의리 1444-11,34.60088091,126.5296003,,재활용쓰레기,전라남도 해남군청,061-530-5340,2025-11-21,4930000,전라남도 해남군
송호초등학교,전라남도,해남군,,전라남도 해남군 송지면 송호리 897-5,34.31706214,126.5178398,,재활용쓰레기,전라남도 해남군청,061-530-5339,2025-11-21,4930000,전라남도 해남군
충리마을회관,전라남도,해남군,전라남도 해남군 삼산면 충리길 121,전라남도 해남군 삼산면 충리 362-2,34.51799709,126.5960984,,재활용쓰레기,전라남도 해남군청,061-530-5338,2025-11-21,4930000,전라남도 해남군
길호마을회관,전라남도,해남군,전라남도 해남군 해남읍 길호길 54,전라남도 해남군 해남읍 복평리 334,34.55947182,126.5463859,,재활용쓰레기,전라남도 해남군청,061-530-5337,2025-11-21,4930000,전라남도 해남군
초동마을회관,전라남도,해남군,,전라남도 해남군 화원면 화봉리 596-1,34.65928465,126.2660463,,재활용쓰레기,전라남도 해남군청,061-530-5336,2025-11-21,4930000,전라남도 해남군
온수마을회관,전라남도,해남군,,전라남도 해남군 화원면 산호리 91,34.64736613,126.299728,,재활용쓰레기,전라남도 해남군청,061-530-5336,2025-11-21,4930000,전라남도 해남군
이목마을회관,전라남도,해남군,전라남도 해남군 화원면 이목길 44-16,전라남도 해남군 화원면 장춘리 624-1,34.65172354,126.3169355,,재활용쓰레기,전라남도 해남군청,061-530-5336,2025-11-21,4930000,전라남도 해남군
월산마을회관,전라남도,해남군,,전라남도 해남군 화원면 마산리 152-1,34.71376879,126.3327554,,재활용쓰레기,전라남도 해남군청,061-530-5336,2025-11-21,4930000,전라남도 해남군
남구로역 3번출구,서울특별시,구로구,서울특별시 구로구 구로동로 31,서울특별시 구로구 가리봉동 25-51,37.48444034,126.8859907,,일반쓰레기,서울특별시 구로구청 청소행정과,02-860-2918,2024-12-26,3160000,서울특별시 구로구
버스정류장,광주광역시,광산구,,광주광역시 광산구 유계동 1031-14,35.091394,126.7729998,,일반쓰레기,광주광역시 광산구청,062-960-8473,2025-12-22,3630000,광주광역시 광산구
서초등학교 앞,전라남도,장흥군,전라남도 장흥군 장흥읍 칠거리예양로 41-2,전라남도 장흥군 장흥읍 예양리 47-2,34.67582148,126.9015785,공영주차장,재활용쓰레기,전라남도 장흥군청 환경관리과,061-860-6054,2025-11-13,4910000,전라남도 장흥군
평화3구회관 앞,전라남도,장흥군,,전라남도 장흥군 장흥읍 평화리 733-1,34.67221919,126.9044399,제방,재활용쓰레기,전라남도 장흥군청 환경관리과,061-860-6054,2025-11-13,4910000,전라남도 장흥군
미소리치빌 내,전라남도,장흥군,전라남도 장흥군 장흥읍 기양길 16,전라남도 장흥군 장흥읍 기양리 109-2,34.67824363,126.9016945,미소리치빌,재활용쓰레기,전라남도 장흥군청 환경관리과,061-860-6054,2025-11-13,4910000,전라남도 장흥군
장흥노인요양원 내,전라남도,장흥군,,전라남도 장흥군 부산면 부춘리 133-3,34.70711065,126.9182653,노인요양원,재활용쓰레기,전라남도 장흥군청 환경관리과,061-860-6054,2025-11-13,4910000,전라남도 장흥군
수창아파트 인근,전라남도,장흥군,,전라남도 장흥군 장흥읍 건산리 651-9,34.68597448,126.9076502,공영주차장,재활용쓰레기,전라남도 장흥군청 환경관리과,061-860-6054,2025-11-13,4910000,전라남도 장흥군
오리&오리 앞,전라남도,장흥군,,전라남도 장흥군 장흥읍 우산리 545-1,34.67237649,126.9247591,도로,재활용쓰레기,전라남도 장흥군청 환경관리과,061-860-6054,2025-11-13,4910000,전라남도 장흥군
덕양프로방스 앞,전라남도,장흥군,,전라남도 장흥군 장흥읍 건산리 1-1,34.68232676,126.9163015,도로,재활용쓰레기,전라남도 장흥군청 환경관리과,061-860-6054,2025-11-13,4910000,전라남도 장흥군
장흥종합병원 뒤,전라남도,장흥군,전라남도 장흥군 장흥읍 흥성로 74,전라남도 장흥군 장흥읍 건산리 383-5,34.67713923,126.9113719,장흥종합병원,재활용쓰레기,전라남도 장흥군청 환경관리과,061-860-6054,2025-11-13,4910000,전라남도 장흥군
KT장흥지사 옆,전라남도,장흥군,,전라남도 장흥군 장흥읍 건산리 244-2,34.6766671,126.910908,도로,재활용쓰레기,전라남도 장흥군청 환경관리과,061-860-6054,2025-11-13,4910000,전라남도 장흥군
도깨비방망이 인근,전라남도,장흥군,전라남도 장흥군 장흥읍 예양1길 17-1,전라남도 장흥군 장흥읍 예양리 121-6,34.67384874,126.9018525,제방,재활용쓰레기,전라남도 장흥군청 환경관리과,061-860-6054,2025-11-13,4910000,전라남도 장흥군
남동리회관 옆 주차장,전라남도,장흥군,전라남도 장흥군 장흥읍 읍성로 132,전라남도 장흥군 장흥읍 남동리 28,34.67866823,126.8991879,공영주차장,재활용쓰레기,전라남도 장흥군청 환경관리과,061-860-6054,2025-11-13,4910000,전라남도 장흥군
동동리삼거리,전라남도,장흥군,전라남도 장흥군 장흥읍 장원길 10-24,전라남도 장흥군 장흥읍 동동리 197-2,34.6802488,126.8985426,공영주차장,재활용쓰레기,전라남도 장흥군청 환경관리과,061-860-6054,2025-11-13,4910000,전라남도 장흥군
연화사 앞 주차장,전라남도,장흥군,,전라남도 장흥군 장흥읍 기양리 155,34.68257093,126.9005626,공영주차장,재활용쓰레기,전라남도 장흥군청 환경관리과,061-860-6054,2025-11-13,4910000,전라남도 장흥군
장흥초등학교 관사 뒤,전라남도,장흥군,,전라남도 장흥군 장흥읍 건산리 669-14,34.68447145,126.9070959,공영주차장,재활용쓰레기,전라남도 장흥군청 환경관리과,061-860-6054,2025-11-13,4910000,전라남도 장흥군
농협양곡창고 앞,전라남도,장흥군,,전라남도 장흥군 장흥읍 건산리 565-11,34.68597737,126.9112391,공영주차장,재활용쓰레기,전라남도 장흥군청 환경관리과,061-860-6054,2025-11-13,4910000,전라남도 장흥군
장흥군청 제2주차장,전라남도,장흥군,전라남도 장흥군 장흥읍 동교로 20,전라남도 장흥군 장흥읍 건산리 702-1,34.68182377,126.9053472,공영주차장,재활용쓰레기,전라남도 장흥군청 환경관리과,061-860-6054,2025-11-13,4910000,전라남도 장흥군
장흥여중학교 앞,전라남도,장흥군,,전라남도 장흥군 장흥읍 건산리 448-9,34.68146878,126.9116445,도로,재활용쓰레기,전라남도 장흥군청 환경관리과,061-860-6054,2025-11-13,4910000,전라남도 장흥군
행원2구회관 앞,전라남도,장흥군,전라남도 장흥군 장흥읍 잣두길 26,전라남도 장흥군 장흥읍 행원리 992-1,34.69070063,126.8998679,행원2구회관,재활용쓰레기,전라남도 장흥군청 환경관리과,061-860-6054,2025-11-13,4910000,전라남도 장흥군
스위스모텔 옆,전라남도,장흥군,,전라남도 장흥군 장흥읍 건산리 478-19,34.67907442,126.9086888,공영주차장,재활용쓰레기,전라남도 장흥군청 환경관리과,061-860-6054,2025-11-13,4910000,전라남도 장흥군
원모텔 맞은편,전라남도,장흥군,,전라남도 장흥군 장흥읍 건산리 732-14,34.67942171,126.9066245,공영주차장,재활용쓰레기,전라남도 장흥군청 환경관리과,061-860-6054,2025-11-13,4910000,전라남도 장흥군
제이엠마트 앞,경기도,동두천시,경기도 동두천시 중앙로 125,경기도 동두천시 지행동 691-5,37.89275704,127.0517467,제이엠마트 앞 정류장,일반쓰레기,경기도 동두천시,031-860-2253,2025-11-05,3920000,경기도 동두천시
하이마트 앞,경기도,동두천시,경기도 동두천시 평화로 2333,경기도 동두천시 지행동 745-10,37.89600876,127.0574953,하이마트 앞 정류장,일반쓰레기,경기도 동두천시,031-860-2253,2025-11-05,3920000,경기도 동두천시
포천세무서 동두천지서 옆,경기도,동두천시,경기도 동두천시 중앙로 130,경기도 동두천시 지행동 693-1,37.89302678,127.0525603,포천세무서 동두천지서 옆 정류장,일반쓰레기,경기도 동두천시,031-860-2253,2025-11-05,3920000,경기도 동두천시
생골사거리(기아자동차 앞),경기도,동두천시,경기도 동두천시 평화로 2371,경기도 동두천시 생연동 732-4,37.89940724,127.057627,생골사거리(기아자동차 앞) 정류장,일반쓰레기,경기도 동두천시,031-860-2253,2025-11-05,3920000,경기도 동두천시
생골사거리(삼성프라자 앞),경기도,동두천시,경기도 동두천시 삼육사로 975,경기도 동두천시 생연동 370-2,37.89930865,127.0582298,생골사거리(삼성프라자 앞) 정류장,일반쓰레기,경기도 동두천시,031-860-2253,2025-11-05,3920000,경기도 동두천시
지행역 1번출구 앞,경기도,동두천시,경기도 동두천시 평화로 2285,경기도 동두천시 지행동 424-1,37.89187746,127.0556642,지행역 1번출구 앞,일반쓰레기+재활용쓰,경기도 동두천시,031-860-2253,2025-11-05,3920000,경기도 동두천시
지행역 광장,경기도,동두천시,경기도 동두천시 평화로 2285,경기도 동두천시 지행동 424-1,37.89187746,127.0556642,평화로 인접 지행역 광장 정류장 부근,일반쓰레기+재활용쓰,경기도 동두천시,031-860-2253,2025-11-05,3920000,경기도 동두천시
다이소 앞,경기도,동두천시,경기도 동두천시 지행로 67,경기도 동두천시 지행동 695-4,37.89270189,127.054744,다이소 지행역점 앞,일반쓰레기+재활용쓰,경기도 동두천시,031-860-2253,2025-11-05,3920000,경기도 동두천시
대동의류 앞,서울특별시,구로구,서울특별시 구로구 구로동로 25,서울특별시 구로구 가리봉동 88-18,37.48387266,126.8863248,,일반쓰레기,서울특별시 구로구청 청소행정과,02-860-2918,2024-12-26,3160000,서울특별시 구로구
장전2리경로당 클린하우스,충청남도,논산시,충청남도 논산시 연산면 연산사계7길 12,충청남도 논산시 연산면 장전리 405-1,36.2326756,127.1682026,장전2리 경로당,재활용쓰레기,충청남도 논산시청,041-746-5534,2025-11-30,4540000,충청남도 논산시
신교1리경로당 클린하우스,충청남도,논산시,충청남도 논산시 부적면 안골길 8,충청남도 논산시 부적면 신교리 114-12,36.1889054,127.1456836,신교1리 경로당,재활용쓰레기,충청남도 논산시청,041-746-5534,2025-11-30,4540000,충청남도 논산시
사월3리경로당 클린하우스,충청남도,논산시,충청남도 논산시 광석면 논산평야로1119번길 83,충청남도 논산시 광석면 사월리 151-9,36.2543496,127.104291,사월3리 경로당,재활용쓰레기,충청남도 논산시청,041-746-5534,2025-11-30,4540000,충청남도 논산시
장화1리경로동 클린하우스,충청남도,논산시,충청남도 논산시 채운면 계백로499번길 62,충청남도 논산시 채운면 장화리 872,36.1771758,127.0481859,장화1리 경로동,재활용쓰레기,충청남도 논산시청,041-746-5534,2025-11-30,4540000,충청남도 논산시
황화정리 클린하우스,충청남도,논산시,,충청남도 논산시 연무읍 황화정리 319-2,36.0899181,127.11443,황화정리 마을,재활용쓰레기,충청남도 논산시청,041-746-5534,2025-11-30,4540000,충청남도 논산시
황화1리경로당 클린하우스,충청남도,논산시,,충청남도 논산시 연무읍 황화정리 150,36.0855444,127.1140792,황화1리 경로당,재활용쓰레기,충청남도 논산시청,041-746-5534,2025-11-30,4540000,충청남도 논산시
죽본리 클린하우스,충청남도,논산시,충청남도 논산시 연무읍 죽본3길 3-3,충청남도 논산시 연무읍 죽본리 325-1,36.1446467,127.1222835,죽본리 마을,재활용쓰레기,충청남도 논산시청,041-746-5534,2025-11-30,4540000,충청남도 논산시
마전3리경로당 클린하우스,충청남도,논산시,충청남도 논산시 연무읍 노루목길 158,충청남도 논산시 연무읍 마전리 643,36.1073228,127.0833697,마전3리 경로당,재활용쓰레기,충청남도 논산시청,041-746-5534,2025-11-30,4540000,충청남도 논산시
신흥1리경로당 클린하우스,충청남도,논산시,충청남도 논산시 양촌면 황산벌로 977-19,충청남도 논산시 양촌면 신흥리 199-1,36.1685261,127.2043933,신흥1리경로당,재활용쓰레기,충청남도 논산시청,041-746-5534,2025-11-30,4540000,충청남도 논산시
심암2리경로당 클린하우스,충청남도,논산시,충청남도 논산시 채운면 연은로15번길 44,충청남도 논산시 채운면 심암리 102,36.1411598,127.0814768,심암2리 경로당,재활용쓰레기,충청남도 논산시청,041-746-5534,2025-11-30,4540000,충청남도 논산시
반송2리경로당 클린하우스,충청남도,논산시,충청남도 논산시 부적면 반송길 102-3,충청남도 논산시 부적면 반송리 480-1,36.2080093,127.142774,반송2리 경로당,재활용쓰레기,충청남도 논산시청,041-746-5534,2025-11-30,4540000,충청남도 논산시
효죽리경로당 클린하우스,충청남도,논산시,충청남도 논산시 노성면 장마루로833번길 61,충청남도 논산시 노성면 효죽리 60-2,36.292083,127.0709522,효죽리경로당,재활용쓰레기,충청남도 논산시청,041-746-5534,2025-11-30,4540000,충청남도 논산시
은혜슈퍼앞 클린하우스,충청남도,논산시,,충청남도 논산시 반월동 192-33,36.2044424,127.0821847,은혜슈퍼앞,재활용쓰레기,충청남도 논산시청,041-746-5534,2025-11-30,4540000,충청남도 논산시
반월초앞 클린하우스,충청남도,논산시,,충청남도 논산시 반월동 170-3,36.2038459,127.083148,반월초앞,재활용쓰레기,충청남도 논산시청,041-746-5534,2025-11-30,4540000,충청남도 논산시
시묘1리경로당 클린하우스,충청남도,논산시,충청남도 논산시 은진면 매죽헌로411번길 36-1,충청남도 논산시 은진면 시묘리 300-2,36.1453264,127.1352103,시묘1리경로당,재활용쓰레기,충청남도 논산시청,041-746-5534,2025-11-30,4540000,충청남도 논산시
탑정2리경로당 클린하우스,충청남도,논산시,충청남도 논산시 부적면 금성길 45,충청남도 논산시 부적면 탑정리 270-53,36.1900389,127.1353313,탑정2리 경로당,재활용쓰레기,충청남도 논산시청,041-746-5534,2025-11-30,4540000,충청남도 논산시
덕평2리경로당 클린하우스,충청남도,논산시,충청남도 논산시 부적면 덕평1길 35,충청남도 논산시 부적면 덕평리 781-3,36.2228655,127.136984,덕평2리경로당,재활용쓰레기,충청남도 논산시청,041-746-5534,2025-11-30,4540000,충청남도 논산시
대덕리대둔산경로당 클린하우스,충청남도,논산시,충청남도 논산시 벌곡면 수락로 503,충청남도 논산시 벌곡면 대덕리 370-1,36.1909104,127.2931046,대덕리대둔산 경로당,재활용쓰레기,충청남도 논산시청,041-746-5534,2025-11-30,4540000,충청남도 논산시
산동리경로당 클린하우스,충청남도,논산시,충청남도 논산시 광석면 논산평야로 722-17,충청남도 논산시 광석면 산동리 8-329,36.2225568,127.0939306,산동리경로당,재활용쓰레기,충청남도 논산시청,041-746-5534,2025-11-30,4540000,충청남도 논산시
임화3리경로당 클린하우스,충청남도,논산시,충청남도 논산시 양촌면 매죽헌로1461번길 27,충청남도 논산시 양촌면 임화리 342-2,36.1309929,127.217426,임화3리 경로당,재활용쓰레기,충청남도 논산시청,041-746-5534,2025-11-30,4540000,충청남도 논산시
임화리 클린하우스,충청남도,논산시,충청남도 논산시 양촌면 이메4길 7,충청남도 논산시 양촌면 임화리 115-1,36.1126822,127.2346906,임화리 마을,재활용쓰레기,충청남도 논산시청,041-746-5534,2025-11-30,4540000,충청남도 논산시
신화3동회관 클린하우스,충청남도,논산시,,충청남도 논산시 연무읍 신화리 1374-2,36.1307815,127.0553337,신화3동 회관,재활용쓰레기,충청남도 논산시청,041-746-5534,2025-11-30,4540000,충청남도 논산시
방축1리경로당 클린하우스,충청남도,논산시,충청남도 논산시 은진면 방축길 75,충청남도 논산시 은진면 방축리 58-4,36.1602569,127.095636,방축1리 경로당,재활용쓰레기,충청남도 논산시청,041-746-5534,2025-11-30,4540000,충청남도 논산시
신교2리경로당 클린하우스,충청남도,논산시,충청남도 논산시 부적면 신교1길 11,충청남도 논산시 부적면 신교리 558-20,36.1919907,127.1322967,신교2리 경로당,재활용쓰레기,충청남도 논산시청,041-746-5534,2025-11-30,4540000,충청남도 논산시
천동3리경로당 클린하우스,충청남도,논산시,충청남도 논산시 광석면 천동1길 42,충청남도 논산시 광석면 천동리 150-6,36.2404464,127.097496,천동3리 경로당,재활용쓰레기,충청남도 논산시청,041-746-5534,2025-11-30,4540000,충청남도 논산시
양촌1리경로당 클린하우스,충청남도,논산시,충청남도 논산시 양촌면 이메1길 18-8,충청남도 논산시 양촌면 양촌리 210-3,36.1201519,127.2415056,양촌1리 경로당,재활용쓰레기,충청남도 논산시청,041-746-5534,2025-11-30,4540000,충청남도 논산시
조동카페옆 클린하우스,충청남도,논산시,충청남도 논산시 벌곡면 벌곡로313번길 5,충청남도 논산시 벌곡면 조동리 164-6,36.2227392,127.2939645,조동카페 옆,재활용쓰레기,충청남도 논산시청,041-746-5534,2025-11-30,4540000,충청남도 논산시
도로변(개봉로20길 74)(2),서울특별시,구로구,서울특별시 구로구 개봉로20길 74,서울특별시 구로구 개봉동 407-17,37.49328895,126.8584193,,일반쓰레기,서울특별시 구로구청 청소행정과,02-860-2918,2024-12-26,3160000,서울특별시 구로구
마산3리경로당 클린하우스,충청남도,논산시,충청남도 논산시 연무읍 연무로404번길 14,충청남도 논산시 연무읍 마산리 432,36.1184384,127.1186647,마산3리 경로당,재활용쓰레기,충청남도 논산시청,041-746-5534,2025-11-30,4540000,충청남도 논산시
교촌1리경로당 클린하우스,충청남도,논산시,충청남도 논산시 은진면 탑정로423번길 9-1,충청남도 논산시 은진면 교촌리 38-3,36.1701156,127.1111624,교촌1리경로당,재활용쓰레기,충청남도 논산시청,041-746-5534,2025-11-30,4540000,충청남도 논산시
안심3리경로당 클린하우스,충청남도,논산시,충청남도 논산시 연무읍 왕릉로232번길 10,충청남도 논산시 연무읍 안심리 933-3,36.1195363,127.0776738,안심3리 경로당,재활용쓰레기,충청남도 논산시청,041-746-5534,2025-11-30,4540000,충청남도 논산시
마전6리경로당 클린하우스,충청남도,논산시,충청남도 논산시 연무읍 득안대로84번길 17,충청남도 논산시 연무읍 마전리 251-7,36.0790349,127.0944449,마전6리 경로당,재활용쓰레기,충청남도 논산시청,041-746-5534,2025-11-30,4540000,충청남도 논산시
고내2리경로당 클린하우스,충청남도,논산시,충청남도 논산시 연무읍 황화로278번길 23-19,충청남도 논산시 연무읍 고내리 1096-88,36.0970559,127.0950603,고내2리 경로당,재활용쓰레기,충청남도 논산시청,041-746-5534,2025-11-30,4540000,충청남도 논산시
남산리경로당 클린하우스,충청남도,논산시,,충청남도 논산시 은진면 남산리 597-9,36.172563,127.0783876,남산리 경로당,재활용쓰레기,충청남도 논산시청,041-746-5534,2025-11-30,4540000,충청남도 논산시
채운게이트볼장 클린하우스,충청남도,논산시,,충청남도 논산시 채운면 화정리 466,36.1384303,127.0711198,채운게이트볼장,재활용쓰레기,충청남도 논산시청,041-746-5534,2025-11-30,4540000,충청남도 논산시
탑정리 클린하우스,충청남도,논산시,,충청남도 논산시 부적면 탑정리 523,36.1859067,127.1384674,탑정리 일원,재활용쓰레기,충청남도 논산시청,041-746-5534,2025-11-30,4540000,충청남도 논산시
오강2리경로당 클린하우스,충청남도,논산시,충청남도 논산시 광석면 오강길 73,충청남도 논산시 광석면 오강리 265,36.2583743,127.0718182,오강2리 경로당,재활용쓰레기,충청남도 논산시청,041-746-5534,2025-11-30,4540000,충청남도 논산시
원북2리회경로당 클린하우스,충청남도,논산시,충청남도 논산시 성동면 원북길 75,충청남도 논산시 성동면 원북리 483-1,36.2257509,127.0377544,원북2리 회경로당,재활용쓰레기,충청남도 논산시청,041-746-5534,2025-11-30,4540000,충청남도 논산시
원봉4리경로당 클린하우스,충청남도,논산시,충청남도 논산시 성동면 논산평야로436번길 51,충청남도 논산시 성동면 원봉리 444-3,36.2106661,127.0653414,원봉4리 경로당,재활용쓰레기,충청남도 논산시청,041-746-5534,2025-11-30,4540000,충청남도 논산시
화성상회앞 클린하우스,충청남도,논산시,,충청남도 논산시 연무읍 소룡리 638-43,36.1099993,127.1293327,화성상회앞,재활용쓰레기,충청남도 논산시청,041-746-5534,2025-11-30,4540000,충청남도 논산시
지산2통여자경로당 클린하우스,충청남도,논산시,충청남도 논산시 지산2길 35-1,충청남도 논산시 지산동 617-1,36.2026041,127.1157999,지산2통여자 경로당,재활용쓰레기,충청남도 논산시청,041-746-5534,2025-11-30,4540000,충청남도 논산시
산직1리경로당 클린하우스,충청남도,논산시,충청남도 논산시 양촌면 대둔로 359-26,충청남도 논산시 양촌면 산직리 311,36.1738797,127.2391216,산직1리 경로당,재활용쓰레기,충청남도 논산시청,041-746-5534,2025-11-30,4540000,충청남도 논산시
덕평1리경로당 클린하우스,충청남도,논산시,,충청남도 논산시 부적면 덕평리 805,36.2263928,127.1387139,덕평1리 경로당,재활용쓰레기,충청남도 논산시청,041-746-5534,2025-11-30,4540000,충청남도 논산시
천동2리경로당 클린하우스,충청남도,논산시,,충청남도 논산시 광석면 천동리 363-2,36.2397584,127.0934988,천동2리 경로당,재활용쓰레기,충청남도 논산시청,041-746-5534,2025-11-30,4540000,충청남도 논산시
병촌1리경로당 클린하우스,충청남도,논산시,충청남도 논산시 성동면 병촌2길 13-1,충청남도 논산시 성동면 병촌리 276,36.195938,127.0134011,병촌1리 경로당,재활용쓰레기,충청남도 논산시청,041-746-5534,2025-11-30,4540000,충청남도 논산시
은진면사무소 클린하우스,충청남도,논산시,충청남도 논산시 은진면 매죽헌로37번길 13,충청남도 논산시 은진면 연서리 180-3,36.16732,127.1072925,은진면사무소,재활용쓰레기,충청남도 논산시청,041-746-5534,2025-11-30,4540000,충청남도 논산시
수락리입구 클린하우스,충청남도,논산시,,충청남도 논산시 벌곡면 수락리 40-6,36.1541058,127.3075706,수락리입구,재활용쓰레기,충청남도 논산시청,041-746-5534,2025-11-30,4540000,충청남도 논산시
마구평4리경로당 클린하우스,충청남도,논산시,충청남도 논산시 부적면 계백로1459번길 26,충청남도 논산시 부적면 마구평리 2-19,36.2159587,127.136537,마구평4리 경로당,재활용쓰레기,충청남도 논산시청,041-746-5534,2025-11-30,4540000,충청남도 논산시
취암4통경로당 클린하우스,충청남도,논산시,충청남도 논산시 관촉로277번길 23-15,충청남도 논산시 취암동 1043-13,36.2024825,127.0911036,취암4통경로당,재활용쓰레기,충청남도 논산시청,041-746-5534,2025-11-30,4540000,충청남도 논산시
장화2리경로당 클린하우스,충청남도,논산시,충청남도 논산시 채운면 계백로339번길 138,충청남도 논산시 채운면 장화리 670,36.1744971,127.0344232,장화2리 경로당,재활용쓰레기,충청남도 논산시청,041-746-5534,2025-11-30,4540000,충청남도 논산시
행복마을와야리경로당 클린하우스,충청남도,논산시,충청남도 논산시 은진면 와야길 49,충청남도 논산시 은진면 와야리 177-3,36.1811894,127.1156845,행복마을와야리경로당,재활용쓰레기,충청남도 논산시청,041-746-5534,2025-11-30,4540000,충청남도 논산시
도산교클린하우스 클린하우스,충청남도,논산시,,충청남도 논산시 벌곡면 도산리 125-2,36.1611621,127.3137327,도산교앞,재활용쓰레기,충청남도 논산시청,041-746-5534,2025-11-30,4540000,충청남도 논산시
연산문화마을노외주차장 클린하우스,충청남도,논산시,,충청남도 논산시 연산면 한전리 496,36.2122497,127.187414,연산 문화마을 노외주차장,재활용쓰레기,충청남도 논산시청,041-746-5534,2025-11-30,4540000,충청남도 논산시
화악경로당 클린하우스,충청남도,논산시,충청남도 논산시 연산면 화악길 92,충청남도 논산시 연산면 화악리 259-4,36.2503712,127.2211131,화악경로당,재활용쓰레기,충청남도 논산시청,041-746-5534,2025-11-30,4540000,충청남도 논산시
금곡3리경로당 클린하우스,충청남도,논산시,충청남도 논산시 연무읍 금곡길 47-2,충청남도 논산시 연무읍 금곡리 117-5,36.113955,127.0939115,금곡3리경노당,재활용쓰레기,충청남도 논산시청,041-746-5534,2025-11-30,4540000,충청남도 논산시
도로변(개봉로20길 74)(1),서울특별시,구로구,서울특별시 구로구 개봉로20길 74,서울특별시 구로구 개봉동 407-17,37.49328895,126.8584193,,일반쓰레기,서울특별시 구로구청 청소행정과,02-860-2918,2024-12-26,3160000,서울특별시 구로구
버스정류장(14-274),서울특별시,마포구,,서울특별시 마포구 상암동 1626,37.5742349,126.8983876,,일반쓰레기,서울특별시 마포구청,02-3153-9222,2025-11-28,3130000,서울특별시 마포구
월드컵로 205 마포구청역 8번 출구 앞 버스정류장(14-102),서울특별시,마포구,서울특별시 마포구 월드컵로 205,서울특별시 마포구 성산동 595,37.56504756,126.9014996,,일반쓰레기,서울특별시 마포구청,02-3153-9222,2025-11-28,3130000,서울특별시 마포구
월드컵로 213 마포장애인복지회관 앞,서울특별시,마포구,서울특별시 마포구 월드컵로 213,서울특별시 마포구 성산동 595-1,37.56544396,126.9008029,,일반쓰레기,서울특별시 마포구청,02-3153-9222,2025-11-28,3130000,서울특별시 마포구
마포농수산물시장 입구 횡단보도(성산동665),서울특별시,마포구,,서울특별시 마포구 성산동 665,37.56827661,126.8927642,,재활용쓰레기,서울특별시 마포구청,02-3153-9222,2025-11-28,3130000,서울특별시 마포구
마포농수산물시장 버스정류장(14-103),서울특별시,마포구,,서울특별시 마포구 성산동 665,37.56827661,126.8927642,,일반쓰레기,서울특별시 마포구청,02-3153-9222,2025-11-28,3130000,서울특별시 마포구
월드컵북로43길 11 세븐일레븐 앞,서울특별시,마포구,서울특별시 마포구 월드컵북로43길 11,서울특별시 마포구 상암동 1630,37.57466828,126.8957125,,일반쓰레기,서울특별시 마포구청,02-3153-9222,2025-11-28,3130000,서울특별시 마포구
월드컵북로 69 바다약국 앞,서울특별시,마포구,서울특별시 마포구 월드컵북로 69,서울특별시 마포구 성산동 232-4,37.55993081,126.9163426,,일반쓰레기,서울특별시 마포구청,02-3153-9222,2025-11-28,3130000,서울특별시 마포구
버스정류장(14-286),서울특별시,마포구,,서울특별시 마포구 상암동 1707,37.57887956,126.8919606,,일반쓰레기,서울특별시 마포구청,02-3153-9222,2025-11-28,3130000,서울특별시 마포구
월드컵북로 137 CS타워 앞,서울특별시,마포구,서울특별시 마포구 월드컵북로 137,서울특별시 마포구 성산동 56-1,37.56482585,126.9116621,,일반쓰레기,서울특별시 마포구청,02-3153-9222,2025-11-28,3130000,서울특별시 마포구
버스정류장(14-162),서울특별시,마포구,서울특별시 마포구 월드컵북로 260,서울특별시 마포구 성산동 446,37.57306208,126.9010479,,일반쓰레기,서울특별시 마포구청,02-3153-9222,2025-11-28,3130000,서울특별시 마포구
월드컵로 158 LG베스트샵 앞,서울특별시,마포구,서울특별시 마포구 월드컵로 158,서울특별시 마포구 성산동 266-1,37.56196342,126.905207,,일반쓰레기,서울특별시 마포구청,02-3153-9222,2025-11-28,3130000,서울특별시 마포구
버스정류장(14-199),서울특별시,마포구,,서울특별시 마포구 성산동 99-6,37.56569253,126.9123257,,일반쓰레기,서울특별시 마포구청,02-3153-9222,2025-11-28,3130000,서울특별시 마포구
월드컵로 108 시골김치삼겹살 앞,서울특별시,마포구,서울특별시 마포구 월드컵로 108,서울특별시 마포구 성산동 252-22,37.55824513,126.9084431,,일반쓰레기,서울특별시 마포구청,02-3153-9222,2025-11-28,3130000,서울특별시 마포구
월드컵로 100 으뜸공인중개사 앞,서울특별시,마포구,서울특별시 마포구 월드컵로 100,서울특별시 마포구 성산동 649-4,37.55762081,126.9089982,,일반쓰레기,서울특별시 마포구청,02-3153-9222,2025-11-28,3130000,서울특별시 마포구
월드컵로74 올리브영 앞,서울특별시,마포구,서울특별시 마포구 월드컵로 74,서울특별시 마포구 서교동 475-13,37.5557822,126.9107286,,일반쓰레기,서울특별시 마포구청,02-3153-9222,2025-11-28,3130000,서울특별시 마포구
디지털미디어시티역 8번 출구 횡단보도 앞(1),서울특별시,마포구,,서울특별시 마포구 상암동 1622-1,37.57712976,126.8978247,,일반쓰레기,서울특별시 마포구청,02-3153-9222,2025-11-28,3130000,서울특별시 마포구
마포중앙도서관 버스정류장(14-196),서울특별시,마포구,,서울특별시 마포구 성산동 191-33,37.563845,126.9066719,,일반쓰레기,서울특별시 마포구청,02-3153-9222,2025-11-28,3130000,서울특별시 마포구
마포구청역 3번 출구 앞(2),서울특별시,마포구,,서울특별시 마포구 성산동 280-7,37.56302533,126.9046698,,일반쓰레기,서울특별시 마포구청,02-3153-9222,2025-11-28,3130000,서울특별시 마포구
마포구청역 3번 출구 앞(1),서울특별시,마포구,,서울특별시 마포구 성산동 280-7,37.56302533,126.9046698,,일반쓰레기,서울특별시 마포구청,02-3153-9222,2025-11-28,3130000,서울특별시 마포구
서부도로사업소 버스정류장(14-112),서울특별시,마포구,,서울특별시 마포구 상암동 1756-4,37.58440628,126.8834663,,일반쓰레기,서울특별시 마포구청,02-3153-9222,2025-11-28,3130000,서울특별시 마포구
DMC첨단산업센터 버스정류장(14-111),서울특별시,마포구,,서울특별시 마포구 상암동 1694-1,37.58541095,126.8853832,,일반쓰레기,서울특별시 마포구청,02-3153-9222,2025-11-28,3130000,서울특별시 마포구
마포구청역 버스정류장(14-195),서울특별시,마포구,,서울특별시 마포구 성산동 313-1,37.56256223,126.9026338,,일반쓰레기,서울특별시 마포구청,02-3153-9222,2025-11-28,3130000,서울특별시 마포구
상암 DMC 버스정류장(14-290),서울특별시,마포구,서울특별시 마포구 월드컵북로62길 11,서울특별시 마포구 상암동 1582,37.5836103,126.8844155,,일반쓰레기,서울특별시 마포구청,02-3153-9222,2025-11-28,3130000,서울특별시 마포구
마포구청역 버스정류장(14-194),서울특별시,마포구,,서울특별시 마포구 성산동 196-2,37.56412724,126.9063815,,일반쓰레기,서울특별시 마포구청,02-3153-9222,2025-11-28,3130000,서울특별시 마포구
월드컵파크5단지 상암고등학교 버스정류장(14-288),서울특별시,마포구,,서울특별시 마포구 상암동 1715,37.5799712,126.8876108,,일반쓰레기,서울특별시 마포구청,02-3153-9222,2025-11-28,3130000,서울특별시 마포구
마포중앙도서관 버스정류장(14-197),서울특별시,마포구,,서울특별시 마포구 성산동 196-2,37.56412724,126.9063815,,일반쓰레기,서울특별시 마포구청,02-3153-9222,2025-11-28,3130000,서울특별시 마포구
월드컵로 54 횡단보도 옆,서울특별시,마포구,서울특별시 마포구 월드컵로 54,서울특별시 마포구 서교동 444-1,37.5541167,126.9120342,,일반쓰레기,서울특별시 마포구청,02-3153-9222,2025-11-28,3130000,서울특별시 마포구
디지털미디어시티역 공항철로 9번 출구 앞(2),서울특별시,마포구,서울특별시 마포구 성암로 201,서울특별시 마포구 상암동 1620,37.5775885,126.896952,,일반쓰레기,서울특별시 마포구청,02-3153-9222,2025-11-28,3130000,서울특별시 마포구
디지털미디어시티역 공항철로 9번 출구 앞(1),서울특별시,마포구,서울특별시 마포구 성암로 201,서울특별시 마포구 상암동 1620,37.5775885,126.896952,,일반쓰레기,서울특별시 마포구청,02-3153-9222,2025-11-28,3130000,서울특별시 마포구
DMC첨단산업센터 버스정류장(14-355),서울특별시,마포구,,서울특별시 마포구 상암동 1695,37.5814607,126.8917094,,일반쓰레기,서울특별시 마포구청,02-3153-9222,2025-11-28,3130000,서울특별시 마포구
성암로184 DMC역 7번 출구 버스정류장(14-358),서울특별시,마포구,,서울특별시 마포구 상암동 1138,37.57666476,126.89892,,일반쓰레기,서울특별시 마포구청,02-3153-9222,2025-11-28,3130000,서울특별시 마포구
마포구청역 5번 출구,서울특별시,마포구,서울특별시 마포구 월드컵로 지하190,,37.564186,126.903288,,일반쓰레기,서울특별시 마포구청,02-3153-9222,2025-11-28,3130000,서울특별시 마포구
성암로 37 버스정류장(14-351),서울특별시,마포구,서울특별시 마포구 성암로 37,서울특별시 마포구 중동 299,37.5691456,126.9122909,,일반쓰레기,서울특별시 마포구청,02-3153-9222,2025-11-28,3130000,서울특별시 마포구
월드컵경기장 사거리,서울특별시,마포구,,서울특별시 마포구 성산동 665,37.56827661,126.8927642,,일반쓰레기,서울특별시 마포구청,02-3153-9222,2025-11-28,3130000,서울특별시 마포구
상암초등학교 버스정류장(14-166),서울특별시,마포구,,서울특별시 마포구 상암동 37-36,37.57641429,126.8933237,,일반쓰레기,서울특별시 마포구청,02-3153-9222,2025-11-28,3130000,서울특별시 마포구
평화의공원 주차장입구 횡단보도 맞은편(2),서울특별시,마포구,,서울특별시 마포구 상암동 487-137,37.56129274,126.8877722,,일반쓰레기,서울특별시 마포구청,02-3153-9222,2025-11-28,3130000,서울특별시 마포구
평화의공원 주차장입구 횡단보도 맞은편(1),서울특별시,마포구,,서울특별시 마포구 상암동 487-137,37.56129274,126.8877722,,일반쓰레기,서울특별시 마포구청,02-3153-9222,2025-11-28,3130000,서울특별시 마포구
월드컵파크2단지 버스정류장(14-117)(2),서울특별시,마포구,서울특별시 마포구 월드컵북로47길 46,서울특별시 마포구 상암동 1637,37.57488209,126.8907326,,일반쓰레기,서울특별시 마포구청,02-3153-9222,2025-11-28,3130000,서울특별시 마포구
월드컵파크2단지 버스정류장(14-117)(1),서울특별시,마포구,서울특별시 마포구 월드컵북로47길 46,서울특별시 마포구 상암동 1637,37.57488209,126.8907326,,일반쓰레기,서울특별시 마포구청,02-3153-9222,2025-11-28,3130000,서울특별시 마포구
월드컵경기장 남측 버스정류장(14-104),서울특별시,마포구,,서울특별시 마포구 성산동 665,37.56827661,126.8927642,,일반쓰레기,서울특별시 마포구청,02-3153-9222,2025-11-28,3130000,서울특별시 마포구
마포농수산물시장 3거리 홈플러스 입구(2),서울특별시,마포구,서울특별시 마포구 월드컵로 220,서울특별시 마포구 성산동 369-2,37.5673618,126.9006703,,일반쓰레기,서울특별시 마포구청,02-3153-9222,2025-11-28,3130000,서울특별시 마포구
마포농수산물시장 3거리 홈플러스 입구(1),서울특별시,마포구,서울특별시 마포구 월드컵로 220,서울특별시 마포구 성산동 369-2,37.5673618,126.9006703,,일반쓰레기,서울특별시 마포구청,02-3153-9222,2025-11-28,3130000,서울특별시 마포구
상암이안 2단지 버스정류장(14-287),서울특별시,마포구,,서울특별시 마포구 상암동 1715,37.5799712,126.8876108,,일반쓰레기,서울특별시 마포구청,02-3153-9222,2025-11-28,3130000,서울특별시 마포구
성중길 월드컵경기장역 마을버스정류장(14-573),서울특별시,마포구,서울특별시 마포구 월드컵북로 235,서울특별시 마포구 성산동 446,37.56970041,126.9014174,,일반쓰레기,서울특별시 마포구청,02-3153-9222,2025-11-28,3130000,서울특별시 마포구
월드컵북로 381 버스정류장(14-306)(2),서울특별시,마포구,서울특별시 마포구 월드컵북로 381,서울특별시 마포구 상암동 1655,37.57795288,126.8898876,,일반쓰레기,서울특별시 마포구청,02-3153-9222,2025-11-28,3130000,서울특별시 마포구
월드컵북로 381 버스정류장(14-306)(1),서울특별시,마포구,서울특별시 마포구 월드컵북로 381,서울특별시 마포구 상암동 1655,37.57795288,126.8898876,,일반쓰레기,서울특별시 마포구청,02-3153-9222,2025-11-28,3130000,서울특별시 마포구
월드컵북로381 월드컵파크4단지 401동 앞,서울특별시,마포구,서울특별시 마포구 월드컵북로 381,서울특별시 마포구 상암동 1655,37.57795288,126.8898876,,일반쓰레기,서울특별시 마포구청,02-3153-9222,2025-11-28,3130000,서울특별시 마포구
마포구의회 앞 마을버스정류장(14-563),서울특별시,마포구,서울특별시 마포구 월드컵로 212,서울특별시 마포구 성산동 370,37.56631284,126.9016157,,일반쓰레기,서울특별시 마포구청,02-3153-9222,2025-11-28,3130000,서울특별시 마포구
구청 광장 대로변,서울특별시,마포구,서울특별시 마포구 월드컵로 212,서울특별시 마포구 성산동 370,37.56631284,126.9016157,,일반쓰레기,서울특별시 마포구청,02-3153-9222,2025-11-28,3130000,서울특별시 마포구
상암산로1길 26 상암중학교 앞,서울특별시,마포구,서울특별시 마포구 상암산로1길 26,서울특별시 마포구 상암동 1657,37.57905692,126.8875508,,일반쓰레기,서울특별시 마포구청,02-3153-9222,2025-11-28,3130000,서울특별시 마포구
월드컵로204 마포구 청사 맞은편 횡단보도,서울특별시,마포구,서울특별시 마포구 월드컵로 204,서울특별시 마포구 성산동 591-1,37.56539921,126.9021318,,일반쓰레기,서울특별시 마포구청,02-3153-9222,2025-11-28,3130000,서울특별시 마포구
월드컵로202 마포구청역 1번 출구 앞,서울특별시,마포구,서울특별시 마포구 월드컵로 202,서울특별시 마포구 성산동 591-2,37.56528704,126.9024641,,일반쓰레기,서울특별시 마포구청,02-3153-9222,2025-11-28,3130000,서울특별시 마포구
월드컵파크5단지 버스정류장(14-289),서울특별시,마포구,서울특별시 마포구 상암산로1길 52,서울특별시 마포구 상암동 1658,37.58080737,126.8853953,,일반쓰레기,서울특별시 마포구청,02-3153-9222,2025-11-28,3130000,서울특별시 마포구
상암산로1길 52 월드컵파크5단지 508동 앞,서울특별시,마포구,서울특별시 마포구 상암산로1길 52,서울특별시 마포구 상암동 1658,37.58080737,126.8853953,,일반쓰레기,서울특별시 마포구청,02-3153-9222,2025-11-28,3130000,서울특별시 마포구
상암고등학교 버스정류장(14-291),서울특별시,마포구,,서울특별시 마포구 상암동 1715-25,37.58214488,126.8834433,,일반쓰레기,서울특별시 마포구청,02-3153-9222,2025-11-28,3130000,서울특별시 마포구
월드컵파크7단지 버스정류장(14-271),서울특별시,마포구,서울특별시 마포구 가양대로 124,서울특별시 마포구 상암동 1669,37.5807915,126.8784504,,일반쓰레기,서울특별시 마포구청,02-3153-9222,2025-11-28,3130000,서울특별시 마포구
월드컵파크7단지 버스정류장(14-272),서울특별시,마포구,,서울특별시 마포구 상암동 1694-5,37.58192134,126.8794618,,일반쓰레기,서울특별시 마포구청,02-3153-9222,2025-11-28,3130000,서울특별시 마포구
성산2교 버스정류장(14-198),서울특별시,마포구,,서울특별시 마포구 성산동 24-12,37.56590741,126.9146741,,일반쓰레기,서울특별시 마포구청,02-3153-9222,2025-11-28,3130000,서울특별시 마포구
월드컵북로 136 하나은행 옆,서울특별시,마포구,서울특별시 마포구 월드컵북로 136,서울특별시 마포구 성산동 51-11,37.56502512,126.9124737,,일반쓰레기,서울특별시 마포구청,02-3153-9222,2025-11-28,3130000,서울특별시 마포구
버스정류장(14-186),서울특별시,마포구,서울특별시 마포구 월드컵북로 120,서울특별시 마포구 성산동 52-12,37.56394457,126.9133439,,일반쓰레기,서울특별시 마포구청,02-3153-9222,2025-11-28,3130000,서울특별시 마포구
월드컵북로 78 cu편의점 앞,서울특별시,마포구,서울특별시 마포구 월드컵북로 78,서울특별시 마포구 성산동 209-1,37.56083654,126.916147,,일반쓰레기,서울특별시 마포구청,02-3153-9222,2025-11-28,3130000,서울특별시 마포구
월드컵북로54길 12 국악방송 앞,서울특별시,마포구,서울특별시 마포구 월드컵북로54길 12,서울특별시 마포구 상암동 1602,37.58085428,126.8893321,,일반쓰레기,서울특별시 마포구청,02-3153-9222,2025-11-28,3130000,서울특별시 마포구
월드컵북로 6길 3 수협 앞,서울특별시,마포구,서울특별시 마포구 월드컵북로6길 3,서울특별시 마포구 연남동 571-10,37.55788989,126.9189437,,일반쓰레기,서울특별시 마포구청,02-3153-9222,2025-11-28,3130000,서울특별시 마포구
누리꿈스퀘어(MBC) 버스정류장(14-307),서울특별시,마포구,,서울특별시 마포구 상암동 1715-6,37.57923225,126.8894082,,일반쓰레기,서울특별시 마포구청,02-3153-9222,2025-11-28,3130000,서울특별시 마포구
월드컵북로 15 시디즈 홍대점 앞,서울특별시,마포구,서울특별시 마포구 월드컵북로 15,서울특별시 마포구 서교동 445-3,37.55620886,126.9199478,,일반쓰레기,서울특별시 마포구청,02-3153-9222,2025-11-28,3130000,서울특별시 마포구
월드컵북로396 KFC 상암DMC점 앞,서울특별시,마포구,서울특별시 마포구 월드컵북로 396,서울특별시 마포구 상암동 1605,37.57944191,126.8903226,,일반쓰레기,서울특별시 마포구청,02-3153-9222,2025-11-28,3130000,서울특별시 마포구
월드컵북로396 누리꿈스퀘어 주차장 옆,서울특별시,마포구,서울특별시 마포구 월드컵북로 396,서울특별시 마포구 상암동 1605,37.57944191,126.8903226,,일반쓰레기,서울특별시 마포구청,02-3153-9222,2025-11-28,3130000,서울특별시 마포구
상암동 하늘초등학교 버스정류장(14-337),서울특별시,마포구,,서울특별시 마포구 상암동 1757,37.58633427,126.8815182,,일반쓰레기,서울특별시 마포구청,02-3153-9222,2025-11-28,3130000,서울특별시 마포구
월드컵파크9단지 버스정류장(14-335),서울특별시,마포구,,서울특별시 마포구 상암동 1758,37.58453485,126.8798665,,일반쓰레기,서울특별시 마포구청,02-3153-9222,2025-11-28,3130000,서울특별시 마포구
서부면허시험장 버스정류장(14-493),서울특별시,마포구,서울특별시 마포구 월드컵로42길 9-1,서울특별시 마포구 상암동 1730,37.57818563,126.8817095,,일반쓰레기,서울특별시 마포구청,02-3153-9222,2025-11-28,3130000,서울특별시 마포구
서부면허시험장 버스정류장(14-110)(2),서울특별시,마포구,,서울특별시 마포구 상암동 478-13,37.57736261,126.8808259,,일반쓰레기,서울특별시 마포구청,02-3153-9222,2025-11-28,3130000,서울특별시 마포구
서부면허시험장 버스정류장(14-110)(1),서울특별시,마포구,,서울특별시 마포구 상암동 478-13,37.57736261,126.8808259,,일반쓰레기,서울특별시 마포구청,02-3153-9222,2025-11-28,3130000,서울특별시 마포구
서부면허시험장 버스정류장(14-109)(2),서울특별시,마포구,,서울특별시 마포구 상암동 1542-4,37.57852263,126.8795509,,일반쓰레기,서울특별시 마포구청,02-3153-9222,2025-11-28,3130000,서울특별시 마포구
서부면허시험장 버스정류장(14-109)(1),서울특별시,마포구,,서울특별시 마포구 상암동 1542-4,37.57852263,126.8795509,,일반쓰레기,서울특별시 마포구청,02-3153-9222,2025-11-28,3130000,서울특별시 마포구
월드컵파크3단지 버스정류장(14-108),서울특별시,마포구,,서울특별시 마포구 상암동 1731-9,37.57310152,126.8876032,,일반쓰레기,서울특별시 마포구청,02-3153-9222,2025-11-28,3130000,서울특별시 마포구
"상암월드컵파크 6,7단지 버스정류장(14-612)",서울특별시,마포구,서울특별시 마포구 월드컵로42길 22,서울특별시 마포구 상암동 1761,37.5795486,126.8831094,,일반쓰레기,서울특별시 마포구청,02-3153-9222,2025-11-28,3130000,서울특별시 마포구
하늘공원주차장 버스정류장(14-332),서울특별시,마포구,,서울특별시 마포구 성산동 665-1,37.56911709,126.8912548,,일반쓰레기,서울특별시 마포구청,02-3153-9222,2025-11-28,3130000,서울특별시 마포구
월드컵3단지 후문 버스정류장(14-115),서울특별시,마포구,,서울특별시 마포구 성산동 665,37.56827661,126.8927642,,일반쓰레기,서울특별시 마포구청,02-3153-9222,2025-11-28,3130000,서울특별시 마포구
월드컵경기장 서측 버스정류장(14-105)(2),서울특별시,마포구,,서울특별시 마포구 성산동 664,37.57048737,126.8961489,,일반쓰레기,서울특별시 마포구청,02-3153-9222,2025-11-28,3130000,서울특별시 마포구
월드컵경기장 서측 버스정류장(14-105)(1),서울특별시,마포구,,서울특별시 마포구 성산동 664,37.57048737,126.8961489,,일반쓰레기,서울특별시 마포구청,02-3153-9222,2025-11-28,3130000,서울특별시 마포구
국립경찰교향악단 앞,서울특별시,마포구,서울특별시 마포구 월드컵북로 157,서울특별시 마포구 성산동 95-14,37.5663123,126.9103618,,일반쓰레기,서울특별시 마포구청,02-3153-9222,2025-11-28,3130000,서울특별시 마포구
광흥창역1번출구,서울특별시,마포구,서울특별시 마포구 서강로 51,서울특별시 마포구 창전동 256-2,37.54775312,126.9311541,,일반쓰레기,서울특별시 마포구청,02-3153-9222,2025-11-28,3130000,서울특별시 마포구
광흥창역.서강대주민센터 버스정류장14-201(GS앞 버스정류장),서울특별시,마포구,서울특별시 마포구 서강로 55,서울특별시 마포구 창전동 444,37.54828681,126.9313562,,재활용쓰레기,서울특별시 마포구청,02-3153-9222,2025-11-28,3130000,서울특별시 마포구
광흥창역.서강대주민센터 버스정류장14-201 (GS앞 버스정류장),서울특별시,마포구,서울특별시 마포구 서강로 55,서울특별시 마포구 창전동 444,37.54828681,126.9313562,,일반쓰레기,서울특별시 마포구청,02-3153-9222,2025-11-28,3130000,서울특별시 마포구
창전현대홈타운 버스정류장14-203,서울특별시,마포구,,서울특별시 마포구 창전동 12-34,37.55112096,126.932607,,일반쓰레기,서울특별시 마포구청,02-3153-9222,2025-11-28,3130000,서울특별시 마포구
서강로97삼성프라자,서울특별시,마포구,서울특별시 마포구 서강로 97,서울특별시 마포구 창전동 437,37.55193462,126.9323486,,일반쓰레기,서울특별시 마포구청,02-3153-9222,2025-11-28,3130000,서울특별시 마포구
도로변(개봉로20길 54)(2),서울특별시,구로구,서울특별시 구로구 개봉로20길 54,서울특별시 구로구 개봉동 407-14,37.49343625,126.8573608,,일반쓰레기,서울특별시 구로구청 청소행정과,02-860-2918,2024-12-26,3160000,서울특별시 구로구
기업은행.신촌연세병원 버스정류장14-992,서울특별시,마포구,,서울특별시 마포구 창전동 2-126,37.55276683,126.9330602,,일반쓰레기,서울특별시 마포구청,02-3153-9222,2025-11-28,3130000,서울특별시 마포구
신촌로16길29횡단보도,서울특별시,마포구,서울특별시 마포구 신촌로16길 29,서울특별시 마포구 노고산동 57-50,37.55409824,126.9347633,,일반쓰레기,서울특별시 마포구청,02-3153-9222,2025-11-28,3130000,서울특별시 마포구
서강로137신촌역 버스정류장14-990(2),서울특별시,마포구,서울특별시 마포구 서강로 137,서울특별시 마포구 노고산동 57-26,37.55466827,126.9355938,,일반쓰레기,서울특별시 마포구청,02-3153-9222,2025-11-28,3130000,서울특별시 마포구
서강로137신촌역 버스정류장14-990(1),서울특별시,마포구,서울특별시 마포구 서강로 137,서울특별시 마포구 노고산동 57-26,37.55466827,126.9355938,,일반쓰레기,서울특별시 마포구청,02-3153-9222,2025-11-28,3130000,서울특별시 마포구
서강대역2번 출구 자전거대여소 앞,서울특별시,마포구,서울특별시 마포구 서강로 118,서울특별시 마포구 노고산동 112-5,37.55322915,126.9343748,,일반쓰레기,서울특별시 마포구청,02-3153-9222,2025-11-28,3130000,서울특별시 마포구
광흥창역3번 출구(2),서울특별시,마포구,서울특별시 마포구 창전로 60,서울특별시 마포구 구수동 2-3,37.54779701,126.9328946,,일반쓰레기,서울특별시 마포구청,02-3153-9222,2025-11-28,3130000,서울특별시 마포구
광흥창역3번 출구(1),서울특별시,마포구,서울특별시 마포구 창전로 60,서울특별시 마포구 구수동 2-3,37.54779701,126.9328946,,재활용쓰레기,서울특별시 마포구청,02-3153-9222,2025-11-28,3130000,서울특별시 마포구
광흥창역2번 출구,서울특별시,마포구,서울특별시 마포구 독막로 165,서울특별시 마포구 창전동 242,37.54773473,126.9320618,,일반쓰레기,서울특별시 마포구청,02-3153-9222,2025-11-28,3130000,서울특별시 마포구
광흥창역5번 출구 횡단보도앞,서울특별시,마포구,,서울특별시 마포구 창전동 236,37.54711325,126.931429,,일반쓰레기,서울특별시 마포구청,02-3153-9222,2025-11-28,3130000,서울특별시 마포구
신촌역7번출구,서울특별시,마포구,서울특별시 마포구 신촌로 94,서울특별시 마포구 노고산동 57-1,37.55499447,126.9359976,,재활용쓰레기,서울특별시 마포구청,02-3153-9222,2025-11-28,3130000,서울특별시 마포구
신촌로82유앤아이치과의원 버스정류장(14-228)(2),서울특별시,마포구,서울특별시 마포구 신촌로 82,서울특별시 마포구 노고산동 49-46,37.55561127,126.9348093,,일반쓰레기,서울특별시 마포구청,02-3153-9222,2025-11-28,3130000,서울특별시 마포구
신촌로82유앤아이치과의원 버스정류장(14-228)(1),서울특별시,마포구,서울특별시 마포구 신촌로 82,서울특별시 마포구 노고산동 49-46,37.55561127,126.9348093,,일반쓰레기,서울특별시 마포구청,02-3153-9222,2025-11-28,3130000,서울특별시 마포구
신촌로66 농협하나로마트,서울특별시,마포구,서울특별시 마포구 신촌로 66,서울특별시 마포구 노고산동 49-31,37.5560665,126.9331166,,일반쓰레기,서울특별시 마포구청,02-3153-9222,2025-11-28,3130000,서울특별시 마포구
와우산로157산울림소극장앞 버스정류장(14-235),서울특별시,마포구,서울특별시 마포구 와우산로 157,서울특별시 마포구 서교동 327-9,37.5550833,126.9301095,,일반쓰레기,서울특별시 마포구청,02-3153-9222,2025-11-28,3130000,서울특별시 마포구
와우산로121삼진제약버스정류장(14-283),서울특별시,마포구,서울특별시 마포구 와우산로 121,서울특별시 마포구 서교동 338-8,37.55350885,126.926757,,일반쓰레기,서울특별시 마포구청,02-3153-9222,2025-11-28,3130000,서울특별시 마포구
와우산로97홍익대학교 버스정류장14-233(하나은행앞),서울특별시,마포구,서울특별시 마포구 와우산로 97,서울특별시 마포구 서교동 344-12,37.55309395,126.9243535,,일반쓰레기,서울특별시 마포구청,02-3153-9222,2025-11-28,3130000,서울특별시 마포구
와우산로71삼거리포차 앞 삼거리(프라이빗홍대앞),서울특별시,마포구,서울특별시 마포구 와우산로 71,서울특별시 마포구 서교동 363-2,37.55088076,126.9228524,,일반쓰레기,서울특별시 마포구청,02-3153-9222,2025-11-28,3130000,서울특별시 마포구
극동방송 버스정류장14-230(우리은행 홍익대지점앞),서울특별시,마포구,서울특별시 마포구 와우산로 56,서울특별시 마포구 상수동 89-1,37.54944456,126.9233972,,일반쓰레기,서울특별시 마포구청,02-3153-9222,2025-11-28,3130000,서울특별시 마포구
와우산로55 (극동방송국역)버스정류장14-231(아크스테이션앞),서울특별시,마포구,서울특별시 마포구 와우산로 55,서울특별시 마포구 상수동 90-9,37.54937991,126.9228941,,일반쓰레기,서울특별시 마포구청,02-3153-9222,2025-11-28,3130000,서울특별시 마포구
독막로5합정역6번출구(2),서울특별시,마포구,서울특별시 마포구 독막로 5,서울특별시 마포구 합정동 414-3,37.54901989,126.9143079,,재활용쓰레기,서울특별시 마포구청,02-3153-9222,2025-11-28,3130000,서울특별시 마포구
독막로5합정역6번출구(1),서울특별시,마포구,서울특별시 마포구 독막로 5,서울특별시 마포구 합정동 414-3,37.54901989,126.9143079,,일반쓰레기,서울특별시 마포구청,02-3153-9222,2025-11-28,3130000,서울특별시 마포구
독막로16보성사 앞,서울특별시,마포구,서울특별시 마포구 독막로 16,서울특별시 마포구 합정동 364-37,37.54844301,126.9150957,,일반쓰레기,서울특별시 마포구청,02-3153-9222,2025-11-28,3130000,서울특별시 마포구
독막로36 버스정류장14-122,서울특별시,마포구,서울특별시 마포구 독막로 36,서울특별시 마포구 합정동 363-2,37.5479499,126.9173864,,일반쓰레기,서울특별시 마포구청,02-3153-9222,2025-11-28,3130000,서울특별시 마포구
독막로37 (서울화력발전소입구역)버스정류장14-121,서울특별시,마포구,서울특별시 마포구 독막로 37,서울특별시 마포구 합정동 412-12,37.54827448,126.9176949,,일반쓰레기,서울특별시 마포구청,02-3153-9222,2025-11-28,3130000,서울특별시 마포구
독막로61레드로드입구 시계탑앞(버스정류장(14-960),서울특별시,마포구,서울특별시 마포구 독막로 63,서울특별시 마포구 상수동 317-12,37.54799414,126.9205318,,일반쓰레기,서울특별시 마포구청,02-3153-9222,2025-11-28,3130000,서울특별시 마포구
독막로74김가농축산(한빛부동산앞),서울특별시,마포구,서울특별시 마포구 독막로 74,서울특별시 마포구 상수동 323-3,37.5476338,126.9215759,,일반쓰레기,서울특별시 마포구청,02-3153-9222,2025-11-28,3130000,서울특별시 마포구
독막로93 상수역2번출구,서울특별시,마포구,서울특별시 마포구 독막로 63,서울특별시 마포구 상수동 317-12,37.54799414,126.9205318,,일반쓰레기,서울특별시 마포구청,02-3153-9222,2025-11-28,3130000,서울특별시 마포구
도로변(개봉로20길 54)(1),서울특별시,구로구,서울특별시 구로구 개봉로20길 54,서울특별시 구로구 개봉동 407-14,37.49343625,126.8573608,,일반쓰레기,서울특별시 구로구청 청소행정과,02-860-2918,2024-12-26,3160000,서울특별시 구로구
독막로101횡단보도앞(br 오피스텔앞),서울특별시,마포구,서울특별시 마포구 독막로 101,서울특별시 마포구 상수동 141-1,37.54824385,126.924449,,일반쓰레기,서울특별시 마포구청,02-3153-9222,2025-11-28,3130000,서울특별시 마포구
독막로 서강초등학교 버스정류장14-670,서울특별시,마포구,,서울특별시 마포구 상수동 128-1,37.54758363,126.9262393,,일반쓰레기,서울특별시 마포구청,02-3153-9222,2025-11-28,3130000,서울특별시 마포구
양화로29(배전반옆) 아람광고 앞(2),서울특별시,마포구,서울특별시 마포구 양화로 29,서울특별시 마포구 합정동 383-11,37.54915893,126.9124833,,재활용쓰레기,서울특별시 마포구청,02-3153-9222,2025-11-28,3130000,서울특별시 마포구
양화로29(배전반옆) 아람광고 앞(1),서울특별시,마포구,서울특별시 마포구 양화로 29,서울특별시 마포구 합정동 383-11,37.54915893,126.9124833,,일반쓰레기,서울특별시 마포구청,02-3153-9222,2025-11-28,3130000,서울특별시 마포구
합정역 8번 출구 횡단보도 앞,서울특별시,마포구,서울특별시 마포구 양화로 33-1,서울특별시 마포구 합정동 383-36,37.54916598,126.9127609,,재활용쓰레기,서울특별시 마포구청,02-3153-9222,2025-11-28,3130000,서울특별시 마포구
합정역8번출구,서울특별시,마포구,서울특별시 마포구 양화로 33-1,서울특별시 마포구 합정동 383-36,37.54916598,126.9127609,,일반쓰레기,서울특별시 마포구청,02-3153-9222,2025-11-28,3130000,서울특별시 마포구
양화로57합정역버스정류장14-895,서울특별시,마포구,서울특별시 마포구 양화로 57,서울특별시 마포구 서교동 393-12,37.55048476,126.9147075,,일반쓰레기,서울특별시 마포구청,02-3153-9222,2025-11-28,3130000,서울특별시 마포구
양화로69합정역2번출구(3번출구)(2),서울특별시,마포구,서울특별시 마포구 양화로 68,서울특별시 마포구 서교동 395-44,37.55075668,126.9160934,,재활용쓰레기,서울특별시 마포구청,02-3153-9222,2025-11-28,3130000,서울특별시 마포구
양화로69합정역2번출구(3번출구)(1),서울특별시,마포구,서울특별시 마포구 양화로 68,서울특별시 마포구 서교동 395-44,37.55075668,126.9160934,,일반쓰레기,서울특별시 마포구청,02-3153-9222,2025-11-28,3130000,서울특별시 마포구
양화로99백년욱일집 횡단보도(지산한의원앞),서울특별시,마포구,서울특별시 마포구 양화로 99,서울특별시 마포구 서교동 374-10,37.55306059,126.9182338,,일반쓰레기,서울특별시 마포구청,02-3153-9222,2025-11-28,3130000,서울특별시 마포구
양화로107카사미아(스타벅스앞),서울특별시,마포구,서울특별시 마포구 양화로 107,서울특별시 마포구 서교동 374-6,37.55358661,126.9187818,,일반쓰레기,서울특별시 마포구청,02-3153-9222,2025-11-28,3130000,서울특별시 마포구
양화로 버스중앙차로14-013,서울특별시,마포구,서울특별시 마포구 양화로 100-2,서울특별시 마포구 서교동 427,37.5528524,126.9186684,,재활용쓰레기,서울특별시 마포구청,02-3153-9222,2025-11-28,3130000,서울특별시 마포구
양화로119메디람한방병원,서울특별시,마포구,서울특별시 마포구 양화로 119,서울특별시 마포구 서교동 353-7,37.55436061,126.9197696,,일반쓰레기,서울특별시 마포구청,02-3153-9222,2025-11-28,3130000,서울특별시 마포구
양화로129 맘스터치,서울특별시,마포구,서울특별시 마포구 양화로 129,서울특별시 마포구 서교동 353-2,37.55506077,126.9206937,,일반쓰레기,서울특별시 마포구청,02-3153-9222,2025-11-28,3130000,서울특별시 마포구
양화로153홍대입구1번출구,서울특별시,마포구,서울특별시 마포구 양화로 153,서울특별시 마포구 동교동 159-8,37.55649437,126.9226319,,일반쓰레기,서울특별시 마포구청,02-3153-9222,2025-11-28,3130000,서울특별시 마포구
홍대입구역8번출구 버스중앙차로14-015(2),서울특별시,마포구,서울특별시 마포구 양화로 162,서울특별시 마포구 동교동 165-5,37.55642986,126.9238714,,일반쓰레기,서울특별시 마포구청,02-3153-9222,2025-11-28,3130000,서울특별시 마포구
홍대입구역8번출구 버스중앙차로14-015(1),서울특별시,마포구,,서울특별시 마포구 동교동 155-55,37.55637208,126.9231257,,재활용쓰레기,서울특별시 마포구청,02-3153-9222,2025-11-28,3130000,서울특별시 마포구
양화로171삼성스토어 횡단보도앞,서울특별시,마포구,서울특별시 마포구 양화로 171,서울특별시 마포구 동교동 156-4,37.55753207,126.9240527,,일반쓰레기,서울특별시 마포구청,02-3153-9222,2025-11-28,3130000,서울특별시 마포구
양화로183 홍익인간오피스텔(2),서울특별시,마포구,서울특별시 마포구 양화로 183,서울특별시 마포구 동교동 155-27,37.55836755,126.9251484,,일반쓰레기,서울특별시 마포구청,02-3153-9222,2025-11-28,3130000,서울특별시 마포구
양화로183 홍익인간오피스텔(1),서울특별시,마포구,서울특별시 마포구 양화로 183,서울특별시 마포구 동교동 155-27,37.55836755,126.9251484,,재활용쓰레기,서울특별시 마포구청,02-3153-9222,2025-11-28,3130000,서울특별시 마포구
연희로1-1 횡단보도앞,서울특별시,마포구,서울특별시 마포구 연희로 1-1,서울특별시 마포구 동교동 147-5,37.55901257,126.926145,,일반쓰레기,서울특별시 마포구청,02-3153-9222,2025-11-28,3130000,서울특별시 마포구
연남동 버스정류장14-226(2),서울특별시,마포구,서울특별시 마포구 연희로 43,서울특별시 마포구 연남동 226-36,37.56261343,126.9275008,,재활용쓰레기,서울특별시 마포구청,02-3153-9222,2025-11-28,3130000,서울특별시 마포구
연남동 버스정류장14-226(1),서울특별시,마포구,서울특별시 마포구 연희로 43,서울특별시 마포구 연남동 226-36,37.56261343,126.9275008,,일반쓰레기,서울특별시 마포구청,02-3153-9222,2025-11-28,3130000,서울특별시 마포구
홍대입구역4번출구ak백화점횡단보도(2),서울특별시,마포구,서울특별시 마포구 양화로 188,서울특별시 마포구 동교동 190-1,37.55774581,126.9264983,,일반쓰레기,서울특별시 마포구청,02-3153-9222,2025-11-28,3130000,서울특별시 마포구
홍대입구역4번출구ak백화점횡단보도(1),서울특별시,마포구,서울특별시 마포구 양화로 188,서울특별시 마포구 동교동 190-1,37.55774581,126.9264983,,일반쓰레기,서울특별시 마포구청,02-3153-9222,2025-11-28,3130000,서울특별시 마포구
홍대입구역8번출구 버스중앙차로14-016(2),서울특별시,마포구,,서울특별시 마포구 동교동 155-55,37.55637208,126.9231257,,재활용쓰레기,서울특별시 마포구청,02-3153-9222,2025-11-28,3130000,서울특별시 마포구
홍대입구역8번출구 버스중앙차로14-016(1),서울특별시,마포구,,서울특별시 마포구 동교동 155-55,37.55637208,126.9231257,,일반쓰레기,서울특별시 마포구청,02-3153-9222,2025-11-28,3130000,서울특별시 마포구
홍대입구역8번출구(2),서울특별시,마포구,서울특별시 마포구 양화로18길 3,서울특별시 마포구 동교동 166-13,37.55703127,126.9245703,,재활용쓰레기,서울특별시 마포구청,02-3153-9222,2025-11-28,3130000,서울특별시 마포구
홍대입구역8번출구(1),서울특별시,마포구,서울특별시 마포구 양화로18길 3,서울특별시 마포구 동교동 166-13,37.55703127,126.9245703,,일반쓰레기,서울특별시 마포구청,02-3153-9222,2025-11-28,3130000,서울특별시 마포구
양화로136횡단보도(2),서울특별시,마포구,서울특별시 마포구 양화로 136,서울특별시 마포구 서교동 354-1,37.55484181,126.9216064,,일반쓰레기,서울특별시 마포구청,02-3153-9222,2025-11-28,3130000,서울특별시 마포구
양화로136횡단보도(1),서울특별시,마포구,서울특별시 마포구 양화로 136,서울특별시 마포구 서교동 354-1,37.55484181,126.9216064,,재활용쓰레기,서울특별시 마포구청,02-3153-9222,2025-11-28,3130000,서울특별시 마포구
양화로136(2),서울특별시,마포구,서울특별시 마포구 양화로 136,서울특별시 마포구 서교동 354-1,37.55484181,126.9216064,,일반쓰레기,서울특별시 마포구청,02-3153-9222,2025-11-28,3130000,서울특별시 마포구
양화로136(1),서울특별시,마포구,서울특별시 마포구 양화로 136,서울특별시 마포구 서교동 354-1,37.55484181,126.9216064,,재활용쓰레기,서울특별시 마포구청,02-3153-9222,2025-11-28,3130000,서울특별시 마포구
양화로 100-2 버스중앙차로14-014,서울특별시,마포구,서울특별시 마포구 양화로 100-2,서울특별시 마포구 서교동 427,37.5528524,126.9186684,,재활용쓰레기,서울특별시 마포구청,02-3153-9222,2025-11-28,3130000,서울특별시 마포구
양화로100버거킹,서울특별시,마포구,서울특별시 마포구 양화로 100,서울특별시 마포구 서교동 372-1,37.55270402,126.918684,,일반쓰레기,서울특별시 마포구청,02-3153-9222,2025-11-28,3130000,서울특별시 마포구
양화로68한동빌딩(합정역 3번출구 앞)(2),서울특별시,마포구,서울특별시 마포구 양화로 68,서울특별시 마포구 서교동 395-44,37.55075668,126.9160934,,재활용쓰레기,서울특별시 마포구청,02-3153-9222,2025-11-28,3130000,서울특별시 마포구
양화로68한동빌딩(합정역 3번출구 앞)(1),서울특별시,마포구,서울특별시 마포구 양화로 68,서울특별시 마포구 서교동 395-44,37.55075668,126.9160934,,일반쓰레기,서울특별시 마포구청,02-3153-9222,2025-11-28,3130000,서울특별시 마포구
양화로50바이모노(합정역 5번출구앞)(2),서울특별시,마포구,서울특별시 마포구 양화로 50,서울특별시 마포구 합정동 414-1,37.54952216,126.9145058,,일반쓰레기,서울특별시 마포구청,02-3153-9222,2025-11-28,3130000,서울특별시 마포구
양화로50바이모노(합정역 5번출구앞)(1),서울특별시,마포구,서울특별시 마포구 양화로 50,서울특별시 마포구 합정동 414-1,37.54952216,126.9145058,,일반쓰레기,서울특별시 마포구청,02-3153-9222,2025-11-28,3130000,서울특별시 마포구
양화로 36 할리스 옆 공원,서울특별시,마포구,서울특별시 마포구 양화로 36,서울특별시 마포구 합정동 374-1,37.54850913,126.9133377,,일반쓰레기,서울특별시 마포구청,02-3153-9222,2025-11-28,3130000,서울특별시 마포구
월드컵로5길11합정동주민센터 횡단보도앞(2),서울특별시,마포구,서울특별시 마포구 월드컵로5길 11,서울특별시 마포구 합정동 473,37.55161665,126.911726,,일반쓰레기,서울특별시 마포구청,02-3153-9222,2025-11-28,3130000,서울특별시 마포구
월드컵로5길11합정동주민센터 횡단보도앞(1),서울특별시,마포구,서울특별시 마포구 월드컵로5길 11,서울특별시 마포구 합정동 473,37.55161665,126.911726,,재활용쓰레기,서울특별시 마포구청,02-3153-9222,2025-11-28,3130000,서울특별시 마포구
월드컵로30세븐일레븐,서울특별시,마포구,서울특별시 마포구 월드컵로 30,서울특별시 마포구 서교동 383-17,37.55210603,126.9126397,,일반쓰레기,서울특별시 마포구청,02-3153-9222,2025-11-28,3130000,서울특별시 마포구
월드컵로39하동우렁추어탕,서울특별시,마포구,서울특별시 마포구 월드컵로 39,서울특별시 마포구 합정동 427-20,37.55279206,126.9119181,,일반쓰레기,서울특별시 마포구청,02-3153-9222,2025-11-28,3130000,서울특별시 마포구
월드컵로54티스테이션,서울특별시,마포구,서울특별시 마포구 월드컵로 54,서울특별시 마포구 서교동 444-1,37.5541167,126.9120342,,일반쓰레기,서울특별시 마포구청,02-3153-9222,2025-11-28,3130000,서울특별시 마포구
월드컵로51아카데미과학(다사랑치킨피자),서울특별시,마포구,서울특별시 마포구 월드컵로 51,서울특별시 마포구 합정동 427-4,37.55382052,126.9115313,,일반쓰레기,서울특별시 마포구청,02-3153-9222,2025-11-28,3130000,서울특별시 마포구
마포대로 버스정류장 14-002(마포역),서울특별시,마포구,,서울특별시 마포구 도화동 293-1,37.54111288,126.948038,,일반쓰레기,서울특별시 마포구청,02-3153-9222,2025-11-28,3130000,서울특별시 마포구
만리재로88앞 버스정류장(14-146),서울특별시,마포구,서울특별시 마포구 만리재로 88,서울특별시 마포구 공덕동 111-193,37.54811717,126.9591862,,일반쓰레기,서울특별시 마포구청,02-3153-9222,2025-11-28,3130000,서울특별시 마포구
만리재로83-1앞 버스정류장(14-145),서울특별시,마포구,서울특별시 마포구 만리재로 83-1,서울특별시 마포구 공덕동 111-209,37.54815358,126.9587131,,일반쓰레기,서울특별시 마포구청,02-3153-9222,2025-11-28,3130000,서울특별시 마포구
이대역5번출구앞(2),서울특별시,마포구,,서울특별시 마포구 대흥동 2-1,37.55656965,126.9462676,,재활용쓰레기,서울특별시 마포구청,02-3153-9222,2025-11-28,3130000,서울특별시 마포구
이대역5번출구앞(1),서울특별시,마포구,서울특별시 마포구 대흥로 194,서울특별시 마포구 대흥동 2-10,37.55623344,126.946135,,일반쓰레기,서울특별시 마포구청,02-3153-9222,2025-11-28,3130000,서울특별시 마포구
대흥로122 여성동행센터,서울특별시,마포구,서울특별시 마포구 대흥로 122,서울특별시 마포구 대흥동 38-22,37.55040682,126.9442781,,일반쓰레기,서울특별시 마포구청,02-3153-9222,2025-11-28,3130000,서울특별시 마포구
아현역3번출구 버스정류장앞 (굴레방다리),서울특별시,마포구,서울특별시 마포구 마포대로 247,서울특별시 마포구 아현동 267-1,37.55640071,126.9565,,일반쓰레기,서울특별시 마포구청,02-3153-9222,2025-11-28,3130000,서울특별시 마포구
아현역 3번출구앞,서울특별시,마포구,서울특별시 마포구 마포대로 247,서울특별시 마포구 아현동 267-1,37.55640071,126.9565,,일반쓰레기,서울특별시 마포구청,02-3153-9222,2025-11-28,3130000,서울특별시 마포구
신촌로234 새마을금고앞,서울특별시,마포구,서울특별시 마포구 신촌로 234,서울특별시 마포구 아현동 347-13,37.5569132,126.9516554,,일반쓰레기,서울특별시 마포구청,02-3153-9222,2025-11-28,3130000,서울특별시 마포구
신촌로210 아현어린이집앞,서울특별시,마포구,서울특별시 마포구 신촌로 210,서울특별시 마포구 아현동 677-1,37.55671611,126.9489834,,일반쓰레기,서울특별시 마포구청,02-3153-9222,2025-11-28,3130000,서울특별시 마포구
신촌로174 중우빌딩 횡단보도옆(2),서울특별시,마포구,서울특별시 마포구 신촌로 174,서울특별시 마포구 대흥동 12-23,37.55648691,126.9449971,,일반쓰레기,서울특별시 마포구청,02-3153-9222,2025-11-28,3130000,서울특별시 마포구
신촌로174 중우빌딩 횡단보도옆(1),서울특별시,마포구,서울특별시 마포구 신촌로 174,서울특별시 마포구 대흥동 12-23,37.55648691,126.9449971,,일반쓰레기,서울특별시 마포구청,02-3153-9222,2025-11-28,3130000,서울특별시 마포구
신촌로110 웨스턴 동물의료센터앞 (5번출구),서울특별시,마포구,서울특별시 마포구 신촌로 110,서울특별시 마포구 노고산동 40-56,37.55515688,126.9381344,,일반쓰레기,서울특별시 마포구청,02-3153-9222,2025-11-28,3130000,서울특별시 마포구
창전로32 서강나루공원앞,서울특별시,마포구,서울특별시 마포구 창전로 32,서울특별시 마포구 구수동 68-32,37.54515427,126.9319133,,일반쓰레기,서울특별시 마포구청,02-3153-9222,2025-11-28,3130000,서울특별시 마포구
독막로246(백억공인중개사 앞),서울특별시,마포구,서울특별시 마포구 독막로 246,서울특별시 마포구 대흥동 328-55,37.54638913,126.9408559,,일반쓰레기,서울특별시 마포구청,02-3153-9222,2025-11-28,3130000,서울특별시 마포구
독막로242 노기홍사무소앞,서울특별시,마포구,서울특별시 마포구 독막로 242,서울특별시 마포구 대흥동 325-5,37.54659734,126.9402909,,일반쓰레기,서울특별시 마포구청,02-3153-9222,2025-11-28,3130000,서울특별시 마포구
독막로192 신수동 주민센터앞,서울특별시,마포구,서울특별시 마포구 독막로 192,서울특별시 마포구 신수동 458,37.54715926,126.9351045,,일반쓰레기,서울특별시 마포구청,02-3153-9222,2025-11-28,3130000,서울특별시 마포구
독막로221 정자나무 공원안,서울특별시,마포구,서울특별시 마포구 독막로 221,서울특별시 마포구 신수동 178-3,37.54753983,126.9384571,,일반쓰레기,서울특별시 마포구청,02-3153-9222,2025-11-28,3130000,서울특별시 마포구
마포세무서 사거리(공사현장)앞,서울특별시,마포구,,서울특별시 마포구 대흥동 325-84,37.54604406,126.9402563,,일반쓰레기,서울특별시 마포구청,02-3153-9222,2025-11-28,3130000,서울특별시 마포구
백범로88 경총회관앞 (대흥역4번출구),서울특별시,마포구,서울특별시 마포구 백범로 88,서울특별시 마포구 대흥동 276-1,37.547947,126.9411092,,일반쓰레기,서울특별시 마포구청,02-3153-9222,2025-11-28,3130000,서울특별시 마포구
신촌역 6번출구 공원안쪽(2),서울특별시,마포구,,서울특별시 마포구 노고산동 31-123,37.55495552,126.9368606,,일반쓰레기,서울특별시 마포구청,02-3153-9222,2025-11-28,3130000,서울특별시 마포구
신촌역 6번출구 공원안쪽(1),서울특별시,마포구,,서울특별시 마포구 노고산동 31-123,37.55495552,126.9368606,,일반쓰레기,서울특별시 마포구청,02-3153-9222,2025-11-28,3130000,서울특별시 마포구
백범로91 건널목앞(대흥역1번출구),서울특별시,마포구,서울특별시 마포구 백범로 91,서울특별시 마포구 대흥동 120,37.5482162,126.9418041,,일반쓰레기,서울특별시 마포구청,02-3153-9222,2025-11-28,3130000,서울특별시 마포구
공덕역1번출구 자전거보관대앞(신영지웰앞),서울특별시,마포구,서울특별시 마포구 백범로 178,서울특별시 마포구 공덕동 461,37.54388177,126.9500762,,재활용쓰레기,서울특별시 마포구청,02-3153-9222,2025-11-28,3130000,서울특별시 마포구
공덕역1번출구 자전거보관대앞,서울특별시,마포구,,서울특별시 마포구 공덕동 435-12,37.54405896,126.9502626,,일반쓰레기,서울특별시 마포구청,02-3153-9222,2025-11-28,3130000,서울특별시 마포구
버스정류장 14-180,서울특별시,마포구,서울특별시 마포구 백범로 170,서울특별시 마포구 공덕동 478,37.54429633,126.9492629,,일반쓰레기,서울특별시 마포구청,02-3153-9222,2025-11-28,3130000,서울특별시 마포구
백범로152 버스정류장(14-178),서울특별시,마포구,서울특별시 마포구 백범로 152,서울특별시 마포구 공덕동 476,37.54474774,126.9482582,,일반쓰레기,서울특별시 마포구청,02-3153-9222,2025-11-28,3130000,서울특별시 마포구
백범로122 풍천민물장어앞,서울특별시,마포구,서울특별시 마포구 백범로 122,서울특별시 마포구 염리동 155-12,37.54655467,126.9444362,,일반쓰레기,서울특별시 마포구청,02-3153-9222,2025-11-28,3130000,서울특별시 마포구
백범로112 버스정류장(14-176),서울특별시,마포구,서울특별시 마포구 백범로 112,서울특별시 마포구 대흥동 200-3,37.54698538,126.9435565,,일반쓰레기,서울특별시 마포구청,02-3153-9222,2025-11-28,3130000,서울특별시 마포구
대흥역 2번출구앞(삼성공인중개사 앞),서울특별시,마포구,서울특별시 마포구 백범로 95,서울특별시 마포구 대흥동 132-1,37.54795254,126.9423084,,일반쓰레기,서울특별시 마포구청,02-3153-9222,2025-11-28,3130000,서울특별시 마포구
공덕역 2번출구 롯데캐슬 택시정류장앞,서울특별시,마포구,,서울특별시 마포구 공덕동 257-88,37.54448915,126.950127,,일반쓰레기,서울특별시 마포구청,02-3153-9222,2025-11-28,3130000,서울특별시 마포구
마포대로25 화로연각 앞(토정로방향),서울특별시,마포구,서울특별시 마포구 마포대로 25,서울특별시 마포구 마포동 33-1,37.53937876,126.9448336,,일반쓰레기,서울특별시 마포구청,02-3153-9222,2025-11-28,3130000,서울특별시 마포구
마포대로20 (마포역4번출구),서울특별시,마포구,서울특별시 마포구 마포대로 20,서울특별시 마포구 마포동 140,37.53842521,126.9449856,,일반쓰레기,서울특별시 마포구청,02-3153-9222,2025-11-28,3130000,서울특별시 마포구
마포대로 정류소번호 14-001(가든호텔앞)(2),서울특별시,마포구,,서울특별시 마포구 도화동 293-1,37.54111288,126.948038,,일반쓰레기,서울특별시 마포구청,02-3153-9222,2025-11-28,3130000,서울특별시 마포구
마포대로 정류소번호 14-001(가든호텔앞)(1),서울특별시,마포구,,서울특별시 마포구 도화동 293-1,37.54111288,126.948038,,일반쓰레기,서울특별시 마포구청,02-3153-9222,2025-11-28,3130000,서울특별시 마포구
마포대로33 마포역1번출구(2),서울특별시,마포구,서울특별시 마포구 마포대로 33,서울특별시 마포구 도화동 160,37.53958379,126.9459204,,재활용쓰레기,서울특별시 마포구청,02-3153-9222,2025-11-28,3130000,서울특별시 마포구
마포대로33 마포역1번출구(1),서울특별시,마포구,서울특별시 마포구 마포대로 33,서울특별시 마포구 도화동 160,37.53958379,126.9459204,,일반쓰레기,서울특별시 마포구청,02-3153-9222,2025-11-28,3130000,서울특별시 마포구
마포대로61-1 (트라팰리스앞)(2),서울특별시,마포구,서울특별시 마포구 마포대로 61-1,서울특별시 마포구 도화동 559,37.54135699,126.9480097,,일반쓰레기,서울특별시 마포구청,02-3153-9222,2025-11-28,3130000,서울특별시 마포구
마포대로61-1 (트라팰리스앞)(1),서울특별시,마포구,서울특별시 마포구 마포대로 61-1,서울특별시 마포구 도화동 559,37.54135699,126.9480097,,재활용쓰레기,서울특별시 마포구청,02-3153-9222,2025-11-28,3130000,서울특별시 마포구
마포대로 버스정류장 14-006(아현동주민센터),서울특별시,마포구,,서울특별시 마포구 공덕동 237-9,37.54615674,126.9526245,,일반쓰레기,서울특별시 마포구청,02-3153-9222,2025-11-28,3130000,서울특별시 마포구
마포대로 버스정류장 14-005(아현동주민센터),서울특별시,마포구,,서울특별시 마포구 공덕동 237-9,37.54615674,126.9526245,,일반쓰레기,서울특별시 마포구청,02-3153-9222,2025-11-28,3130000,서울특별시 마포구
마포대로207-1 (애오개역1번출구) 둘둘치킨앞,서울특별시,마포구,서울특별시 마포구 마포대로 207-1,,37.552723,126.956048,,일반쓰레기,서울특별시 마포구청,02-3153-9222,2025-11-28,3130000,서울특별시 마포구
마포대로233-1 (아현초교담 횡단보도앞),서울특별시,마포구,서울특별시 마포구 마포대로 233-1,서울특별시 마포구 아현동 610-1,37.5548077,126.9571319,,일반쓰레기,서울특별시 마포구청,02-3153-9222,2025-11-28,3130000,서울특별시 마포구
마포대로 버스정류장 14-008(마포경찰서)(2),서울특별시,마포구,,서울특별시 마포구 아현동 447-9,37.5508124,126.9552615,,일반쓰레기,서울특별시 마포구청,02-3153-9222,2025-11-28,3130000,서울특별시 마포구
마포대로 버스정류장 14-008(마포경찰서)(1),서울특별시,마포구,,서울특별시 마포구 아현동 447-9,37.5508124,126.9552615,,일반쓰레기,서울특별시 마포구청,02-3153-9222,2025-11-28,3130000,서울특별시 마포구
마포대로 버스정류장 14-007(마포경찰서)(2),서울특별시,마포구,,서울특별시 마포구 아현동 447-15,37.55041674,126.9552829,,일반쓰레기,서울특별시 마포구청,02-3153-9222,2025-11-28,3130000,서울특별시 마포구
마포대로 버스정류장 14-007(마포경찰서)(1),서울특별시,마포구,,서울특별시 마포구 아현동 447-15,37.55041674,126.9552829,,일반쓰레기,서울특별시 마포구청,02-3153-9222,2025-11-28,3130000,서울특별시 마포구
애오개역 3번출구,서울특별시,마포구,서울특별시 마포구 마포대로 212-1,,37.55278656,126.9565585,,일반쓰레기,서울특별시 마포구청,02-3153-9222,2025-11-28,3130000,서울특별시 마포구
애오개역 4번출구,서울특별시,마포구,서울특별시 마포구 마포대로 212-1,,37.55278656,126.9565585,,일반쓰레기,서울특별시 마포구청,02-3153-9222,2025-11-28,3130000,서울특별시 마포구
마포대로114 공덕역4번출구(기업은행앞),서울특별시,마포구,서울특별시 마포구 마포대로 114,서울특별시 마포구 공덕동 255-1,37.54480763,126.9520282,,일반쓰레기,서울특별시 마포구청,02-3153-9222,2025-11-28,3130000,서울특별시 마포구
마포대로120 공덕역4번출구(택시승강장)(2),서울특별시,마포구,,서울특별시 마포구 공덕동 254-29,37.5454877,126.952345,,재활용쓰레기,서울특별시 마포구청,02-3153-9222,2025-11-28,3130000,서울특별시 마포구
마포대로120 공덕역4번출구(택시승강장)(1),서울특별시,마포구,서울특별시 마포구 마포대로 122,서울특별시 마포구 공덕동 254-5,37.54539944,126.95256,,일반쓰레기,서울특별시 마포구청,02-3153-9222,2025-11-28,3130000,서울특별시 마포구
마포대로 버스정류장 14-004(공덕역)(2),서울특별시,마포구,,서울특별시 마포구 공덕동 237-9,37.54615674,126.9526245,,일반쓰레기,서울특별시 마포구청,02-3153-9222,2025-11-28,3130000,서울특별시 마포구
마포대로 버스정류장 14-004(공덕역)(1),서울특별시,마포구,,서울특별시 마포구 공덕동 237-9,37.54615674,126.9526245,,일반쓰레기,서울특별시 마포구청,02-3153-9222,2025-11-28,3130000,서울특별시 마포구
마포대로 버스정류장 14-003(공덕역),서울특별시,마포구,,서울특별시 마포구 공덕동 441-3,37.54367216,126.9508125,,일반쓰레기,서울특별시 마포구청,02-3153-9222,2025-11-28,3130000,서울특별시 마포구
공덕역 5번출구,서울특별시,마포구,,서울특별시 마포구 공덕동 255-10,37.54431932,126.9518728,,재활용쓰레기,서울특별시 마포구청,02-3153-9222,2025-11-28,3130000,서울특별시 마포구
공덕역 5번출구(자전거보관소 옆),서울특별시,마포구,서울특별시 마포구 만리재로 3,서울특별시 마포구 공덕동 255-9,37.54435757,126.9517759,,일반쓰레기,서울특별시 마포구청,02-3153-9222,2025-11-28,3130000,서울특별시 마포구
만리재로14 마포경찰서 교통센터앞(2),서울특별시,마포구,서울특별시 마포구 만리재로 14,서울특별시 마포구 공덕동 456,37.54399372,126.9528352,,일반쓰레기,서울특별시 마포구청,02-3153-9222,2025-11-28,3130000,서울특별시 마포구
만리재로14 마포경찰서 교통센터앞(1),서울특별시,마포구,서울특별시 마포구 만리재로 14,서울특별시 마포구 공덕동 456,37.54399372,126.9528352,,일반쓰레기,서울특별시 마포구청,02-3153-9222,2025-11-28,3130000,서울특별시 마포구
공덕역 6번출구(앞),서울특별시,마포구,,서울특별시 마포구 신공덕동 56-87,37.54297824,126.9527384,,일반쓰레기,서울특별시 마포구청,02-3153-9222,2025-11-28,3130000,서울특별시 마포구
공덕역 6번출구(뒤),서울특별시,마포구,서울특별시 마포구 백범로 199,서울특별시 마포구 신공덕동 167,37.54350072,126.9528871,,일반쓰레기,서울특별시 마포구청,02-3153-9222,2025-11-28,3130000,서울특별시 마포구
백범로 공덕오거리 버스정류장 14-149,서울특별시,마포구,서울특별시 마포구 백범로 205,서울특별시 마포구 신공덕동 172,37.5441056,126.9541301,,일반쓰레기,서울특별시 마포구청,02-3153-9222,2025-11-28,3130000,서울특별시 마포구
공덕역7번출구 (이마트앞)(2),서울특별시,마포구,,서울특별시 마포구 신공덕동 56-74,37.54302821,126.9527869,,일반쓰레기,서울특별시 마포구청,02-3153-9222,2025-11-28,3130000,서울특별시 마포구
공덕역7번출구 (이마트앞)(1),서울특별시,마포구,,서울특별시 마포구 신공덕동 56-74,37.54302821,126.9527869,,일반쓰레기,서울특별시 마포구청,02-3153-9222,2025-11-28,3130000,서울특별시 마포구
우곤1리경로당 클린하우스,충청남도,논산시,,충청남도 논산시 성동면 우곤리 1433-6,36.1938917,127.0024637,우곤1리 경로당,재활용쓰레기,충청남도 논산시청,041-746-5534,2025-11-30,4540000,충청남도 논산시
신흥2리경로당 클린하우스,충청남도,논산시,충청남도 논산시 양촌면 황산벌로933번길 15,충청남도 논산시 양촌면 신흥리 306-4,36.1650858,127.2047614,신흥2리 경로당,재활용쓰레기,충청남도 논산시청,041-746-5534,2025-11-30,4540000,충청남도 논산시
성동면사무소 클린하우스,충청남도,논산시,충청남도 논산시 성동면 성동로 275,충청남도 논산시 성동면 원남리 394-8,36.2035828,127.0335885,성동면사무소,재활용쓰레기,충청남도 논산시청,041-746-5534,2025-11-30,4540000,충청남도 논산시
연무대장어구이앞 클린하우스,충청남도,논산시,충청남도 논산시 연무읍 연무로166번길 12-4,충청남도 논산시 연무읍 안심리 14-115,36.1305177,127.0971544,연무대장어구이앞,재활용쓰레기,충청남도 논산시청,041-746-5534,2025-11-30,4540000,충청남도 논산시
조동2리경로당 클린하우스,충청남도,논산시,충청남도 논산시 벌곡면 벌곡로330번길 21,충청남도 논산시 벌곡면 조동리 435-11,36.2210051,127.2964049,조동2리 경로당,재활용쓰레기,충청남도 논산시청,041-746-5534,2025-11-30,4540000,충청남도 논산시
축내마을회관 내,전라남도,장흥군,전라남도 장흥군 장흥읍 제암산길 29,전라남도 장흥군 장흥읍 축내리 245,34.68732238,126.9217265,축내마을회관,재활용쓰레기,전라남도 장흥군청 환경관리과,061-860-6054,2025-11-13,4910000,전라남도 장흥군
상리마을회관 앞,전라남도,장흥군,전라남도 장흥군 장흥읍 제암산길 60,전라남도 장흥군 장흥읍 상리 73-4,34.68821053,126.9246883,상리마을회관,재활용쓰레기,전라남도 장흥군청 환경관리과,061-860-6054,2025-11-13,4910000,전라남도 장흥군
금산마을회관 내,전라남도,장흥군,전라남도 장흥군 장흥읍 금성1길 120,전라남도 장흥군 장흥읍 금산리 486-2,34.69870483,126.9392988,금산마을회관,재활용쓰레기,전라남도 장흥군청 환경관리과,061-860-6054,2025-11-13,4910000,전라남도 장흥군
행원1구회관 내,전라남도,장흥군,전라남도 장흥군 장흥읍 행원2길 7,전라남도 장흥군 장흥읍 행원리 401-1,34.69591623,126.9083907,행원1구회관,재활용쓰레기,전라남도 장흥군청 환경관리과,061-860-6054,2025-11-13,4910000,전라남도 장흥군
남외2구회관 내,전라남도,장흥군,전라남도 장흥군 장흥읍 신남외3길 4-4,전라남도 장흥군 장흥읍 남외리 259-57,34.66875477,126.9012099,남외2구회관,재활용쓰레기,전라남도 장흥군청 환경관리과,061-860-6054,2025-11-13,4910000,전라남도 장흥군
영전마을회관 내,전라남도,장흥군,전라남도 장흥군 장흥읍 영전1길 89,전라남도 장흥군 장흥읍 영전리 334-1,34.66628359,126.878927,영전마을회관,재활용쓰레기,전라남도 장흥군청 환경관리과,061-860-6054,2025-11-13,4910000,전라남도 장흥군
덕제2구회관 뒤,전라남도,장흥군,전라남도 장흥군 장흥읍 송산길 54-4,전라남도 장흥군 장흥읍 덕제리 238,34.65313399,126.8893262,덕제2구마을,재활용쓰레기,전라남도 장흥군청 환경관리과,061-860-6054,2025-11-13,4910000,전라남도 장흥군
해양파출소 옆 공터,전라남도,장흥군,,전라남도 장흥군 회진면 회진리 762-13,34.48062797,126.9382923,공터,재활용쓰레기,전라남도 장흥군청 환경관리과,061-860-6054,2025-11-13,4910000,전라남도 장흥군
우체국 옆 주차장,전라남도,장흥군,전라남도 장흥군 부산면 부유로 28,전라남도 장흥군 부산면 유량리 75-8,34.72280907,126.903085,공영주차장,재활용쓰레기,전라남도 장흥군청 환경관리과,061-860-6054,2025-11-13,4910000,전라남도 장흥군
유치종합복지회관 내,전라남도,장흥군,전라남도 장흥군 유치면 원등길 10,전라남도 장흥군 유치면 원등리 43,34.802681,126.8380485,유치복지회관,재활용쓰레기,전라남도 장흥군청 환경관리과,061-860-6054,2025-11-13,4910000,전라남도 장흥군
선정마을회관 내,전라남도,장흥군,전라남도 장흥군 장평면 선정2길 6,전라남도 장흥군 장평면 선정리 517-2,34.79001495,126.9647484,선정마을회관,재활용쓰레기,전라남도 장흥군청 환경관리과,061-860-6054,2025-11-13,4910000,전라남도 장흥군
장동복지회관 내,전라남도,장흥군,전라남도 장흥군 장동면 신북1길 35,전라남도 장흥군 장동면 북교리 7-1,34.74995321,126.9952904,장동복지회관,재활용쓰레기,전라남도 장흥군청 환경관리과,061-860-6054,2025-11-13,4910000,전라남도 장흥군
로하스타운 입구,전라남도,장흥군,,전라남도 장흥군 안양면 기산리 산 65-17,34.67621633,126.9561341,공터,재활용쓰레기,전라남도 장흥군청 환경관리과,061-860-6054,2025-11-13,4910000,전라남도 장흥군
기산마을 정자 옆,전라남도,장흥군,,전라남도 장흥군 안양면 기산리 803-4,34.67405536,126.9500929,공터,재활용쓰레기,전라남도 장흥군청 환경관리과,061-860-6054,2025-11-13,4910000,전라남도 장흥군
용산시장 공중화장실 뒤,전라남도,장흥군,,전라남도 장흥군 용산면 인암리 1106-8,34.61479386,126.915757,공터,재활용쓰레기,전라남도 장흥군청 환경관리과,061-860-6054,2025-11-13,4910000,전라남도 장흥군
한양아파트 내,전라남도,장흥군,전라남도 장흥군 대덕읍 도청신월로 130,전라남도 장흥군 대덕읍 도청리 491,34.49348071,126.8854671,한양아파트,재활용쓰레기,전라남도 장흥군청 환경관리과,061-860-6054,2025-11-13,4910000,전라남도 장흥군
새마을금고 뒤 주차장,전라남도,장흥군,,전라남도 장흥군 관산읍 옥당리 456-2,34.56214211,126.9378043,공영주차장,재활용쓰레기,전라남도 장흥군청 환경관리과,061-860-6054,2025-11-13,4910000,전라남도 장흥군
장원연립주택 내,전라남도,장흥군,전라남도 장흥군 장흥읍 장원길 12,전라남도 장흥군 장흥읍 동동리 187-1,34.67928179,126.897833,장원연립주택,재활용쓰레기,전라남도 장흥군청 환경관리과,061-860-6054,2025-11-13,4910000,전라남도 장흥군
건산2구회관 옆,전라남도,장흥군,,전라남도 장흥군 장흥읍 건산리 112-3,34.67971898,126.913682,건산2구회관,재활용쓰레기,전라남도 장흥군청 환경관리과,061-860-6054,2025-11-13,4910000,전라남도 장흥군
송암마을회관 옆,전라남도,장흥군,전라남도 장흥군 장흥읍 마당바위길 34-24,전라남도 장흥군 장흥읍 송암리 270,34.6601602,126.8723369,송암마을회관,재활용쓰레기,전라남도 장흥군청 환경관리과,061-860-6054,2025-11-13,4910000,전라남도 장흥군
덕제3구회관 뒤,전라남도,장흥군,전라남도 장흥군 장흥읍 대반길 33-3,전라남도 장흥군 장흥읍 덕제리 537-1,34.6457004,126.8847533,덕제3구회관,재활용쓰레기,전라남도 장흥군청 환경관리과,061-860-6054,2025-11-13,4910000,전라남도 장흥군
DK빌리지 내,전라남도,장흥군,전라남도 장흥군 장흥읍 원도관덕길 26,전라남도 장흥군 장흥읍 관덕리 215-1,34.68870171,126.9182356,DK빌리지,재활용쓰레기,전라남도 장흥군청 환경관리과,061-860-6054,2025-11-13,4910000,전라남도 장흥군
세원포레스트 내,전라남도,장흥군,전라남도 장흥군 장흥읍 장흥로 101,전라남도 장흥군 장흥읍 건산리 568,34.68643555,126.9118196,세원포레스트,재활용쓰레기,전라남도 장흥군청 환경관리과,061-860-6054,2025-11-13,4910000,전라남도 장흥군
계명아파트 내,전라남도,장흥군,전라남도 장흥군 장흥읍 장흥대로 3492,전라남도 장흥군 장흥읍 건산리 767,34.67534692,126.9059676,계명아파트,재활용쓰레기,전라남도 장흥군청 환경관리과,061-860-6054,2025-11-13,4910000,전라남도 장흥군
한빛맨션 내,전라남도,장흥군,전라남도 장흥군 장흥읍 동교1길 10-5,전라남도 장흥군 장흥읍 건산리 752,34.6763513,126.9070295,한빛맨션,재활용쓰레기,전라남도 장흥군청 환경관리과,061-860-6054,2025-11-13,4910000,전라남도 장흥군
동산빌라111동 입구,전라남도,장흥군,전라남도 장흥군 장흥읍 못골길 37-1,전라남도 장흥군 장흥읍 건산리 41-3,34.68223702,126.9149534,주차장,재활용쓰레기,전라남도 장흥군청 환경관리과,061-860-6054,2025-11-13,4910000,전라남도 장흥군
반석빌라골목 주차장,전라남도,장흥군,,전라남도 장흥군 장흥읍 건산리 435-7,34.68064,126.9129722,주차장,재활용쓰레기,전라남도 장흥군청 환경관리과,061-860-6054,2025-11-13,4910000,전라남도 장흥군
구 인신의원 뒤 공터,전라남도,장흥군,,전라남도 장흥군 장흥읍 건산리 796-7,34.68289399,126.9061124,도로,재활용쓰레기,전라남도 장흥군청 환경관리과,061-860-6054,2025-11-13,4910000,전라남도 장흥군
혁신아파트 내,전라남도,장흥군,전라남도 장흥군 대덕읍 축내2길 10,전라남도 장흥군 대덕읍 신월리 250-2,34.49740693,126.8818718,공영주차장,재활용쓰레기,전라남도 장흥군청 환경관리과,061-860-6054,2025-11-13,4910000,전라남도 장흥군
장산마을회관 내,전라남도,장흥군,전라남도 장흥군 회진면 회진로 612,전라남도 장흥군 회진면 덕산리 2136-10,34.47750824,126.9542629,장산마을회관,재활용쓰레기,전라남도 장흥군청 환경관리과,061-860-6054,2025-11-13,4910000,전라남도 장흥군
안곡마을 정류소 옆,전라남도,장흥군,,전라남도 장흥군 부산면 내안리 938-1,34.70725949,126.8915428,공터,재활용쓰레기,전라남도 장흥군청 환경관리과,061-860-6054,2025-11-13,4910000,전라남도 장흥군
대천마을 내,전라남도,장흥군,,전라남도 장흥군 유치면 대천리 557-1,34.84268448,126.8763152,공터,재활용쓰레기,전라남도 장흥군청 환경관리과,061-860-6054,2025-11-13,4910000,전라남도 장흥군
청용마을회관 내,전라남도,장흥군,전라남도 장흥군 장평면 청용2길 38,전라남도 장흥군 장평면 청용리 331-1,34.80475129,126.9451192,청용마을회관,재활용쓰레기,전라남도 장흥군청 환경관리과,061-860-6054,2025-11-13,4910000,전라남도 장흥군
양곡마을회관 내,전라남도,장흥군,,전라남도 장흥군 장동면 조양리 433,34.77096201,126.9894755,공터,재활용쓰레기,전라남도 장흥군청 환경관리과,061-860-6054,2025-11-13,4910000,전라남도 장흥군
고당마을회관 내,전라남도,장흥군,,전라남도 장흥군 안양면 당암리 454-1,34.66137568,126.9678947,고당마을회관,재활용쓰레기,전라남도 장흥군청 환경관리과,061-860-6054,2025-11-13,4910000,전라남도 장흥군
금곡마을회관 내,전라남도,장흥군,전라남도 장흥군 용산면 금곡길 11-9,전라남도 장흥군 용산면 금곡리 242-1,34.62058335,126.9368671,금곡마을회관,재활용쓰레기,전라남도 장흥군청 환경관리과,061-860-6054,2025-11-13,4910000,전라남도 장흥군
가학마을 내,전라남도,장흥군,,전라남도 장흥군 대덕읍 가학리 333-3,34.4797291,126.9046982,공터,재활용쓰레기,전라남도 장흥군청 환경관리과,061-860-6054,2025-11-13,4910000,전라남도 장흥군
옥당3구마을 내,전라남도,장흥군,,전라남도 장흥군 관산읍 옥당리 1001,34.56654864,126.9306747,공터,재활용쓰레기,전라남도 장흥군청 환경관리과,061-860-6054,2025-11-13,4910000,전라남도 장흥군
원도1구마을회관 앞,전라남도,장흥군,,전라남도 장흥군 장흥읍 원도리 315,34.68524555,126.9118631,원도1구마을,재활용쓰레기,전라남도 장흥군청 환경관리과,061-860-6054,2025-11-13,4910000,전라남도 장흥군
중부지구대 앞 주차장,전라남도,장흥군,,전라남도 장흥군 장흥읍 원도리 308-5,34.68145292,126.9090171,공영주차장,재활용쓰레기,전라남도 장흥군청 환경관리과,061-860-6054,2025-11-13,4910000,전라남도 장흥군
KT&G 옆 공터,전라남도,장흥군,,전라남도 장흥군 장흥읍 예양리 산 10-3,34.67499149,126.9003447,공터,재활용쓰레기,전라남도 장흥군청 환경관리과,061-860-6054,2025-11-13,4910000,전라남도 장흥군
예양2길 공영주차장 내,전라남도,장흥군,,전라남도 장흥군 장흥읍 예양리 88,34.67612813,126.9006662,공영주차장,재활용쓰레기,전라남도 장흥군청 환경관리과,061-860-6054,2025-11-13,4910000,전라남도 장흥군
기양리주차장 내,전라남도,장흥군,,전라남도 장흥군 장흥읍 기양리 53,34.67983289,126.9022952,공영주차장,재활용쓰레기,전라남도 장흥군청 환경관리과,061-860-6054,2025-11-13,4910000,전라남도 장흥군
삭금마을창고 앞,전라남도,장흥군,,전라남도 장흥군 회진면 진목리 195-42,34.44967504,126.9269511,도로,재활용쓰레기,전라남도 장흥군청 환경관리과,061-860-6054,2025-11-13,4910000,전라남도 장흥군
덕흥마을 내 공터,전라남도,장흥군,,전라남도 장흥군 회진면 회진리 1878-4,34.48924705,126.9337009,공터,재활용쓰레기,전라남도 장흥군청 환경관리과,061-860-6054,2025-11-13,4910000,전라남도 장흥군
용반마을 주차장,전라남도,장흥군,,전라남도 장흥군 부산면 용반리 277-1,34.74726647,126.9027256,공영주차장,재활용쓰레기,전라남도 장흥군청 환경관리과,061-860-6054,2025-11-13,4910000,전라남도 장흥군
용두마을회관 내,전라남도,장흥군,,전라남도 장흥군 부산면 구룡리 300,34.71816482,126.8977667,용두마을회관,재활용쓰레기,전라남도 장흥군청 환경관리과,061-860-6054,2025-11-13,4910000,전라남도 장흥군
내동마을 내 공터,전라남도,장흥군,,전라남도 장흥군 부산면 내안리 653-1,34.70578793,126.8855547,공터,재활용쓰레기,전라남도 장흥군청 환경관리과,061-860-6054,2025-11-13,4910000,전라남도 장흥군
반월마을회관 내,전라남도,장흥군,전라남도 장흥군 유치면 장흥대로 5609,전라남도 장흥군 유치면 반월리 518-3,34.80449376,126.8061786,반월마을회관,재활용쓰레기,전라남도 장흥군청 환경관리과,061-860-6054,2025-11-13,4910000,전라남도 장흥군
우산마을 앞 주차장,전라남도,장흥군,,전라남도 장흥군 장평면 우산리 580-1,34.81359745,126.9220862,공영주차장,재활용쓰레기,전라남도 장흥군청 환경관리과,061-860-6054,2025-11-13,4910000,전라남도 장흥군
임마누엘동산교회 내,전라남도,장흥군,전라남도 장흥군 장동면 월곡길 285,전라남도 장흥군 장동면 용곡리 산 119-6,34.71366499,126.9584713,공터,재활용쓰레기,전라남도 장흥군청 환경관리과,061-860-6054,2025-11-13,4910000,전라남도 장흥군
농업기술센터 내,전라남도,장흥군,전라남도 장흥군 장흥읍 장흥대로 3747,전라남도 장흥군 장흥읍 행원리 1271,34.6974146,126.9005019,농업기술센터,재활용쓰레기,전라남도 장흥군청 환경관리과,061-860-6054,2025-11-13,4910000,전라남도 장흥군
지천마을 정류소 뒤,전라남도,장흥군,전라남도 장흥군 안양면 지천3길 4,전라남도 장흥군 안양면 지천리 407-1,34.63063395,126.9667607,공터,재활용쓰레기,전라남도 장흥군청 환경관리과,061-860-6054,2025-11-13,4910000,전라남도 장흥군
신흥마을회관 내,전라남도,장흥군,전라남도 장흥군 대덕읍 장흥대로 856,전라남도 장흥군 대덕읍 연지리 246-6,34.50274697,126.9120029,신흥마을회관,재활용쓰레기,전라남도 장흥군청 환경관리과,061-860-6054,2025-11-13,4910000,전라남도 장흥군
연평마을회관 내,전라남도,장흥군,전라남도 장흥군 대덕읍 연평길 29,전라남도 장흥군 대덕읍 연정리 145,34.50113922,126.8936383,연평마을회관,재활용쓰레기,전라남도 장흥군청 환경관리과,061-860-6054,2025-11-13,4910000,전라남도 장흥군
지북마을회관 앞,전라남도,장흥군,,전라남도 장흥군 관산읍 지정리 260-9,34.55572015,126.9580729,공터,재활용쓰레기,전라남도 장흥군청 환경관리과,061-860-6054,2025-11-13,4910000,전라남도 장흥군
버스정류장,광주광역시,광산구,광주광역시 광산구 동곡로 155,,35.09737371,126.7739134,,일반쓰레기,광주광역시 광산구청,062-960-8473,2025-12-22,3630000,광주광역시 광산구
버스정류장,광주광역시,광산구,,광주광역시 광산구 유계동 237-2,35.10168773,126.7783326,,일반쓰레기,광주광역시 광산구청,062-960-8473,2025-12-22,3630000,광주광역시 광산구
버스정류장,광주광역시,광산구,,광주광역시 광산구 복룡동 369-34,35.1073257,126.7786699,,일반쓰레기,광주광역시 광산구청,062-960-8473,2025-12-22,3630000,광주광역시 광산구
버스정류장,광주광역시,광산구,,광주광역시 광산구 복룡동 367-34,35.11067637,126.7792337,,일반쓰레기,광주광역시 광산구청,062-960-8473,2025-12-22,3630000,광주광역시 광산구
버스정류장,광주광역시,광산구,,광주광역시 광산구 복룡동 743-23,35.11790709,126.7804368,,일반쓰레기,광주광역시 광산구청,062-960-8473,2025-12-22,3630000,광주광역시 광산구
비아 중흥아파트 버스정류장,광주광역시,광산구,광주광역시 광산구 비아로62번길 12,,35.21987458,126.8194148,,일반쓰레기,광주광역시 광산구청,062-960-8473,2025-12-22,3630000,광주광역시 광산구
첨단 그린타운 1차 정문 부근,광주광역시,광산구,광주광역시 광산구 산월로 81,,35.21003947,126.8458685,,일반쓰레기,광주광역시 광산구청,062-960-8473,2025-12-22,3630000,광주광역시 광산구
남부대학교 정문 맞은편 버스정류장,광주광역시,광산구,,광주광역시 광산구 산월동 886-7,35.20674431,126.8430584,,일반쓰레기,광주광역시 광산구청,062-960-8473,2025-12-22,3630000,광주광역시 광산구
첨단3-5차호반리젠시빌 정문 버스정류장 부근,광주광역시,광산구,광주광역시 광산구 첨단중앙로68번길 99,,35.21248237,126.8487728,,일반쓰레기,광주광역시 광산구청,062-960-8473,2025-12-22,3630000,광주광역시 광산구
첨단 오션스파 앞 도로변,광주광역시,광산구,광주광역시 광산구 월계로 203,,35.2138558,126.8478006,,일반쓰레기,광주광역시 광산구청,062-960-8473,2025-12-22,3630000,광주광역시 광산구
남부대후문 버스정류장,광주광역시,광산구,광주광역시 광산구 산월로 27-1,,35.2089921,126.8403753,,일반쓰레기,광주광역시 광산구청,062-960-8473,2025-12-22,3630000,광주광역시 광산구
첨단 LC타워 앞 버스정류장,광주광역시,광산구,광주광역시 광산구 첨단중앙로 102,,35.21429806,126.8433285,,일반쓰레기,광주광역시 광산구청,062-960-8473,2025-12-22,3630000,광주광역시 광산구
월계초 사거리 파리바게트 맞은편 횡단보도 부근,광주광역시,광산구,광주광역시 광산구 첨단내촌로 74,,35.2131716,126.836408,,일반쓰레기,광주광역시 광산구청,062-960-8473,2025-12-22,3630000,광주광역시 광산구
삼거리 모서리,광주광역시,광산구,,광주광역시 광산구 쌍암동 666-11,35.21986262,126.8442883,,일반쓰레기,광주광역시 광산구청,062-960-8473,2025-12-22,3630000,광주광역시 광산구
첨단도서관 앞 버스정류장,광주광역시,광산구,광주광역시 광산구 임방울대로 673-12,,35.21689594,126.8320336,,일반쓰레기,광주광역시 광산구청,062-960-8473,2025-12-22,3630000,광주광역시 광산구
맞은편 (첨단라인1차 방면) 사거리 횡단보도,광주광역시,광산구,,광주광역시 광산구 월계동 758-12,35.21812509,126.8387557,,일반쓰레기,광주광역시 광산구청,062-960-8473,2025-12-22,3630000,광주광역시 광산구
사거리 횡단보도,광주광역시,광산구,,광주광역시 광산구 월계동 758-12,35.21812509,126.8387557,,일반쓰레기,광주광역시 광산구청,062-960-8473,2025-12-22,3630000,광주광역시 광산구
첨단초등학교 사거리,광주광역시,광산구,광주광역시 광산구 임방울대로 727-20,,35.21986405,126.8378944,,일반쓰레기,광주광역시 광산구청,062-960-8473,2025-12-22,3630000,광주광역시 광산구
제일제당 버스정류장,부산광역시,사하구,부산광역시 사하구 다대로 210,부산광역시 사하구 장림동 1037,35.08376384,128.975571,,일반쓰레기,부산광역시 사하구청,051-220-4434,2025-11-11,3340000,부산광역시 사하구
장림유수지 데크 휴식공간,부산광역시,사하구,,부산광역시 사하구 장림동 1149,35.08129723,128.9589704,,일반쓰레기,부산광역시 사하구청,051-220-4434,2025-11-11,3340000,부산광역시 사하구
을숙도초등학교 게시판 옆,부산광역시,사하구,부산광역시 사하구 낙동대로 581,부산광역시 사하구 하단동 1217-2,35.11547085,128.9613273,,일반쓰레기,부산광역시 사하구청,051-220-4434,2025-11-11,3340000,부산광역시 사하구
하단 버스승강장 (아트몰링 버스전용차선),부산광역시,사하구,부산광역시 사하구 낙동남로 1413,부산광역시 사하구 하단동 526-6,35.10668081,128.9663681,,일반쓰레기,부산광역시 사하구청,051-220-4434,2025-11-11,3340000,부산광역시 사하구
감천문화마을 입구,부산광역시,사하구,부산광역시 사하구 옥천로 125,부산광역시 사하구 감천동 10,35.09733631,129.0103738,,일반쓰레기,부산광역시 사하구청,051-220-4434,2025-11-11,3340000,부산광역시 사하구
감천문화마을 보다봄 앞,부산광역시,사하구,부산광역시 사하구 감내2로 137,부산광역시 사하구 감천동 6-994,35.09816032,129.0086035,,일반쓰레기,부산광역시 사하구청,051-220-4434,2025-11-11,3340000,부산광역시 사하구
감천삼거리 마을버스 정류장 옆,부산광역시,사하구,부산광역시 사하구 옥천로 73,부산광역시 사하구 감천동 16-65,35.09314392,129.0090047,,일반쓰레기,부산광역시 사하구청,051-220-4434,2025-11-11,3340000,부산광역시 사하구
감내1로 175 뒤 소공원 내,부산광역시,사하구,부산광역시 사하구 감내1로 175,부산광역시 사하구 감천동 6-1604,35.09556525,129.0090025,,일반쓰레기,부산광역시 사하구청,051-220-4434,2025-11-11,3340000,부산광역시 사하구
천덕수 우물 앞,부산광역시,사하구,부산광역시 사하구 감천로 47,부산광역시 사하구 감천동 648-11,35.09097192,128.997881,,일반쓰레기,부산광역시 사하구청,051-220-4434,2025-11-11,3340000,부산광역시 사하구
남성한빛가든 버스정류장,부산광역시,사하구,부산광역시 사하구 감천로 174,부산광역시 사하구 감천동 178-2,35.08410327,129.0087222,,일반쓰레기,부산광역시 사하구청,051-220-4434,2025-11-11,3340000,부산광역시 사하구
묵촌마을회관 내,전라남도,장흥군,전라남도 장흥군 용산면 묵촌길 41-12,전라남도 장흥군 용산면 접정리 134-1,34.60664906,126.9155443,묵촌마을회관,재활용쓰레기,전라남도 장흥군청 환경관리과,061-860-6054,2025-11-13,4910000,전라남도 장흥군
장전마을회관 내,전라남도,장흥군,전라남도 장흥군 용산면 장전길 10,전라남도 장흥군 용산면 인암리 39-1,34.6278786,126.9276062,장전마을회관,재활용쓰레기,전라남도 장흥군청 환경관리과,061-860-6054,2025-11-13,4910000,전라남도 장흥군
맞은편 버스정류장(임방울대로),광주광역시,광산구,,광주광역시 광산구 월계동 758-10,35.21854666,126.8416999,,일반쓰레기,광주광역시 광산구청,062-960-8473,2025-12-22,3630000,광주광역시 광산구
버스정류장(임방울대로),광주광역시,광산구,,광주광역시 광산구 월계동 758-10,35.21854666,126.8416999,,일반쓰레기,광주광역시 광산구청,062-960-8473,2025-12-22,3630000,광주광역시 광산구
버스정류장,광주광역시,광산구,광주광역시 광산구 첨단중앙로 150,,35.21855063,126.8423501,,일반쓰레기,광주광역시 광산구청,062-960-8473,2025-12-22,3630000,광주광역시 광산구
대로변 버스정류장,광주광역시,광산구,광주광역시 광산구 임방울대로 779,,35.21822675,126.8436519,,일반쓰레기,광주광역시 광산구청,062-960-8473,2025-12-22,3630000,광주광역시 광산구
첨단1동행정복지센터 맞은편 버스정류장,광주광역시,광산구,광주광역시 광산구 첨단중앙로 160,,35.21952708,126.8423636,,일반쓰레기,광주광역시 광산구청,062-960-8473,2025-12-22,3630000,광주광역시 광산구
첨단동부아파트 앞 버스정류장,광주광역시,광산구,,광주광역시 광산구 월계동 757-10,35.22210098,126.8407189,,일반쓰레기,광주광역시 광산구청,062-960-8473,2025-12-22,3630000,광주광역시 광산구
맞은편 (쌍암공원 방면) 사거리 현수막 게시대 옆,광주광역시,광산구,광주광역시 광산구 첨단중앙로182번길 8,,35.22138372,126.8422588,,일반쓰레기,광주광역시 광산구청,062-960-8473,2025-12-22,3630000,광주광역시 광산구
첨단롯데슈퍼 앞 사거리 횡단보도 부근,광주광역시,광산구,광주광역시 광산구 첨단중앙로182번길 8,,35.22138372,126.8422588,,일반쓰레기,광주광역시 광산구청,062-960-8473,2025-12-22,3630000,광주광역시 광산구
수완 농수산물유통센터 맞은편 사거리,광주광역시,광산구,광주광역시 광산구 임방울대로 261,,35.185028,126.8186595,,일반쓰레기,광주광역시 광산구청,062-960-8473,2025-12-22,3630000,광주광역시 광산구
수완 농수산물유통센터 앞 사거리,광주광역시,광산구,광주광역시 광산구 임방울대로 261,,35.185028,126.8186595,,일반쓰레기,광주광역시 광산구청,062-960-8473,2025-12-22,3630000,광주광역시 광산구
베스킨 앞 사거리,광주광역시,광산구,광주광역시 광산구 장신로 120,,35.19044338,126.8232656,,일반쓰레기,광주광역시 광산구청,062-960-8473,2025-12-22,3630000,광주광역시 광산구
수완지구대 앞 사거리,광주광역시,광산구,광주광역시 광산구 수완로 63,,35.19093029,126.8284667,,일반쓰레기,광주광역시 광산구청,062-960-8473,2025-12-22,3630000,광주광역시 광산구
수완롯데아울렛 사거리 횡단보도 부근,광주광역시,광산구,광주광역시 광산구 장신로 82,,35.19044454,126.8187432,,일반쓰레기,광주광역시 광산구청,062-960-8473,2025-12-22,3630000,광주광역시 광산구
대로변 은빛마을 버스정류장,광주광역시,광산구,광주광역시 광산구 장신로 189,,35.19104995,126.8308757,,일반쓰레기,광주광역시 광산구청,062-960-8473,2025-12-22,3630000,광주광역시 광산구
공원 앞 횡단보도 부근,광주광역시,광산구,,광주광역시 광산구 신가동 981-1,35.18764438,126.8367679,,일반쓰레기,광주광역시 광산구청,062-960-8473,2025-12-22,3630000,광주광역시 광산구
신창중 버스정류장,광주광역시,광산구,,광주광역시 광산구 신창동 1235,35.19392158,126.8378283,,일반쓰레기,광주광역시 광산구청,062-960-8473,2025-12-22,3630000,광주광역시 광산구
수문초등학교 버스정류장,광주광역시,광산구,,광주광역시 광산구 신창동 1260,35.19412554,126.8374723,,일반쓰레기,광주광역시 광산구청,062-960-8473,2025-12-22,3630000,광주광역시 광산구
버스정류장,광주광역시,광산구,,광주광역시 광산구 신창동 1108-2,35.1861961,126.8374212,,일반쓰레기,광주광역시 광산구청,062-960-8473,2025-12-22,3630000,광주광역시 광산구
버스정류장,광주광역시,광산구,광주광역시 광산구 수등로243번길 28-24,,35.18622556,126.8367315,,일반쓰레기,광주광역시 광산구청,062-960-8473,2025-12-22,3630000,광주광역시 광산구
비아신협 앞 버스정류장,광주광역시,광산구,광주광역시 광산구 수등로 245,,35.18532509,126.8358506,,일반쓰레기,광주광역시 광산구청,062-960-8473,2025-12-22,3630000,광주광역시 광산구
맞은편 버스정류장,광주광역시,광산구,광주광역시 광산구 신창로 44,,35.18915,126.8372627,,일반쓰레기,광주광역시 광산구청,062-960-8473,2025-12-22,3630000,광주광역시 광산구
버스정류장,광주광역시,광산구,광주광역시 광산구 신창로 44,,35.18915,126.8372627,,일반쓰레기,광주광역시 광산구청,062-960-8473,2025-12-22,3630000,광주광역시 광산구
버스정류장,광주광역시,광산구,,광주광역시 광산구 신창동 1185-3,35.19236233,126.8433554,,일반쓰레기,광주광역시 광산구청,062-960-8473,2025-12-22,3630000,광주광역시 광산구
버스정류장,광주광역시,광산구,광주광역시 광산구 목련로 349,,35.18022786,126.8310256,,일반쓰레기,광주광역시 광산구청,062-960-8473,2025-12-22,3630000,광주광역시 광산구
버스정류장,광주광역시,광산구,,광주광역시 광산구 신가동 963-5,35.18461712,126.8320931,,일반쓰레기,광주광역시 광산구청,062-960-8473,2025-12-22,3630000,광주광역시 광산구
버스정류장,광주광역시,광산구,광주광역시 광산구 목련로394번길 9-11,,35.18426804,126.832928,,일반쓰레기,광주광역시 광산구청,062-960-8473,2025-12-22,3630000,광주광역시 광산구
운남주공1단지 버스정류장,광주광역시,광산구,,광주광역시 광산구 운남동 776-2,35.17871572,126.82743,,일반쓰레기,광주광역시 광산구청,062-960-8473,2025-12-22,3630000,광주광역시 광산구
하남대로 맞은편 아름마을휴먼시아3단지 부근 버스정류장,광주광역시,광산구,,광주광역시 광산구 운남동 771-2,35.17900721,126.822252,,일반쓰레기,광주광역시 광산구청,062-960-8473,2025-12-22,3630000,광주광역시 광산구
운남주공5단지 버스정류장,광주광역시,광산구,,광주광역시 광산구 운남동 769-3,35.17917776,126.8194328,,일반쓰레기,광주광역시 광산구청,062-960-8473,2025-12-22,3630000,광주광역시 광산구
운남주공6단지 버스정류장,광주광역시,광산구,,광주광역시 광산구 운남동 782-3,35.17939357,126.8157783,,일반쓰레기,광주광역시 광산구청,062-960-8473,2025-12-22,3630000,광주광역시 광산구
버스정류장,광주광역시,광산구,광주광역시 광산구 임방울대로 148,,35.1744507,126.8179442,,일반쓰레기,광주광역시 광산구청,062-960-8473,2025-12-22,3630000,광주광역시 광산구
버스정류장,광주광역시,광산구,광주광역시 광산구 하남대로 125,,35.18031301,126.8071045,,일반쓰레기,광주광역시 광산구청,062-960-8473,2025-12-22,3630000,광주광역시 광산구
도로변,광주광역시,광산구,,광주광역시 광산구 산정동 1011,35.17539587,126.797686,,일반쓰레기,광주광역시 광산구청,062-960-8473,2025-12-22,3630000,광주광역시 광산구
사거리,광주광역시,광산구,광주광역시 광산구 손재로110번길 21,,35.17609338,126.7980729,,일반쓰레기,광주광역시 광산구청,062-960-8473,2025-12-22,3630000,광주광역시 광산구
월곡시장 버스정류장,광주광역시,광산구,광주광역시 광산구 사암로 303,,35.1714314,126.8090289,,일반쓰레기,광주광역시 광산구청,062-960-8473,2025-12-22,3630000,광주광역시 광산구
월곡시장 버스정류장,광주광역시,광산구,광주광역시 광산구 사암로 300,,35.17129717,126.8096478,,일반쓰레기,광주광역시 광산구청,062-960-8473,2025-12-22,3630000,광주광역시 광산구
월곡지구대 앞,광주광역시,광산구,광주광역시 광산구 사암로 274,,35.16878612,126.8092135,,일반쓰레기,광주광역시 광산구청,062-960-8473,2025-12-22,3630000,광주광역시 광산구
버스정류장,광주광역시,광산구,광주광역시 광산구 사암로 266,,35.16797366,126.8091751,,일반쓰레기,광주광역시 광산구청,062-960-8473,2025-12-22,3630000,광주광역시 광산구
일신아파트(어등초교 방면) 버스정류장,광주광역시,광산구,광주광역시 광산구 사암로 251,,35.16734483,126.8082321,,일반쓰레기,광주광역시 광산구청,062-960-8473,2025-12-22,3630000,광주광역시 광산구
롯데리아 앞 횡단보도 부근,광주광역시,광산구,광주광역시 광산구 사암로 251,,35.16734483,126.8082321,,일반쓰레기,광주광역시 광산구청,062-960-8473,2025-12-22,3630000,광주광역시 광산구
LG베스트샵 사거리 모서리,광주광역시,광산구,,광주광역시 광산구 월곡동 315-26,35.17273721,126.809394,,일반쓰레기,광주광역시 광산구청,062-960-8473,2025-12-22,3630000,광주광역시 광산구
맞은편 버스정류장,광주광역시,광산구,광주광역시 광산구 사암로 343,,35.17513465,126.8083628,,일반쓰레기,광주광역시 광산구청,062-960-8473,2025-12-22,3630000,광주광역시 광산구
버스정류장,광주광역시,광산구,광주광역시 광산구 사암로 349,,35.1755469,126.8083441,,일반쓰레기,광주광역시 광산구청,062-960-8473,2025-12-22,3630000,광주광역시 광산구
흑석사거리(동) 버스정류장,광주광역시,광산구,광주광역시 광산구 하남대로 146,,35.17977495,126.8095302,,일반쓰레기,광주광역시 광산구청,062-960-8473,2025-12-22,3630000,광주광역시 광산구
횡단보도 부근,광주광역시,광산구,광주광역시 광산구 월곡중앙로 60-1,,35.17176858,126.8113758,,일반쓰레기,광주광역시 광산구청,062-960-8473,2025-12-22,3630000,광주광역시 광산구
우산시영2단지(서) 버스정류장,광주광역시,광산구,광주광역시 광산구 우산로 17,,35.15982377,126.8041467,,일반쓰레기,광주광역시 광산구청,062-960-8473,2025-12-22,3630000,광주광역시 광산구
광주여대 버스정류장(우산동 방면),광주광역시,광산구,광주광역시 광산구 용아로 251,,35.16588819,126.8012667,,일반쓰레기,광주광역시 광산구청,062-960-8473,2025-12-22,3630000,광주광역시 광산구
광주여대 버스정류장(하남중 방면),광주광역시,광산구,광주광역시 광산구 월곡산정로 12,,35.16631715,126.8038702,,일반쓰레기,광주광역시 광산구청,062-960-8473,2025-12-22,3630000,광주광역시 광산구
어등초교 버스정류장,광주광역시,광산구,광주광역시 광산구 월곡산정로 80,,35.16577515,126.8111785,,일반쓰레기,광주광역시 광산구청,062-960-8473,2025-12-22,3630000,광주광역시 광산구
상무축산 앞 버스정류장,광주광역시,광산구,광주광역시 광산구 우산로 89,,35.15661731,126.8099416,,일반쓰레기,광주광역시 광산구청,062-960-8473,2025-12-22,3630000,광주광역시 광산구
우산동중흥S클래스 버스정류장,광주광역시,광산구,광주광역시 광산구 금봉로 106,,35.1510226,126.8126175,,일반쓰레기,광주광역시 광산구청,062-960-8473,2025-12-22,3630000,광주광역시 광산구
우산동중흥S클래스 버스정류장,광주광역시,광산구,광주광역시 광산구 금봉로 101-1,,35.1521505,126.8098018,,일반쓰레기,광주광역시 광산구청,062-960-8473,2025-12-22,3630000,광주광역시 광산구
버스정류장,광주광역시,광산구,,광주광역시 광산구 신촌동 978-8,35.1465121,126.8075708,,일반쓰레기,광주광역시 광산구청,062-960-8473,2025-12-22,3630000,광주광역시 광산구
금호타이어 버스정류장,광주광역시,광산구,광주광역시 광산구 어등대로 661,,35.14493246,126.7905884,,일반쓰레기,광주광역시 광산구청,062-960-8473,2025-12-22,3630000,광주광역시 광산구
금호타이어 앞 버스정류장,광주광역시,광산구,광주광역시 광산구 어등대로 658,,35.14244615,126.7913219,,일반쓰레기,광주광역시 광산구청,062-960-8473,2025-12-22,3630000,광주광역시 광산구
도산역 버스정류장,광주광역시,광산구,광주광역시 광산구 상무대로 125-99,,35.1313677,126.7872758,,일반쓰레기,광주광역시 광산구청,062-960-8473,2025-12-22,3630000,광주광역시 광산구
횡단보도 부근,광주광역시,광산구,,광주광역시 광산구 송정동 949-77,35.1344844,126.7893032,,일반쓰레기,광주광역시 광산구청,062-960-8473,2025-12-22,3630000,광주광역시 광산구
광주송정역 맞은편 택시승강장,광주광역시,광산구,광주광역시 광산구 상무대로 190,,35.13666213,126.7913266,,일반쓰레기,광주광역시 광산구청,062-960-8473,2025-12-22,3630000,광주광역시 광산구
광주송정역 버스정류장,광주광역시,광산구,광주광역시 광산구 상무대로 214,,35.138236,126.7923269,,일반쓰레기,광주광역시 광산구청,062-960-8473,2025-12-22,3630000,광주광역시 광산구
광주송정역 버스정류장,광주광역시,광산구,광주광역시 광산구 상무대로 211,,35.13827647,126.7916942,,일반쓰레기,광주광역시 광산구청,062-960-8473,2025-12-22,3630000,광주광역시 광산구
송정5일시장 주차장 입구 버스정류장,광주광역시,광산구,,광주광역시 광산구 송정동 887-12,35.13591945,126.797431,,일반쓰레기,광주광역시 광산구청,062-960-8473,2025-12-22,3630000,광주광역시 광산구
송정KT빌딩 앞 버스정류장,광주광역시,광산구,광주광역시 광산구 상무대로 268,,35.14153854,126.7956927,,일반쓰레기,광주광역시 광산구청,062-960-8473,2025-12-22,3630000,광주광역시 광산구
공항역 버스정류장,광주광역시,광산구,광주광역시 광산구 상무대로 404,,35.14392764,126.8101871,,일반쓰레기,광주광역시 광산구청,062-960-8473,2025-12-22,3630000,광주광역시 광산구
순환도로방음벽 옆 우측,서울특별시,구로구,,서울특별시 구로구 구로동 693-2,37.48988183,26.875474,,일반쓰레기,서울특별시 구로구청 청소행정과,02-860-2918,2024-12-26,3160000,서울특별시 구로구
태릉입구역 7번출구 버스정류장,서울특별시,노원구,서울특별시 노원구 화랑로 440-2,,37.61768123,127.076266,,일반쓰레기,서울특별시 노원구청,,2025-03-26,3100000,서울특별시 노원구
도로변(개봉로19길 43),서울특별시,구로구,서울특별시 구로구 개봉로19길 43,서울특별시 구로구 개봉동 302-21,37.49360219,126.8555586,,일반쓰레기,서울특별시 구로구청 청소행정과,02-860-2918,2024-12-26,3160000,서울특별시 구로구
도로변(개봉로 71),서울특별시,구로구,서울특별시 구로구 개봉로 71,서울특별시 구로구 개봉동 403-206,37.49209383,126.8555745,,일반쓰레기,서울특별시 구로구청 청소행정과,02-860-2918,2024-12-26,3160000,서울특별시 구로구
도로변(개봉로 63),서울특별시,구로구,서울특별시 구로구 개봉로 63,서울특별시 구로구 개봉동 403-53,37.49138218,126.8556895,,일반쓰레기,서울특별시 구로구청 청소행정과,02-860-2918,2024-12-26,3160000,서울특별시 구로구
개봉푸르지오 정문,서울특별시,구로구,서울특별시 구로구 남부순환로 775,서울특별시 구로구 개봉동 492,37.50156787,126.8471623,,일반쓰레기,서울특별시 구로구청 청소행정과,02-860-2918,2024-12-26,3160000,서울특별시 구로구
대림프라자,서울특별시,구로구,서울특별시 구로구 경인로 319,서울특별시 구로구 개봉동 156-5,37.49759938,126.8556011,,일반쓰레기,서울특별시 구로구청 청소행정과,02-860-2918,2024-12-26,3160000,서울특별시 구로구
도로변(경인로33길 25),서울특별시,구로구,서울특별시 구로구 경인로33길 25,서울특별시 구로구 개봉동 139-61,37.49905708,126.8517194,,일반쓰레기,서울특별시 구로구청 청소행정과,02-860-2918,2024-12-26,3160000,서울특별시 구로구
버스정류장(17312),서울특별시,구로구,서울특별시 구로구 고척로 102,서울특별시 구로구 개봉동 66-32,37.50103924,126.8454965,,일반쓰레기,서울특별시 구로구청 청소행정과,02-860-2918,2024-12-26,3160000,서울특별시 구로구
거성푸르뫼 아파트,서울특별시,구로구,서울특별시 구로구 고척로 85,서울특별시 구로구 개봉동 60-101,37.50107408,126.8438229,,일반쓰레기,서울특별시 구로구청 청소행정과,02-860-2918,2024-12-26,3160000,서울특별시 구로구
도로변(고척로 101),서울특별시,구로구,서울특별시 구로구 고척로 101,서울특별시 구로구 개봉동 63-35,37.50127895,126.8452527,,일반쓰레기,서울특별시 구로구청 청소행정과,02-860-2918,2024-12-26,3160000,서울특별시 구로구
진성요양센터,서울특별시,구로구,서울특별시 구로구 경인로 281,서울특별시 구로구 개봉동 139-200,37.49849715,126.851827,,일반쓰레기,서울특별시 구로구청 청소행정과,02-860-2918,2024-12-26,3160000,서울특별시 구로구
농협 앞,서울특별시,구로구,서울특별시 구로구 경인로 313,서울특별시 구로구 개봉동 146-24,37.49749954,126.8551588,,일반쓰레기,서울특별시 구로구청 청소행정과,02-860-2918,2024-12-26,3160000,서울특별시 구로구
개봉1동사거리,서울특별시,구로구,서울특별시 구로구 남부순환로 775,서울특별시 구로구 개봉동 492,37.50156787,126.8471623,,일반쓰레기,서울특별시 구로구청 청소행정과,02-860-2918,2024-12-26,3160000,서울특별시 구로구
도로변(경인로33길 51),서울특별시,구로구,서울특별시 구로구 경인로33길 51,서울특별시 구로구 개봉동 134-8,37.50024126,126.8511388,,일반쓰레기,서울특별시 구로구청 청소행정과,02-860-2918,2024-12-26,3160000,서울특별시 구로구
개봉역 버스정류소,서울특별시,구로구,서울특별시 구로구 개봉로23가길 30,서울특별시 구로구 개봉동 416-146,37.49506475,126.8580465,,일반쓰레기,서울특별시 구로구청 청소행정과,02-860-2918,2024-12-26,3160000,서울특별시 구로구
횡단보도 앞(디지털로27길 135)(2),서울특별시,구로구,서울특별시 구로구 디지털로27길 135,서울특별시 구로구 가리봉동 89-99,37.48484996,126.8865766,,일반쓰레기,서울특별시 구로구청 청소행정과,02-860-2918,2024-12-26,3160000,서울특별시 구로구
횡단보도 앞(디지털로27길 135)(1),서울특별시,구로구,서울특별시 구로구 디지털로27길 135,서울특별시 구로구 가리봉동 89-99,37.48484996,126.8865766,,일반쓰레기,서울특별시 구로구청 청소행정과,02-860-2918,2024-12-26,3160000,서울특별시 구로구
도로변(디지털로 231),서울특별시,구로구,서울특별시 구로구 디지털로 231,서울특별시 구로구 가리봉동 131-11,37.48076327,126.891283,,일반쓰레기,서울특별시 구로구청 청소행정과,02-860-2918,2024-12-26,3160000,서울특별시 구로구
크림슨빌딩 앞,서울특별시,구로구,서울특별시 구로구 디지털로 226,서울특별시 구로구 가리봉동 134-114,37.48009519,126.8911068,,일반쓰레기,서울특별시 구로구청 청소행정과,02-860-2918,2024-12-26,3160000,서울특별시 구로구
횡단보도 앞(가리봉동 121-44)(2),서울특별시,구로구,서울특별시 구로구 남부순환로105길 134,서울특별시 구로구 가리봉동 121-44,37.48230207,126.8867218,,일반쓰레기,서울특별시 구로구청 청소행정과,02-860-2918,2024-12-26,3160000,서울특별시 구로구
횡단보도 앞(가리봉동 121-44)(1),서울특별시,구로구,서울특별시 구로구 남부순환로105길 134,서울특별시 구로구 가리봉동 121-44,37.48230207,126.8867218,,일반쓰레기,서울특별시 구로구청 청소행정과,02-860-2918,2024-12-26,3160000,서울특별시 구로구
디지털단지오거리 정류소,서울특별시,구로구,서울특별시 구로구 남부순환로105길 76,서울특별시 구로구 가리봉동 125-16,37.48016123,126.8886952,,일반쓰레기,서울특별시 구로구청 청소행정과,02-860-2918,2024-12-26,3160000,서울특별시 구로구
삼부르네상스 정류소,서울특별시,구로구,서울특별시 구로구 남부순환로 1295,서울특별시 구로구 가리봉동 137-4,37.47911835,126.8948323,,일반쓰레기,서울특별시 구로구청 청소행정과,02-860-2918,2024-12-26,3160000,서울특별시 구로구
순환도로방음벽 옆 좌측,서울특별시,구로구,,서울특별시 구로구 구로동 693-2,37.48988183,126.875474,,일반쓰레기,서울특별시 구로구청 청소행정과,02-860-2918,2024-12-26,3160000,서울특별시 구로구
구로1동주민센터,서울특별시,구로구,서울특별시 구로구 구일로4길 57,서울특별시 구로구 구로동 685-213,37.49304008,126.8757883,,일반쓰레기,서울특별시 구로구청 청소행정과,02-860-2918,2024-12-26,3160000,서울특별시 구로구
현대연예인아파트,서울특별시,구로구,서울특별시 구로구 구일로4길 46,서울특별시 구로구 구로동 685-70,37.49326723,126.8778699,,일반쓰레기,서울특별시 구로구청 청소행정과,02-860-2918,2024-12-26,3160000,서울특별시 구로구
버스정류소(17215)(2),서울특별시,구로구,서울특별시 구로구 고척로 142-1,서울특별시 구로구 고척동 333,37.50264701,126.8498373,,일반쓰레기,서울특별시 구로구청 청소행정과,02-860-2918,2024-12-26,3160000,서울특별시 구로구
버스정류소(17215)(1),서울특별시,구로구,서울특별시 구로구 고척로 142-1,서울특별시 구로구 고척동 194-3,37.50264701,126.8498373,,일반쓰레기,서울특별시 구로구청 청소행정과,02-860-2918,2024-12-26,3160000,서울특별시 구로구
도로변(고척로 209-1),서울특별시,구로구,서울특별시 구로구 고척로 209-1,,37.5054913,126.856546,,일반쓰레기,서울특별시 구로구청 청소행정과,02-860-2918,2024-12-26,3160000,서울특별시 구로구
도로변(고척로 206),서울특별시,구로구,서울특별시 구로구 고척로 206,,37.50501563,126.8561093,,일반쓰레기,서울특별시 구로구청 청소행정과,02-860-2918,2024-12-26,3160000,서울특별시 구로구
도로변(고척로 202),서울특별시,구로구,서울특별시 구로구 고척로 202,,37.50485847,126.855798,,일반쓰레기,서울특별시 구로구청 청소행정과,02-860-2918,2024-12-26,3160000,서울특별시 구로구
도로변(고척로 177),서울특별시,구로구,서울특별시 구로구 고척로 177,,37.50419607,126.853141,,일반쓰레기,서울특별시 구로구청 청소행정과,02-860-2918,2024-12-26,3160000,서울특별시 구로구
도로변(고척로 195),서울특별시,구로구,서울특별시 구로구 고척로 195,,37.50492878,126.854807,,일반쓰레기,서울특별시 구로구청 청소행정과,02-860-2918,2024-12-26,3160000,서울특별시 구로구
동양미래대학교 정문 인근,서울특별시,구로구,서울특별시 구로구 경인로 445,,37.49999579,126.8681697,,일반쓰레기,서울특별시 구로구청 청소행정과,02-860-2918,2024-12-26,3160000,서울특별시 구로구
구로솔약국,서울특별시,구로구,서울특별시 구로구 경인로 433,,37.49969202,126.867056,,일반쓰레기,서울특별시 구로구청 청소행정과,02-860-2918,2024-12-26,3160000,서울특별시 구로구
도로변(경인로 403)(2),서울특별시,구로구,서울특별시 구로구 경인로 403,,37.49795843,126.8643477,,일반쓰레기,서울특별시 구로구청 청소행정과,02-860-2918,2024-12-26,3160000,서울특별시 구로구
도로변(경인로 403)(1),서울특별시,구로구,서울특별시 구로구 경인로 403,,37.49795843,126.8643477,,일반쓰레기,서울특별시 구로구청 청소행정과,02-860-2918,2024-12-26,3160000,서울특별시 구로구
두성인테리어 앞,서울특별시,구로구,서울특별시 구로구 경인로 331,,37.497642,126.8569352,,일반쓰레기,서울특별시 구로구청 청소행정과,02-860-2918,2024-12-26,3160000,서울특별시 구로구
하이리빙아파트,서울특별시,구로구,서울특별시 구로구 고척로 238,서울특별시 구로구 고척동 333,37.50617829,126.8594037,,일반쓰레기,서울특별시 구로구청 청소행정과,02-860-2918,2024-12-26,3160000,서울특별시 구로구
서울고척동 우체국 인근,서울특별시,구로구,서울특별시 구로구 중앙로 76,,37.50444791,126.8617685,,일반쓰레기,서울특별시 구로구청 청소행정과,02-860-2918,2024-12-26,3160000,서울특별시 구로구
버스정류장(17226),서울특별시,구로구,서울특별시 구로구 중앙로 63,,37.50325232,126.8618884,,일반쓰레기,서울특별시 구로구청 청소행정과,02-860-2918,2024-12-26,3160000,서울특별시 구로구
맘스식자재 마트(중앙로변) 앞 횡단보도,서울특별시,구로구,서울특별시 구로구 중앙로10길 7,,37.5034895,126.8626141,,일반쓰레기,서울특별시 구로구청 청소행정과,02-860-2918,2024-12-26,3160000,서울특별시 구로구
버스정류장(17228),서울특별시,구로구,서울특별시 구로구 중앙로 37,,37.50116082,126.863006,,일반쓰레기,서울특별시 구로구청 청소행정과,02-860-2918,2024-12-26,3160000,서울특별시 구로구
새마을금고 양지지점 앞 횡단보도 인근,서울특별시,구로구,서울특별시 구로구 경서로 47,서울특별시 구로구 고척동 134-33,37.50149371,126.8585145,,일반쓰레기,서울특별시 구로구청 청소행정과,02-860-2918,2024-12-26,3160000,서울특별시 구로구
도로변(개봉로 34),서울특별시,구로구,서울특별시 구로구 개봉로 34,서울특별시 구로구 개봉동 403-154,37.48860421,126.8564451,,일반쓰레기,서울특별시 구로구청 청소행정과,02-860-2918,2024-12-26,3160000,서울특별시 구로구
도로변(개봉로 22),서울특별시,구로구,서울특별시 구로구 개봉로 22,서울특별시 구로구 개봉동 403-171,37.48750656,126.856558,,일반쓰레기,서울특별시 구로구청 청소행정과,02-860-2918,2024-12-26,3160000,서울특별시 구로구
도로변(개봉로 10)(2),서울특별시,구로구,서울특별시 구로구 개봉로 10,서울특별시 구로구 개봉동 403-196,37.48662187,126.8567122,,일반쓰레기,서울특별시 구로구청 청소행정과,02-860-2918,2024-12-26,3160000,서울특별시 구로구
도로변(개봉로 10)(1),서울특별시,구로구,서울특별시 구로구 개봉로 10,서울특별시 구로구 개봉동 403-196,37.48662187,126.8567122,,일반쓰레기,서울특별시 구로구청 청소행정과,02-860-2918,2024-12-26,3160000,서울특별시 구로구
버스정류장(17739),서울특별시,구로구,서울특별시 구로구 개봉로1길 40,서울특별시 구로구 개봉동 367-1,37.48504966,126.8544668,,일반쓰레기,서울특별시 구로구청 청소행정과,02-860-2918,2024-12-26,3160000,서울특별시 구로구
도로변(개봉로 4),서울특별시,구로구,서울특별시 구로구 개봉로 4,서울특별시 구로구 개봉동 290-6,37.48610225,126.8567755,,일반쓰레기,서울특별시 구로구청 청소행정과,02-860-2918,2024-12-26,3160000,서울특별시 구로구
임괄아파트,서울특별시,구로구,서울특별시 구로구 남부순환로95길 30,서울특별시 구로구 개봉동 403-217,37.49413421,126.8564997,,일반쓰레기,서울특별시 구로구청 청소행정과,02-860-2918,2024-12-26,3160000,서울특별시 구로구
삼호아파트,서울특별시,구로구,서울특별시 구로구 남부순환로95길 16,서울특별시 구로구 개봉동 471,37.49456794,126.8573079,,일반쓰레기,서울특별시 구로구청 청소행정과,02-860-2918,2024-12-26,3160000,서울특별시 구로구
노원구청(창동농협물류센털방면)버스정류장,서울특별시,노원구,서울특별시 노원구 노해로 449,,37.65405358,127.0579974,,일반쓰레기,서울특별시 노원구청,,2025-03-26,3100000,서울특별시 노원구
노원구청 건너편(상계동 704 건물 앞) 버스정류장,서울특별시,노원구,서울특별시 노원구 노해로75길 14-2,,37.65429614,127.0576013,,일반쓰레기,서울특별시 노원구청,,2025-03-26,3100000,서울특별시 노원구
노일초등학교 앞 버스정류장,서울특별시,노원구,서울특별시 노원구 동일로 1625,,37.67375444,127.0549667,,일반쓰레기,서울특별시 노원구청,,2025-03-26,3100000,서울특별시 노원구
맥도날드 앞 버스정류장,서울특별시,노원구,서울특별시 노원구 동일로 1629-2,,37.67386054,127.0552343,,일반쓰레기,서울특별시 노원구청,,2025-03-26,3100000,서울특별시 노원구
대림종합상가(대림아파트 2동 앞) 버스정류장,서울특별시,노원구,서울특별시 노원구 동일로221길 22,,37.6599719,127.0573759,,일반쓰레기,서울특별시 노원구청,,2025-03-26,3100000,서울특별시 노원구
상계주공9단지(914동 앞) 버스정류장,서울특별시,노원구,서울특별시 노원구 노원로 532,,37.66461677,127.0598168,,일반쓰레기,서울특별시 노원구청,,2025-03-26,3100000,서울특별시 노원구
묘산면_관기(폐비닐)_1,경상남도,합천군,,경상남도 합천군 묘산면 관기리 639-1,35.6477544,128.1268958,관기마을회관 앞,기타,경상남도 합천군청,055-930-3304,2025-07-24,5480000,경상남도 합천군
묘산면_안성(폐비닐),경상남도,합천군,,경상남도 합천군 묘산면 안성리 506-2,35.6722268,128.1265811,,기타,경상남도 합천군청,055-930-3304,2025-07-24,5480000,경상남도 합천군
묘산면_광산(폐비닐),경상남도,합천군,,경상남도 합천군 묘산면 광산리 272,35.6429674,128.1188273,,기타,경상남도 합천군청,055-930-3304,2025-07-24,5480000,경상남도 합천군
묘산면_팔심(폐비닐),경상남도,합천군,,경상남도 합천군 묘산면 팔심리 398-2,35.6284328,128.0932915,,기타,경상남도 합천군청,055-930-3304,2025-07-24,5480000,경상남도 합천군
묘산면_산제(폐비닐),경상남도,합천군,,경상남도 합천군 묘산면 산제리 462-5,35.6612322,128.1057111,,기타,경상남도 합천군청,055-930-3304,2025-07-24,5480000,경상남도 합천군
묘산면_관기(폐비닐)_2,경상남도,합천군,,경상남도 합천군 묘산면 관기리 1000-16,35.6492542,128.1234858,,기타,경상남도 합천군청,055-930-3304,2025-07-24,5480000,경상남도 합천군
봉산면_권빈2구(폐비닐),경상남도,합천군,,경상남도 합천군 봉산면 권빈리 산122,35.6178109,128.0725151,,기타,경상남도 합천군청,055-930-3304,2025-07-24,5480000,경상남도 합천군
봉산면_봉계(폐비닐),경상남도,합천군,,경상남도 합천군 봉산면 봉계리 849,35.6106827,128.0230367,,기타,경상남도 합천군청,055-930-3304,2025-07-24,5480000,경상남도 합천군
버스정류장(월촌역 6번출구),대구광역시,달서구,대구광역시 달서구 월배로 328,,35.82469667,128.5467008,대구광역시 달서구 월배로 328,재활용쓰레기,대구광역시 달서구,053-667-2711,2025-07-02,3470000,대구광역시 달서구
버스정류장(서부정류장1),대구광역시,달서구,대구광역시 달서구 구마로 253-1,,35.8374365,128.5555388,대구광역시 달서구 구마로 253-1,재활용쓰레기,대구광역시 달서구,053-667-2711,2025-07-02,3470000,대구광역시 달서구
버스정류장(죽전네거리 2),대구광역시,달서구,대구광역시 달서구 달구벌대로 1541-1,,35.85032939,128.5354417,대구광역시 달서구 달구벌대로 1541-1,재활용쓰레기,대구광역시 달서구,053-667-2711,2025-07-02,3470000,대구광역시 달서구
버스정류장(성모여성병원 앞),대구광역시,달서구,대구광역시 달서구 월배로 202,,35.81802126,128.5358598,대구광역시 달서구 월배로 202,재활용쓰레기,대구광역시 달서구,053-667-2711,2025-07-02,3470000,대구광역시 달서구
버스정류장(용산2동행정복지센터 앞),대구광역시,달서구,대구광역시 달서구 선원로 270,,35.85852491,128.5220493,대구광역시 달서구 선원로 270,재활용쓰레기,대구광역시 달서구,053-667-2711,2025-07-02,3470000,대구광역시 달서구
버스정류장(현대해상 앞),대구광역시,달서구,대구광역시 달서구 달구벌대로 1790,,35.85855961,128.5607948,대구광역시 달서구 달구벌대로 1790,재활용쓰레기,대구광역시 달서구,053-667-2711,2025-07-02,3470000,대구광역시 달서구
버스정류장(서부정류장역1번출구),대구광역시,달서구,대구광역시 달서구 구마로 256,,35.83702973,128.5557906,대구광역시 달서구 구마로 256,재활용쓰레기,대구광역시 달서구,053-667-2711,2025-07-02,3470000,대구광역시 달서구
버스정류장(상인현대맨션앞),대구광역시,달서구,대구광역시 달서구 상인서로85,,35.81791126,128.5402856,대구광역시 달서구 상인서로85,재활용쓰레기,대구광역시 달서구,053-667-2711,2025-07-02,3470000,대구광역시 달서구
버스정류장(용산역1번출구),대구광역시,달서구,대구광역시 달서구 달구벌대로 1467,,35.84945213,128.5274033,대구광역시 달서구 달구벌대로 1467,재활용쓰레기,대구광역시 달서구,053-667-2711,2025-07-02,3470000,대구광역시 달서구
주천면 용담마을,전북특별자치도,남원시,,전북특별자치도 남원시 주천면 용담리 257-1,35.40842925,127.4084162,,일반쓰레기,전북특별자치도 남원시,,2025-07-01,4701000,전북특별자치도 남원시
주천면 하송마을,전북특별자치도,남원시,,전북특별자치도 남원시 주천면 송치리 1298-1,35.38903195,127.4073359,,일반쓰레기,전북특별자치도 남원시,,2025-07-01,4701000,전북특별자치도 남원시
주천면 덕촌마을,전북특별자치도,남원시,,전북특별자치도 남원시 주천면 배덕리 311-1,35.36696514,127.4121295,,일반쓰레기,전북특별자치도 남원시,,2025-07-01,4701000,전북특별자치도 남원시
주천면 내용궁마을,전북특별자치도,남원시,전북특별자치도 남원시 주천면 내용궁길 32,,35.37860814,127.4498623,,일반쓰레기,전북특별자치도 남원시,,2025-07-01,4701000,전북특별자치도 남원시
주천면 내송마을,전북특별자치도,남원시,,전북특별자치도 남원시 주천면 은송리 232-3,35.39793022,127.45299,,일반쓰레기,전북특별자치도 남원시,,2025-07-01,4701000,전북특별자치도 남원시
주천면 행정마을,전북특별자치도,남원시,,전북특별자치도 남원시 주천면 은송리 492-4,35.39716949,127.4442873,,일반쓰레기,전북특별자치도 남원시,,2025-07-01,4701000,전북특별자치도 남원시
주천면 하송마을,전북특별자치도,남원시,,전북특별자치도 남원시 주천면 송치리 1265,35.38949235,127.4086972,,일반쓰레기,전북특별자치도 남원시,,2025-07-01,4701000,전북특별자치도 남원시
주천면 고촌마을,전북특별자치도,남원시,,전북특별자치도 남원시 주천면 고기리 861,35.38721263,127.501021,,일반쓰레기,전북특별자치도 남원시,,2025-07-01,4701000,전북특별자치도 남원시
주천면 호경마을,전북특별자치도,남원시,,전북특별자치도 남원시 주천면 호경리 105-2,35.38832363,127.4554983,,일반쓰레기,전북특별자치도 남원시,,2025-07-01,4701000,전북특별자치도 남원시
주천면 숲속전원마을,전북특별자치도,남원시,,전북특별자치도 남원시 주천면 송치리 1285,35.38905703,127.4063118,,일반쓰레기,전북특별자치도 남원시,,2025-07-01,4701000,전북특별자치도 남원시
주천면 외평마을,전북특별자치도,남원시,,전북특별자치도 남원시 주천면 장안리 242-1,35.3898443,127.4449758,,일반쓰레기,전북특별자치도 남원시,,2025-07-01,4701000,전북특별자치도 남원시
운봉읍 장동마을,전북특별자치도,남원시,,전북특별자치도 남원시 운봉읍 장교리 773-3,35.45067995,127.4967987,,일반쓰레기,전북특별자치도 남원시,,2025-07-01,4701000,전북특별자치도 남원시
운봉읍 권포마을,전북특별자치도,남원시,,전북특별자치도 남원시 운봉읍 권포리 547-1,35.46687842,127.5100065,,일반쓰레기,전북특별자치도 남원시,,2025-07-01,4701000,전북특별자치도 남원시
운봉읍 산덕마을,전북특별자치도,남원시,,전북특별자치도 남원시 운봉읍 산덕리 443-4,35.42362309,127.5388,,일반쓰레기,전북특별자치도 남원시,,2025-07-01,4701000,전북특별자치도 남원시
운봉읍 삼산마을,전북특별자치도,남원시,,전북특별자치도 남원시 운봉읍 행정리 535-19,35.42163261,127.5231506,,일반쓰레기,전북특별자치도 남원시,,2025-07-01,4701000,전북특별자치도 남원시
운봉읍 매요마을,전북특별자치도,남원시,,전북특별자치도 남원시 운봉읍 매요리 1034-1,35.46869124,127.5402853,,일반쓰레기,전북특별자치도 남원시,,2025-07-01,4701000,전북특별자치도 남원시
운봉읍 소석마을,전북특별자치도,남원시,,전북특별자치도 남원시 운봉읍 화수리 1148,35.44490464,127.5531868,,일반쓰레기,전북특별자치도 남원시,,2025-07-01,4701000,전북특별자치도 남원시
송동면 내사촌마을,전북특별자치도,남원시,전북특별자치도 남원시 송동면 내사촌길 40,,35.35750874,127.3672497,,일반쓰레기,전북특별자치도 남원시,,2025-07-01,4701000,전북특별자치도 남원시
송동면 양평마을,전북특별자치도,남원시,,전북특별자치도 남원시 송동면 연산리 327-2,35.3356625,127.3148826,,일반쓰레기,전북특별자치도 남원시,,2025-07-01,4701000,전북특별자치도 남원시
송동면 우동마을,전북특별자치도,남원시,,전북특별자치도 남원시 송동면 송기리 306,35.35415642,127.3387237,,일반쓰레기,전북특별자치도 남원시,,2025-07-01,4701000,전북특별자치도 남원시
송동면 손동마을,전북특별자치도,남원시,전북특별자치도 남원시 송동면 손동길 11,,35.33826696,127.3195799,,일반쓰레기,전북특별자치도 남원시,,2025-07-01,4701000,전북특별자치도 남원시
송동면 부석마을,전북특별자치도,남원시,,전북특별자치도 남원시 송동면 장국리 617-1,35.37632011,127.3619526,,일반쓰레기,전북특별자치도 남원시,,2025-07-01,4701000,전북특별자치도 남원시
송동면 송내마을,전북특별자치도,남원시,,전북특별자치도 남원시 송동면 송내리 541-5,35.35847485,127.3538952,,일반쓰레기,전북특별자치도 남원시,,2025-07-01,4701000,전북특별자치도 남원시
수지면 갈촌마을,전북특별자치도,남원시,,전북특별자치도 남원시 수지면 유암리 948,35.32778604,127.378755,,일반쓰레기,전북특별자치도 남원시,,2025-07-01,4701000,전북특별자치도 남원시
수지면 등동마을,전북특별자치도,남원시,,전북특별자치도 남원시 수지면 산정리 214-2,35.32340826,127.3602778,,일반쓰레기,전북특별자치도 남원시,,2025-07-01,4701000,전북특별자치도 남원시
수지면 마연마을,전북특별자치도,남원시,,전북특별자치도 남원시 수지면 산정리 1184,35.33231879,127.3594598,,일반쓰레기,전북특별자치도 남원시,,2025-07-01,4701000,전북특별자치도 남원시
수지면 마륜마을,전북특별자치도,남원시,,전북특별자치도 남원시 수지면 고평리 1337,35.35619133,127.4043182,,일반쓰레기,전북특별자치도 남원시,,2025-07-01,4701000,전북특별자치도 남원시
수지면 고정마을,전북특별자치도,남원시,,전북특별자치도 남원시 수지면 고평리 1369-6,35.35216936,127.3930701,,일반쓰레기,전북특별자치도 남원시,,2025-07-01,4701000,전북특별자치도 남원시
수지면 양촌마을,전북특별자치도,남원시,,전북특별자치도 남원시 수지면 고평리 634-1,35.34718789,127.3861675,,일반쓰레기,전북특별자치도 남원시,,2025-07-01,4701000,전북특별자치도 남원시
수지면 산촌마을,전북특별자치도,남원시,,전북특별자치도 남원시 수지면 산정리 741,35.33430015,127.3583112,,일반쓰레기,전북특별자치도 남원시,,2025-07-01,4701000,전북특별자치도 남원시
수지면 남창마을,전북특별자치도,남원시,,전북특별자치도 남원시 수지면 남창리 1618,35.32752079,127.3302731,,일반쓰레기,전북특별자치도 남원시,,2025-07-01,4701000,전북특별자치도 남원시
수지면 내호곡마,전북특별자치도,남원시,,전북특별자치도 남원시 수지면 호곡리 619-4,35.33897184,127.3733893,,일반쓰레기,전북특별자치도 남원시,,2025-07-01,4701000,전북특별자치도 남원시
주천면 하주마을,전북특별자치도,남원시,,전북특별자치도 남원시 주천면 주천리 920-179,35.37939133,127.403917,,일반쓰레기,전북특별자치도 남원시,,2025-07-01,4701000,전북특별자치도 남원시
금지면 입동마을,전북특별자치도,남원시,,전북특별자치도 남원시 금지면 입암리 378-1,35.35725419,127.2934866,,일반쓰레기,전북특별자치도 남원시,,2025-07-01,4701000,전북특별자치도 남원시
금지면 방촌마을,전북특별자치도,남원시,,전북특별자치도 남원시 금지면 방촌리 737,35.34386525,127.2837238,,일반쓰레기,전북특별자치도 남원시,,2025-07-01,4701000,전북특별자치도 남원시
금지면 용전마을,전북특별자치도,남원시,,전북특별자치도 남원시 금지면 하도리 621-176,35.3181501,127.3072655,,일반쓰레기,전북특별자치도 남원시,,2025-07-01,4701000,전북특별자치도 남원시
금지면 택촌마을,전북특별자치도,남원시,,전북특별자치도 남원시 금지면 택내리 933-1,35.33359034,127.286509,,일반쓰레기,전북특별자치도 남원시,,2025-07-01,4701000,전북특별자치도 남원시
주생면 소지마을,전북특별자치도,남원시,,전북특별자치도 남원시 주생면 지당리 433-2,35.38636547,127.3293036,,일반쓰레기,전북특별자치도 남원시,,2025-07-01,4701000,전북특별자치도 남원시
주생면 상도마을,전북특별자치도,남원시,,전북특별자치도 남원시 주생면 도산리 654-10,35.37371525,127.2815127,,일반쓰레기,전북특별자치도 남원시,,2025-07-01,4701000,전북특별자치도 남원시
주생면 정충마을,전북특별자치도,남원시,,전북특별자치도 남원시 주생면 정송리 41-9,35.39953427,127.3325498,,일반쓰레기,전북특별자치도 남원시,,2025-07-01,4701000,전북특별자치도 남원시
주생면 영촌마을,전북특별자치도,남원시,,전북특별자치도 남원시 주생면 영천리 472-1,35.38149043,127.3134836,,일반쓰레기,전북특별자치도 남원시,,2025-07-01,4701000,전북특별자치도 남원시
주생면 낙동마을,전북특별자치도,남원시,,전북특별자치도 남원시 주생면 낙동리 323-6,35.3827541,127.3011786,,일반쓰레기,전북특별자치도 남원시,,2025-07-01,4701000,전북특별자치도 남원시
주생면 상동마을,전북특별자치도,남원시,,전북특별자치도 남원시 주생면 상동리 635-1,35.39730222,127.3413227,,일반쓰레기,전북특별자치도 남원시,,2025-07-01,4701000,전북특별자치도 남원시
주생면 반송마을,전북특별자치도,남원시,,전북특별자치도 남원시 주생면 정송리 636,35.39376666,127.3187051,,일반쓰레기,전북특별자치도 남원시,,2025-07-01,4701000,전북특별자치도 남원시
주생면 내동마을,전북특별자치도,남원시,,전북특별자치도 남원시 주생면 내동리 717-131,35.38491711,127.2737878,,일반쓰레기,전북특별자치도 남원시,,2025-07-01,4701000,전북특별자치도 남원시
주생면 유매마을,전북특별자치도,남원시,,전북특별자치도 남원시 주생면 영천리 241-6,35.3818873,127.3166595,,일반쓰레기,전북특별자치도 남원시,,2025-07-01,4701000,전북특별자치도 남원시
송동면 백평마을,전북특별자치도,남원시,,전북특별자치도 남원시 송동면 신평리 924,35.36030725,127.3262396,,일반쓰레기,전북특별자치도 남원시,,2025-07-01,4701000,전북특별자치도 남원시
송동면 연산마을,전북특별자치도,남원시,,전북특별자치도 남원시 송동면 연산리 347-1,35.33595684,127.3177549,,일반쓰레기,전북특별자치도 남원시,,2025-07-01,4701000,전북특별자치도 남원시
송동면 신촌마을,전북특별자치도,남원시,,전북특별자치도 남원시 송동면 두신리 844-150,35.34436817,127.3082194,,일반쓰레기,전북특별자치도 남원시,,2025-07-01,4701000,전북특별자치도 남원시
덕과면 용산마을,전북특별자치도,남원시,,전북특별자치도 남원시 덕과면 용산리 259-2,35.54837217,127.3578824,,일반쓰레기,전북특별자치도 남원시,,2025-07-01,4701000,전북특별자치도 남원시
사매면 인화마을,전북특별자치도,남원시,,전북특별자치도 남원시 사매면 인화리 625,35.47781273,127.339478,,일반쓰레기,전북특별자치도 남원시,,2025-07-01,4701000,전북특별자치도 남원시
대산면 감성마을,전북특별자치도,남원시,,전북특별자치도 남원시 대산면 수덕리 650-1,35.41550249,127.3316834,,일반쓰레기,전북특별자치도 남원시,,2025-07-01,4701000,전북특별자치도 남원시
대산면 금강마을,전북특별자치도,남원시,,전북특별자치도 남원시 대산면 금성리 235-1,35.42202668,127.3395583,,일반쓰레기,전북특별자치도 남원시,,2025-07-01,4701000,전북특별자치도 남원시
대산면 노촌마을,전북특별자치도,남원시,전북특별자치도 남원시 대산면 갈랭이길 36-48,,35.40977233,127.3338005,,일반쓰레기,전북특별자치도 남원시,,2025-07-01,4701000,전북특별자치도 남원시
대강면 송내마을,전북특별자치도,남원시,,전북특별자치도 남원시 대강면 송대리 173-1,35.36759785,127.2334992,,일반쓰레기,전북특별자치도 남원시,,2025-07-01,4701000,전북특별자치도 남원시
대강면 석촌마을,전북특별자치도,남원시,,전북특별자치도 남원시 대강면 사석리 1854-107,35.34197457,127.232421,,일반쓰레기,전북특별자치도 남원시,,2025-07-01,4701000,전북특별자치도 남원시
대강면 평촌마을,전북특별자치도,남원시,,전북특별자치도 남원시 대강면 평촌리 268-2,35.38779571,127.2417401,,일반쓰레기,전북특별자치도 남원시,,2025-07-01,4701000,전북특별자치도 남원시
대강면 가덕마을,전북특별자치도,남원시,,전북특별자치도 남원시 대강면 신덕리 636-6,35.3327879,127.2086829,,일반쓰레기,전북특별자치도 남원시,,2025-07-01,4701000,전북특별자치도 남원시
대강면 사석마을,전북특별자치도,남원시,,전북특별자치도 남원시 대강면 사석리 728,35.34732509,127.2277385,,일반쓰레기,전북특별자치도 남원시,,2025-07-01,4701000,전북특별자치도 남원시
대강면 월산마을,전북특별자치도,남원시,,전북특별자치도 남원시 대강면 월탄리 829,35.34638346,127.201369,,일반쓰레기,전북특별자치도 남원시,,2025-07-01,4701000,전북특별자치도 남원시
금지면 황구마을,전북특별자치도,남원시,전북특별자치도 남원시 금지면 황구길 15,,35.33286064,127.2978235,,일반쓰레기,전북특별자치도 남원시,,2025-07-01,4701000,전북특별자치도 남원시
금지면 금평마을,전북특별자치도,남원시,,전북특별자치도 남원시 금지면 신월리 389-1,35.32366335,127.2957471,,일반쓰레기,전북특별자치도 남원시,,2025-07-01,4701000,전북특별자치도 남원시
금지면 금정마을,전북특별자치도,남원시,,전북특별자치도 남원시 금지면 옹정리 253-3,35.36055228,127.305782,,일반쓰레기,전북특별자치도 남원시,,2025-07-01,4701000,전북특별자치도 남원시
금지면 상신마을,전북특별자치도,남원시,,전북특별자치도 남원시 금지면 상신리 211-1,35.33190207,127.3004057,,일반쓰레기,전북특별자치도 남원시,,2025-07-01,4701000,전북특별자치도 남원시
금지면 매촌마을,전북특별자치도,남원시,,전북특별자치도 남원시 금지면 서매리 1016-5,35.35186735,127.2741939,,일반쓰레기,전북특별자치도 남원시,,2025-07-01,4701000,전북특별자치도 남원시
이백면 양강마을,전북특별자치도,남원시,,전북특별자치도 남원시 이백면 양가리 663-14,35.43897869,127.4628585,,일반쓰레기,전북특별자치도 남원시,,2025-07-01,4701000,전북특별자치도 남원시
이백면 외동마을,전북특별자치도,남원시,,전북특별자치도 남원시 이백면 내동리 210,35.44656257,127.4436362,,일반쓰레기,전북특별자치도 남원시,,2025-07-01,4701000,전북특별자치도 남원시
이백면 과리마을,전북특별자치도,남원시,,전북특별자치도 남원시 이백면 과립리 475-6,35.42585191,127.4590523,,일반쓰레기,전북특별자치도 남원시,,2025-07-01,4701000,전북특별자치도 남원시
이백면 계산마을,전북특별자치도,남원시,,전북특별자치도 남원시 이백면 남계리 945-2,35.45428587,127.4393461,,일반쓰레기,전북특별자치도 남원시,,2025-07-01,4701000,전북특별자치도 남원시
이백면 효기마을,전북특별자치도,남원시,,전북특별자치도 남원시 이백면 효기리 754-1,35.4220747,127.4581461,,일반쓰레기,전북특별자치도 남원시,,2025-07-01,4701000,전북특별자치도 남원시
이백면 문화마을,전북특별자치도,남원시,,전북특별자치도 남원시 이백면 서곡리 601-4,35.42691032,127.4353836,,일반쓰레기,전북특별자치도 남원시,,2025-07-01,4701000,전북특별자치도 남원시
이백면 서동마을,전북특별자치도,남원시,,전북특별자치도 남원시 이백면 서곡리 302-11,35.43260013,127.4371944,,일반쓰레기,전북특별자치도 남원시,,2025-07-01,4701000,전북특별자치도 남원시
산동면 목동마을,전북특별자치도,남원시,,전북특별자치도 남원시 산동면 목동리 395-12,35.46862422,127.4407123,,일반쓰레기,전북특별자치도 남원시,,2025-07-01,4701000,전북특별자치도 남원시
산동면 석동마을,전북특별자치도,남원시,,전북특별자치도 남원시 산동면 월석리 208,35.49671861,127.517817,,일반쓰레기,전북특별자치도 남원시,,2025-07-01,4701000,전북특별자치도 남원시
산동면 월산마을,전북특별자치도,남원시,,전북특별자치도 남원시 산동면 월석리 397-6,35.50139781,127.5113297,,일반쓰레기,전북특별자치도 남원시,,2025-07-01,4701000,전북특별자치도 남원시
산동면 평선마을,전북특별자치도,남원시,,전북특별자치도 남원시 산동면 대기리 156-4,35.49589819,127.4978278,,일반쓰레기,전북특별자치도 남원시,,2025-07-01,4701000,전북특별자치도 남원시
산동면 신풍마을,전북특별자치도,남원시,,전북특별자치도 남원시 산동면 태평리 536-1,35.49350189,127.4740356,,일반쓰레기,전북특별자치도 남원시,,2025-07-01,4701000,전북특별자치도 남원시
보절면 금계마을,전북특별자치도,남원시,,전북특별자치도 남원시 보절면 금다리 359-1,35.50093726,127.425013,,일반쓰레기,전북특별자치도 남원시,,2025-07-01,4701000,전북특별자치도 남원시
보절면 사촌마을,전북특별자치도,남원시,전북특별자치도 남원시 보절면 사촌길 15-7,,35.53955647,127.4109201,,일반쓰레기,전북특별자치도 남원시,,2025-07-01,4701000,전북특별자치도 남원시
덕과면 양선마을,전북특별자치도,남원시,,전북특별자치도 남원시 덕과면 신양리 416,35.50903821,127.3860081,,일반쓰레기,전북특별자치도 남원시,,2025-07-01,4701000,전북특별자치도 남원시
덕과면 덕동마을,전북특별자치도,남원시,,전북특별자치도 남원시 덕과면 덕촌리 165,35.54390953,127.3731704,,일반쓰레기,전북특별자치도 남원시,,2025-07-01,4701000,전북특별자치도 남원시
산내면 원백일마을,전북특별자치도,남원시,,전북특별자치도 남원시 산내면 백일리 519,35.4237192,127.6384466,,일반쓰레기,전북특별자치도 남원시,,2025-07-01,4701000,전북특별자치도 남원시
산내면 매산마을,전북특별자치도,남원시,,전북특별자치도 남원시 산내면 대정리 491-1,35.42497963,127.6256705,,일반쓰레기,전북특별자치도 남원시,,2025-07-01,4701000,전북특별자치도 남원시
산내면 삼화마을,전북특별자치도,남원시,,전북특별자치도 남원시 산내면 입석리 482-5,35.41173965,127.6203803,,일반쓰레기,전북특별자치도 남원시,,2025-07-01,4701000,전북특별자치도 남원시
산내면 중황마을,전북특별자치도,남원시,,전북특별자치도 남원시 산내면 중황리 624,35.42660069,127.6458936,,일반쓰레기,전북특별자치도 남원시,,2025-07-01,4701000,전북특별자치도 남원시
산내면 반선마을,전북특별자치도,남원시,,전북특별자치도 남원시 산내면 부운리 235,35.37637191,127.5802182,,일반쓰레기,전북특별자치도 남원시,,2025-07-01,4701000,전북특별자치도 남원시
산내면 반선마을,전북특별자치도,남원시,,전북특별자치도 남원시 산내면 부운리 244,35.3729065,127.5791921,,일반쓰레기,전북특별자치도 남원시,,2025-07-01,4701000,전북특별자치도 남원시
산내면 입석마을,전북특별자치도,남원시,,전북특별자치도 남원시 산내면 입석리 205-6,35.41698763,127.629545,,일반쓰레기,전북특별자치도 남원시,,2025-07-01,4701000,전북특별자치도 남원시
산내면 백일마을,전북특별자치도,남원시,,전북특별자치도 남원시 산내면 백일리 502-1,35.41718688,127.6389487,,일반쓰레기,전북특별자치도 남원시,,2025-07-01,4701000,전북특별자치도 남원시
아영면 구상마을,전북특별자치도,남원시,,전북특별자치도 남원시 아영면 구상리 233-2,35.52942322,127.5905751,,일반쓰레기,전북특별자치도 남원시,,2025-07-01,4701000,전북특별자치도 남원시
아영면 일대마을,전북특별자치도,남원시,,전북특별자치도 남원시 아영면 일대리 235-1,35.52732897,127.6019318,,일반쓰레기,전북특별자치도 남원시,,2025-07-01,4701000,전북특별자치도 남원시
아영면 아곡마을,전북특별자치도,남원시,,전북특별자치도 남원시 아영면 아곡리 703,35.48034216,127.5735216,,일반쓰레기,전북특별자치도 남원시,,2025-07-01,4701000,전북특별자치도 남원시
아영면 오산마을,전북특별자치도,남원시,,전북특별자치도 남원시 아영면 월산리 551-2,35.51572048,127.5970278,,일반쓰레기,전북특별자치도 남원시,,2025-07-01,4701000,전북특별자치도 남원시
아영면 광평마을,전북특별자치도,남원시,전북특별자치도 남원시 아영면 아백로 380,,35.50864276,127.6128933,,일반쓰레기,전북특별자치도 남원시,,2025-07-01,4701000,전북특별자치도 남원시
아영면 율동마을,전북특별자치도,남원시,,전북특별자치도 남원시 아영면 의지리 76,35.52793434,127.6204677,,일반쓰레기,전북특별자치도 남원시,,2025-07-01,4701000,전북특별자치도 남원시
인월면 자래마을,전북특별자치도,남원시,,전북특별자치도 남원시 인월면 자래리 223-3,35.48321338,127.6181834,,일반쓰레기,전북특별자치도 남원시,,2025-07-01,4701000,전북특별자치도 남원시
인월면 서무마을,전북특별자치도,남원시,,전북특별자치도 남원시 인월면 서무리 828-1,35.46518553,127.5956106,,일반쓰레기,전북특별자치도 남원시,,2025-07-01,4701000,전북특별자치도 남원시
고산마을,전북특별자치도,남원시,,전북특별자치도 남원시 고죽동 527-5,35.44840228,127.398552,,일반쓰레기,전북특별자치도 남원시,,2025-07-01,4701000,전북특별자치도 남원시
향교동 장승마을,전북특별자치도,남원시,전북특별자치도 남원시 장승길 12-3,,35.41858193,127.3749332,,일반쓰레기,전북특별자치도 남원시,,2025-07-01,4701000,전북특별자치도 남원시
향교동 산곡마을,전북특별자치도,남원시,,전북특별자치도 남원시 산곡동 산 12-16,35.42616903,127.3674963,,일반쓰레기,전북특별자치도 남원시,,2025-07-01,4701000,전북특별자치도 남원시
왕정동(칠승마을),전북특별자치도,남원시,전북특별자치도 남원시 칠승리길 84,,35.40857624,127.362778,,일반쓰레기,전북특별자치도 남원시,,2025-07-01,4701000,전북특별자치도 남원시
노암5통경로당,전북특별자치도,남원시,,전북특별자치도 남원시 노암동 597-32,35.39522147,127.3738802,,일반쓰레기,전북특별자치도 남원시,,2025-07-01,4701000,전북특별자치도 남원시
신촌경로당,전북특별자치도,남원시,,전북특별자치도 남원시 신촌동 216-1,35.40851143,127.3994753,,일반쓰레기,전북특별자치도 남원시,,2025-07-01,4701000,전북특별자치도 남원시
노암동 (부곡마을),전북특별자치도,남원시,,전북특별자치도 남원시 노암동 225-18,35.39371821,127.3778183,,일반쓰레기,전북특별자치도 남원시,,2025-07-01,4701000,전북특별자치도 남원시
용성아파트,전북특별자치도,남원시,,전북특별자치도 남원시 동충동 396-1,35.41172025,127.378025,,일반쓰레기,전북특별자치도 남원시,,2025-07-01,4701000,전북특별자치도 남원시
관평중학교 버스정류장,대전광역시,유성구,,대전광역시 유성구 관평동 1286,36.424048,127.388777,관평중학교 버스정류장(44-560),일반쓰레기+재활용쓰,대전광역시 유성구청,042-611-2363,2025-06-24,3670000,대전광역시 유성구
롯데마트 대덕점 버스정류장,대전광역시,유성구,,대전광역시 유성구 관평동 1293,36.426653,127.385358,롯데마트 대덕점 버스정류장(44-590),일반쓰레기+재활용쓰,대전광역시 유성구청,042-611-2363,2025-06-24,3670000,대전광역시 유성구
조폐공사 ID본부 버스정류장,대전광역시,유성구,대전광역시 유성구 테크노2로 319 (탑립동),대전광역시 유성구 탑립동 930,36.413548,127.411603,조폐공사 ID본부 버스정류장(44-360),일반쓰레기+재활용쓰,대전광역시 유성구청,042-611-2363,2025-06-24,3670000,대전광역시 유성구
탑립동 대영정보시스템㈜ 뉴로스 버스정류장,대전광역시,유성구,,대전광역시 유성구 탑립동 946,36.416345,127.406623,탑립동 대영정보시스템㈜ 뉴로스 버스정류장(44-370),일반쓰레기+재활용쓰,대전광역시 유성구청,042-611-2363,2025-06-24,3670000,대전광역시 유성구
탑립동 대덕밸리 용신교 버스정류장,대전광역시,유성구,대전광역시 유성구 테크노2로 153 (용산동),대전광역시 유성구 용산동 521,36.425833,127.402124,탑립동 대덕밸리 용신교 버스정류장(44-460),일반쓰레기+재활용쓰,대전광역시 유성구청,042-611-2363,2025-06-24,3670000,대전광역시 유성구
한들교 버스정류장,대전광역시,유성구,대전광역시 유성구 테크노2로 106 (관평동),대전광역시 유성구 관평동 691,36.428446,127.398053,한들교 버스정류장(45-400),일반쓰레기+재활용쓰,대전광역시 유성구청,042-611-2363,2025-06-24,3670000,대전광역시 유성구
관평동 ㈜세원정공 버스정류장 우리ETI,대전광역시,유성구,대전광역시 유성구 관평동 1287,대전광역시 유성구 관평동 1287,36.430313,127.395657,관평동 ㈜세원정공 버스정류장 우리ETI(44-690),일반쓰레기+재활용쓰,대전광역시 유성구청,042-611-2363,2025-06-24,3670000,대전광역시 유성구
관평중학교 버스정류장,대전광역시,유성구,,대전광역시 유성구 관평동 1286,36.424076,127.388517,관평중학교 버스정류장(44-550),일반쓰레기+재활용쓰,대전광역시 유성구청,042-611-2363,2025-06-24,3670000,대전광역시 유성구
중일고등학교 버스정류장,대전광역시,유성구,대전광역시 유성구 관평2로 43,대전광역시 유성구 관평동 1281,36.421456,127.388674,중일고등학교 버스정류장(44-570),일반쓰레기+재활용쓰,대전광역시 유성구청,042-611-2363,2025-06-24,3670000,대전광역시 유성구
중일고등학교 버스정류장,대전광역시,유성구,,대전광역시 유성구 관평동 673,36.421214,127.388539,중일고등학교 버스정류장(44-580),일반쓰레기+재활용쓰,대전광역시 유성구청,042-611-2363,2025-06-24,3670000,대전광역시 유성구
테크노밸리6단지 버스정류장,대전광역시,유성구,대전광역시 유성구 용산2로 33 (용산동),대전광역시 유성구 관평동 683,36.418774,127.387836,테크노밸리6단지 버스정류장(44-660),일반쓰레기+재활용쓰,대전광역시 유성구청,042-611-2363,2025-06-24,3670000,대전광역시 유성구
테크노밸리10단지 버스정류장,대전광역시,유성구,,대전광역시 유성구 관평동 673,36.420325,127.392259,테크노밸리10단지 버스정류장(44-640),일반쓰레기+재활용쓰,대전광역시 유성구청,042-611-2363,2025-06-24,3670000,대전광역시 유성구
한신에스메카 버스정류장,대전광역시,유성구,,대전광역시 유성구 관평동 1286,36.428107,127.391129,한신에스메카 버스정류장(44-650),일반쓰레기+재활용쓰,대전광역시 유성구청,042-611-2363,2025-06-24,3670000,대전광역시 유성구
전민동 주민센터 버스정류장,대전광역시,유성구,,대전광역시 유성구 전민동 905,36.399553,127.399516,전민동 주민센터 버스정류장(44-170),일반쓰레기+재활용쓰,대전광역시 유성구청,042-611-2363,2025-06-24,3670000,대전광역시 유성구
세종 아파트 버스정류장,대전광역시,유성구,,대전광역시 유성구 전민동 394-16,36.399534,127.403753,세종 아파트 버스정류장(44-180),일반쓰레기+재활용쓰,대전광역시 유성구청,042-611-2363,2025-06-24,3670000,대전광역시 유성구
원촌동 솔로몬 파크 버스정류장,대전광역시,유성구,,대전광역시 유성구 원촌동 51,36.376771,127.402904,원촌동 솔로몬 파크 버스정류장(44-260),일반쓰레기+재활용쓰,대전광역시 유성구청,042-611-2363,2025-06-24,3670000,대전광역시 유성구
싸이언스빌 3가 버스정류장,대전광역시,유성구,,대전광역시 유성구 원촌동 135-2,36.384832,127.405441,싸이언스빌 3가 버스정류장(46-100),일반쓰레기+재활용쓰,대전광역시 유성구청,042-611-2363,2025-06-24,3670000,대전광역시 유성구
문지 삼거리 버스정류장,대전광역시,유성구,,대전광역시 유성구 원촌동 48-1,36.377292,127.404749,문지 삼거리 버스정류장(44-050),일반쓰레기+재활용쓰,대전광역시 유성구청,042-611-2363,2025-06-24,3670000,대전광역시 유성구
세종 아파트 버스정류장,대전광역시,유성구,,대전광역시 유성구 전민동 394-16,36.399769,127.403827,세종 아파트 버스정류장(44-190),일반쓰레기+재활용쓰,대전광역시 유성구청,042-611-2363,2025-06-24,3670000,대전광역시 유성구
전민동 주민센터 버스정류장,대전광역시,유성구,,대전광역시 유성구 전민동 523-4,36.399754,127.400561,전민동 주민센터 버스정류장(44-160),일반쓰레기+재활용쓰,대전광역시 유성구청,042-611-2363,2025-06-24,3670000,대전광역시 유성구
전민중학교 버스정류장,대전광역시,유성구,,대전광역시 유성구 전민동 464-3,36.400584,127.405049,전민중학교 버스정류장(44-250),일반쓰레기+재활용쓰,대전광역시 유성구청,042-611-2363,2025-06-24,3670000,대전광역시 유성구
엑스포아파트 버스정류장,대전광역시,유성구,,대전광역시 유성구 전민동 464-7,36.396638,127.405031,엑스포아파트 버스정류장(44-220),일반쓰레기+재활용쓰,대전광역시 유성구청,042-611-2363,2025-06-24,3670000,대전광역시 유성구
엑스포아파트 버스정류장,대전광역시,유성구,,대전광역시 유성구 전민동 396-6,36.398072,127.404832,엑스포아파트 버스정류장(44-240),일반쓰레기+재활용쓰,대전광역시 유성구청,042-611-2363,2025-06-24,3670000,대전광역시 유성구
문지초등학교입구 버스정류장,대전광역시,유성구,,대전광역시 유성구 문지동 103-3,36.396067,127.404767,문지초등학교입구 버스정류장(44-060),일반쓰레기+재활용쓰,대전광역시 유성구청,042-611-2363,2025-06-24,3670000,대전광역시 유성구
원촌삼거리 버스정류장,대전광역시,유성구,,대전광역시 유성구 원촌동 90,36.381851,127.406515,원촌삼거리 버스정류장(44-270),일반쓰레기+재활용쓰,대전광역시 유성구청,042-611-2363,2025-06-24,3670000,대전광역시 유성구
원촌삼거리 버스정류장,대전광역시,유성구,,대전광역시 유성구 원촌동 90,36.381202,127.406279,원촌삼거리 버스정류장(44-280),일반쓰레기+재활용쓰,대전광역시 유성구청,042-611-2363,2025-06-24,3670000,대전광역시 유성구
전민동 태광산업 버스정류장,대전광역시,유성구,,대전광역시 유성구 전민동 462-11,36.403781,127.404784,전민동 태광산업 버스정류장(44-210),일반쓰레기+재활용쓰,대전광역시 유성구청,042-611-2363,2025-06-24,3670000,대전광역시 유성구
전자디자인고교 버스정류장,대전광역시,유성구,,대전광역시 유성구 화암동 25-13,36.410545,127.377634,전자디자인고교 버스정류장(43-560),일반쓰레기+재활용쓰,대전광역시 유성구청,042-611-2363,2025-06-24,3670000,대전광역시 유성구
화암네거리 버스정류장,대전광역시,유성구,,대전광역시 유성구 방현동 349,36.407123,127.373723,화암네거리 버스정류장(43-520),일반쓰레기+재활용쓰,대전광역시 유성구청,042-611-2363,2025-06-24,3670000,대전광역시 유성구
신성동 주민센터 버스정류장,대전광역시,유성구,,대전광역시 유성구 하기동 18-52,36.389247,127.347006,신성동 주민센터 버스정류장(42-980),일반쓰레기+재활용쓰,대전광역시 유성구청,042-611-2363,2025-06-24,3670000,대전광역시 유성구
산내면 하황마을,전북특별자치도,남원시,,전북특별자치도 남원시 산내면 중황리 758,35.42264154,127.6424419,,일반쓰레기,전북특별자치도 남원시,,2025-07-01,4701000,전북특별자치도 남원시
하나아파트 버스정류장,대전광역시,유성구,,대전광역시 유성구 신성동 산 19-3,36.384703,127.349005,하나아파트 버스정류장(43-010),일반쓰레기+재활용쓰,대전광역시 유성구청,042-611-2363,2025-06-24,3670000,대전광역시 유성구
무역전시관 버스정류장,대전광역시,유성구,대전광역시 유성구 대덕대로 480 (도룡동),대전광역시 유성구 도룡동 3-1,36.377388,127.379189,무역전시관 버스정류장(43-260),일반쓰레기+재활용쓰,대전광역시 유성구청,042-611-2363,2025-06-24,3670000,대전광역시 유성구
국립중앙과학관 버스정류장,대전광역시,유성구,,대전광역시 유성구 가정동 9-1,36.377443,127.378832,국립중앙과학관 버스정류장(43-190),일반쓰레기+재활용쓰,대전광역시 유성구청,042-611-2363,2025-06-24,3670000,대전광역시 유성구
과학기술원정문 버스정류장,대전광역시,유성구,,대전광역시 유성구 구성동 464,36.365131,127.362894,과학기술원정문 버스정류장(42-840),일반쓰레기+재활용쓰,대전광역시 유성구청,042-611-2363,2025-06-24,3670000,대전광역시 유성구
대전전자디자인고 버스정류장,대전광역시,유성구,,대전광역시 유성구 화암동 120-3,36.412353,127.378033,대전전자디자인고 버스정류장(43-530),일반쓰레기+재활용쓰,대전광역시 유성구청,042-611-2363,2025-06-24,3670000,대전광역시 유성구
북대전IC 시외버스 하차장,대전광역시,유성구,,대전광역시 유성구 화암동 25-13,36.412861,127.378402,북대전IC 시외버스 하차장,일반쓰레기+재활용쓰,대전광역시 유성구청,042-611-2363,2025-06-24,3670000,대전광역시 유성구
대덕중학교 버스정류장,대전광역시,유성구,대전광역시 유성구 대덕대로 523 (가정동),대전광역시 유성구 가정동 2,36.382278,127.378439,대덕중학교 버스정류장(43-110),일반쓰레기+재활용쓰,대전광역시 유성구청,042-611-2363,2025-06-24,3670000,대전광역시 유성구
대덕중학교 버스정류장,대전광역시,유성구,,대전광역시 유성구 도룡동 436,36.381981,127.378745,대덕중학교 버스정류장(43-170),일반쓰레기+재활용쓰,대전광역시 유성구청,042-611-2363,2025-06-24,3670000,대전광역시 유성구
대덕고등학교 버스정류장,대전광역시,유성구,,대전광역시 유성구 도룡동 409,36.386499,127.378522,대덕고등학교 버스정류장(43-160),일반쓰레기+재활용쓰,대전광역시 유성구청,042-611-2363,2025-06-24,3670000,대전광역시 유성구
천문연구원 버스정류장,대전광역시,유성구,,대전광역시 유성구 화암동 61-4,36.399736,127.374311,천문연구원 버스정류장(46-010),일반쓰레기+재활용쓰,대전광역시 유성구청,042-611-2363,2025-06-24,3670000,대전광역시 유성구
KT연구센터 버스정류장,대전광역시,유성구,대전광역시 유성구 대덕대로 634 (도룡동),대전광역시 유성구 도룡동 401,36.388541,127.379573,KT연구센터 버스정류장(43-500),일반쓰레기+재활용쓰,대전광역시 유성구청,042-611-2363,2025-06-24,3670000,대전광역시 유성구
대덕고등학교 버스정류장,대전광역시,유성구,,대전광역시 유성구 도룡동 409,36.386675,127.378811,대덕고등학교 버스정류장(43-200),일반쓰레기+재활용쓰,대전광역시 유성구청,042-611-2363,2025-06-24,3670000,대전광역시 유성구
엑스포과학공원 버스정류장,대전광역시,유성구,,대전광역시 유성구 도룡동 582,36.374098,127.388722,엑스포과학공원 버스정류장(43-210),일반쓰레기+재활용쓰,대전광역시 유성구청,042-611-2363,2025-06-24,3670000,대전광역시 유성구
엑스포과학공원 버스정류장,대전광역시,유성구,대전광역시 유성구 대덕대로 480 (도룡동),대전광역시 유성구 도룡동 3-1,36.374334,127.387221,엑스포과학공원 버스정류장(43-220),일반쓰레기+재활용쓰,대전광역시 유성구청,042-611-2363,2025-06-24,3670000,대전광역시 유성구
시민천문대 버스정류장,대전광역시,유성구,,대전광역시 유성구 신성동 458,36.384451,127.354471,시민천문대 버스정류장(43-040),일반쓰레기+재활용쓰,대전광역시 유성구청,042-611-2363,2025-06-24,3670000,대전광역시 유성구
대덕대 정문 버스정류장,대전광역시,유성구,,대전광역시 유성구 장동 산 19-3,36.390008,127.362306,대덕대 정문 버스정류장(43-430),일반쓰레기+재활용쓰,대전광역시 유성구청,042-611-2363,2025-06-24,3670000,대전광역시 유성구
과학기술연합대학원,대전광역시,유성구,,대전광역시 유성구 가정동 산 1-2,36.384194,127.367184,과학기술연합대학원 버스정류장(43-090),일반쓰레기+재활용쓰,대전광역시 유성구청,042-611-2363,2025-06-24,3670000,대전광역시 유성구
KT&G연구소 앞 버스정류장,대전광역시,유성구,,대전광역시 유성구 신성동 420-8,36.384142,127.347149,KT&G연구소 앞 버스정류장(42-970),일반쓰레기+재활용쓰,대전광역시 유성구청,042-611-2363,2025-06-24,3670000,대전광역시 유성구
한화그룹종합연구소 버스정류장(장방주택쪽),대전광역시,유성구,,대전광역시 유성구 신성동 108-2,36.385441,127.352951,한화그룹종합연구소 버스정류장(장방주택쪽)(43-030),일반쓰레기+재활용쓰,대전광역시 유성구청,042-611-2363,2025-06-24,3670000,대전광역시 유성구
연구단지네거리 버스정류장,대전광역시,유성구,,대전광역시 유성구 도룡동 404,36.385864,127.377352,연구단지네거리 버스정류장(43-140),일반쓰레기+재활용쓰,대전광역시 유성구청,042-611-2363,2025-06-24,3670000,대전광역시 유성구
반석역(6번출구) 버스정류장,대전광역시,유성구,대전광역시 유성구 북유성대로 300 (반석동),대전광역시 유성구 반석동 61,36.391386,127.315419,반석역(6번출구) 버스정류장(43-980),일반쓰레기+재활용쓰,대전광역시 유성구청,042-611-2363,2025-06-24,3670000,대전광역시 유성구
극동방송국 입구 버스정류장,대전광역시,유성구,,대전광역시 유성구 지족동 1005,36.386484,127.318452,극동방송국 입구 버스정류장(42-380),일반쓰레기+재활용쓰,대전광역시 유성구청,042-611-2363,2025-06-24,3670000,대전광역시 유성구
지족역 버스정류장→유성IC방향 버스정류장,대전광역시,유성구,,대전광역시 유성구 지족동 946,36.382329,127.319466,지족역 버스정류장→유성IC방향 버스정류장(42-420),일반쓰레기+재활용쓰,대전광역시 유성구청,042-611-2363,2025-06-24,3670000,대전광역시 유성구
송림마을1단지 버스정류장→반석역 방향 버스정류장,대전광역시,유성구,대전광역시 유성구 북유성대로 지하303 (반석동),대전광역시 유성구 반석동 685,36.391441,127.315481,송림마을1단지 버스정류장→반석역 방향 버스정류장(43-990),일반쓰레기+재활용쓰,대전광역시 유성구청,042-611-2363,2025-06-24,3670000,대전광역시 유성구
노은농수상도매시장 버스정류장,대전광역시,유성구,대전광역시 유성구 한밭대로 지하155 (노은동),대전광역시 유성구 노은동 612,36.367091,127.321462,노은농수상도매시장 버스정류장(42-270),일반쓰레기+재활용쓰,대전광역시 유성구청,042-611-2363,2025-06-24,3670000,대전광역시 유성구
노은농수산도매시장 버스정류장,대전광역시,유성구,대전광역시 유성구 한밭대로 지하155 (노은동),대전광역시 유성구 노은동 612,36.366467,127.321791,노은농수산도매시장 버스정류장(42-260),일반쓰레기+재활용쓰,대전광역시 유성구청,042-611-2363,2025-06-24,3670000,대전광역시 유성구
금호고속앞,대전광역시,유성구,대전광역시 유성구 장대로 43 (장대동),대전광역시 유성구 장대동 280-18,36.358777,127.336215,금호고속앞,일반쓰레기+재활용쓰,대전광역시 유성구청,042-611-2363,2025-06-24,3670000,대전광역시 유성구
산내면 덕동마을,전북특별자치도,남원시,,전북특별자치도 남원시 산내면 덕동리 21-4,35.36897226,127.5702746,,일반쓰레기,전북특별자치도 남원시,,2025-07-01,4701000,전북특별자치도 남원시
충남대학교입구(죽동방향) 버스정류장,대전광역시,유성구,,대전광역시 유성구 죽동 119-4,36.366422,127.338706,충남대학교입구(죽동방향) 버스정류장(42-590),일반쓰레기+재활용쓰,대전광역시 유성구청,042-611-2363,2025-06-24,3670000,대전광역시 유성구
온천2동주민센터 버스정류장→충남대학교방향,대전광역시,유성구,,대전광역시 유성구 장대동 309-1,36.365406,127.335747,온천2동주민센터 버스정류장→충남대학교방향(42-230),일반쓰레기+재활용쓰,대전광역시 유성구청,042-611-2363,2025-06-24,3670000,대전광역시 유성구
온천2동주민센터 버스정류장→죽동삼거리방향,대전광역시,유성구,,대전광역시 유성구 장대동 321,36.365147,127.335141,온천2동주민센터 버스정류장→죽동삼거리방향(42-070),일반쓰레기+재활용쓰,대전광역시 유성구청,042-611-2363,2025-06-24,3670000,대전광역시 유성구
궁동네거리 버스정류장→충대후문방향,대전광역시,유성구,대전광역시 유성구 대학로 99 (궁동),대전광역시 유성구 궁동 220,36.370175,127.340484,궁동네거리 버스정류장→충대후문방향(42-140),일반쓰레기+재활용쓰,대전광역시 유성구청,042-611-2363,2025-06-24,3670000,대전광역시 유성구
충남대학교 후문 버스정류장,대전광역시,유성구,대전광역시 유성구 대학로 99 (궁동),대전광역시 유성구 궁동 220,36.369342,127.340159,충남대학교 후문 버스정류장(42-530),일반쓰레기+재활용쓰,대전광역시 유성구청,042-611-2363,2025-06-24,3670000,대전광역시 유성구
궁동 버스정류장,대전광역시,유성구,,대전광역시 유성구 궁동 29-4,36.360836,127.349455,궁동 버스정류장(42-690),일반쓰레기+재활용쓰,대전광역시 유성구청,042-611-2363,2025-06-24,3670000,대전광역시 유성구
유성구청 버스정류장,대전광역시,유성구,,대전광역시 유성구 어은동 311,36.361408,127.356052,유성구청 버스정류장(42-770),일반쓰레기+재활용쓰,대전광역시 유성구청,042-611-2363,2025-06-24,3670000,대전광역시 유성구
충남대학교 버스정류장,대전광역시,유성구,대전광역시 유성구 대학로 99 (궁동),대전광역시 유성구 궁동 351,36.362615,127.343686,충남대학교 버스정류장(42-620),일반쓰레기+재활용쓰,대전광역시 유성구청,042-611-2363,2025-06-24,3670000,대전광역시 유성구
충남대학교 버스정류장,대전광역시,유성구,,대전광역시 유성구 궁동 450-1,36.362202,127.343492,충남대학교 버스정류장(42-600),일반쓰레기+재활용쓰,대전광역시 유성구청,042-611-2363,2025-06-24,3670000,대전광역시 유성구
유성구청 버스정류장,대전광역시,유성구,,대전광역시 유성구 어은동 59-23,36.361586,127.357143,유성구청 버스정류장(42-760),일반쓰레기+재활용쓰,대전광역시 유성구청,042-611-2363,2025-06-24,3670000,대전광역시 유성구
궁동 한빛아파트버스정류장,대전광역시,유성구,,대전광역시 유성구 어은동 311,36.362647,127.358587,궁동 한빛아파트버스정류장(42-720),일반쓰레기+재활용쓰,대전광역시 유성구청,042-611-2363,2025-06-24,3670000,대전광역시 유성구
구성삼거리 버스정류장,대전광역시,유성구,대전광역시 유성구 대학로 291 (구성동),대전광역시 유성구 구성동 23,36.370458,127.368716,구성삼거리 버스정류장(42-870),일반쓰레기+재활용쓰,대전광역시 유성구청,042-611-2363,2025-06-24,3670000,대전광역시 유성구
한국과학기술원 버스정류장,대전광역시,유성구,,대전광역시 유성구 구성동 286-3,36.365865,127.325091,한국과학기술원 버스정류장(42-850),일반쓰레기+재활용쓰,대전광역시 유성구청,042-611-2363,2025-06-24,3670000,대전광역시 유성구
유성한진오피스텔 앞 버스정류장,대전광역시,유성구,대전광역시 유성구 계룡로 지하97 (봉명동),대전광역시 유성구 봉명동 551-18,36.354617,127.342115,유성한진오피스텔 앞 버스정류장(41-340),일반쓰레기+재활용쓰,대전광역시 유성구청,042-611-2363,2025-06-24,3670000,대전광역시 유성구
유성고교 버스정류장,대전광역시,유성구,,대전광역시 유성구 구암동 641,36.350826,127.335589,유성고교 버스정류장(41-600),일반쓰레기+재활용쓰,대전광역시 유성구청,042-611-2363,2025-06-24,3670000,대전광역시 유성구
유성구 보훈회관 버스정류장,대전광역시,유성구,대전광역시 유성구 월드컵대로275번길 48 (구암동),대전광역시 유성구 구암동 618-1,36.351791,127.331734,유성구 보훈회관 버스정류장(41-580),일반쓰레기+재활용쓰,대전광역시 유성구청,042-611-2363,2025-06-24,3670000,대전광역시 유성구
원불교유성교당 버스정류장,대전광역시,유성구,대전광역시 유성구 유성대로654번길 66 (구암동),대전광역시 유성구 구암동 617-3,36.351321,127.332634,원불교유성교당 버스정류장(82-260),일반쓰레기+재활용쓰,대전광역시 유성구청,042-611-2363,2025-06-24,3670000,대전광역시 유성구
한밭대학교 버스정류장,대전광역시,유성구,,대전광역시 유성구 덕명동 150-6,36.351561,127.297815,한밭대학교 버스정류장(41-690),일반쓰레기+재활용쓰,대전광역시 유성구청,042-611-2363,2025-06-24,3670000,대전광역시 유성구
현충원역 버스정류장,대전광역시,유성구,,대전광역시 유성구 구암동 424-3,36.359542,127.320103,현충원역 버스정류장(41-460),일반쓰레기+재활용쓰,대전광역시 유성구청,042-611-2363,2025-06-24,3670000,대전광역시 유성구
현충원역 버스정류장,대전광역시,유성구,대전광역시 유성구 현충원로 지하455 (구암동),대전광역시 유성구 구암동 527-193,36.359269,127.321804,현충원역 버스정류장(41-450),일반쓰레기+재활용쓰,대전광역시 유성구청,042-611-2363,2025-06-24,3670000,대전광역시 유성구
유성구 보훈회관 버스정류장,대전광역시,유성구,,대전광역시 유성구 구암동 642,36.351321,127.332705,유성구 보훈회관 버스정류장(41-590),일반쓰레기+재활용쓰,대전광역시 유성구청,042-611-2363,2025-06-24,3670000,대전광역시 유성구
구암역 버스정류장,대전광역시,유성구,,대전광역시 유성구 구암동 95-11,36.356021,127.330929,구암역 버스정류장(41-560),일반쓰레기+재활용쓰,대전광역시 유성구청,042-611-2363,2025-06-24,3670000,대전광역시 유성구
유성시외버스터미널 건너편 버스정류장,대전광역시,유성구,,대전광역시 유성구 구암동 94-3,36.355791,127.331172,유성시외버스터미널 건너편 버스정류장(41-190),일반쓰레기+재활용쓰,대전광역시 유성구청,042-611-2363,2025-06-24,3670000,대전광역시 유성구
유성홈플러스 택시대기소,대전광역시,유성구,,대전광역시 유성구 봉명동 4-1,36.359355,127.355045,유성홈플러스 택시대기소,일반쓰레기+재활용쓰,대전광역시 유성구청,042-611-2363,2025-06-24,3670000,대전광역시 유성구
신협연수원 버스정류장,대전광역시,유성구,,대전광역시 유성구 덕명동 569,36.358351,127.303621,신협연수원 버스정류장(41-750),일반쓰레기+재활용쓰,대전광역시 유성구청,042-611-2363,2025-06-24,3670000,대전광역시 유성구
신협연수원 버스정류장,대전광역시,유성구,,대전광역시 유성구 덕명동 569,36.358268,127.304035,신협연수원 버스정류장(41-740),일반쓰레기+재활용쓰,대전광역시 유성구청,042-611-2363,2025-06-24,3670000,대전광역시 유성구
유성온천역(2번 출구) 버스정류장,대전광역시,유성구,,대전광역시 유성구 봉명동 1026-4,36.352312,127.341205,유성온천역(2번 출구) 버스정류장(41-260),일반쓰레기+재활용쓰,대전광역시 유성구청,042-611-2363,2025-06-24,3670000,대전광역시 유성구
산내면 상황마을,전북특별자치도,남원시,,전북특별자치도 남원시 산내면 중황리 513-2,35.42593424,127.6483493,,일반쓰레기,전북특별자치도 남원시,,2025-07-01,4701000,전북특별자치도 남원시
홍인호텔(춘추사) 버스정류장,대전광역시,유성구,,대전광역시 유성구 봉명동 608,36.358256,127.343483,홍인호텔(춘추사) 버스정류장(41-360),일반쓰레기+재활용쓰,대전광역시 유성구청,042-611-2363,2025-06-24,3670000,대전광역시 유성구
유성온천역(3번출구) 버스정류장,대전광역시,유성구,,대전광역시 유성구 봉명동 1058,36.353257,127.341083,유성온천역(3번출구) 버스정류장(41-300),일반쓰레기+재활용쓰,대전광역시 유성구청,042-611-2363,2025-06-24,3670000,대전광역시 유성구
유성온천역(6번 출구) 버스정류장,대전광역시,유성구,대전광역시 유성구 계룡로 지하97 (봉명동),대전광역시 유성구 봉명동 552-11,36.354748,127.341562,유성온천역(6번 출구) 버스정류장(41-320),일반쓰레기+재활용쓰,대전광역시 유성구청,042-611-2363,2025-06-24,3670000,대전광역시 유성구
유성온천역(7번 출구) 버스정류장,대전광역시,유성구,대전광역시 유성구 계룡로 지하97 (봉명동),대전광역시 유성구 봉명동 551-18,36.354743,127.342102,유성온천역(7번 출구) 버스정류장(41-330),일반쓰레기+재활용쓰,대전광역시 유성구청,042-611-2363,2025-06-24,3670000,대전광역시 유성구
만년교 버스정류장,대전광역시,유성구,,대전광역시 유성구 봉명동 1058,36.351961,127.346802,만년교 버스정류장(41-370),일반쓰레기+재활용쓰,대전광역시 유성구청,042-611-2363,2025-06-24,3670000,대전광역시 유성구
만년교(띠울석갈비) 버스정류장,대전광역시,유성구,,대전광역시 유성구 봉명동 1058,36.352695,127.345744,만년교(띠울석갈비) 버스정류장(41-380),일반쓰레기+재활용쓰,대전광역시 유성구청,042-611-2363,2025-06-24,3670000,대전광역시 유성구
리베라호텔(국민은행) 버스정류장,대전광역시,유성구,,대전광역시 유성구 봉명동 468-21,36.354642,127.338031,리베라호텔(국민은행) 버스정류장(41-210),일반쓰레기+재활용쓰,대전광역시 유성구청,042-611-2363,2025-06-24,3670000,대전광역시 유성구
도안마을1단지 버스정류장,대전광역시,유성구,,대전광역시 유성구 봉명동 1062,36.348696,127.341772,도안마을1단지 버스정류장,일반쓰레기+재활용쓰,대전광역시 유성구청,042-611-2363,2025-06-24,3670000,대전광역시 유성구
트리플시티 9단지 버스정류장,대전광역시,유성구,,대전광역시 유성구 상대동 498,36.341489,127.338104,트리플시티 9단지 버스정류장(45-890),일반쓰레기+재활용쓰,대전광역시 유성구청,042-611-2363,2025-06-24,3670000,대전광역시 유성구
목원대네거리 버스정류장,대전광역시,유성구,,대전광역시 유성구 원신흥동 609,36.332453,127.339349,목원대네거리 버스정류장(41-820),일반쓰레기+재활용쓰,대전광역시 유성구청,042-611-2363,2025-06-24,3670000,대전광역시 유성구
원신흥동 휴먼시아10단지 버스정류장,대전광역시,유성구,,대전광역시 유성구 원신흥동 534-1,36.338155,127.341123,원신흥동 휴먼시아10단지 버스정류장(45-520),일반쓰레기+재활용쓰,대전광역시 유성구청,042-611-2363,2025-06-24,3670000,대전광역시 유성구
원신흥동 휴먼시아10단지 버스정류장,대전광역시,유성구,,대전광역시 유성구 원신흥동 588,36.338384,127.338961,원신흥동 휴먼시아10단지 버스정류장(45-510),일반쓰레기+재활용쓰,대전광역시 유성구청,042-611-2363,2025-06-24,3670000,대전광역시 유성구
원신흥동 흥도초등학교 버스정류장,대전광역시,유성구,,대전광역시 유성구 원신흥동 602-1,36.333902,127.338023,원신흥동 흥도초등학교 버스정류장(41-810),일반쓰레기+재활용쓰,대전광역시 유성구청,042-611-2363,2025-06-24,3670000,대전광역시 유성구
원신흥동 흥도초등학교 버스정류장,대전광역시,유성구,,대전광역시 유성구 원신흥동 602-1,36.334351,127.338281,원신흥동 흥도초등학교 버스정류장(41-800),일반쓰레기+재활용쓰,대전광역시 유성구청,042-611-2363,2025-06-24,3670000,대전광역시 유성구
원신흥동 어울림하트12단지 버스정류장,대전광역시,유성구,,대전광역시 유성구 원신흥동 528-1,36.332393,127.313102,원신흥동 어울림하트12단지 버스정류장(41-900),일반쓰레기+재활용쓰,대전광역시 유성구청,042-611-2363,2025-06-24,3670000,대전광역시 유성구
도안6단지센트럴시티 버스정류장,대전광역시,유성구,,대전광역시 유성구 봉명동 1062,36.348297,127.342096,도안6단지센트럴시티 버스정류장(45-500),일반쓰레기+재활용쓰,대전광역시 유성구청,042-611-2363,2025-06-24,3670000,대전광역시 유성구
휴먼시아4단지 버스정류장,대전광역시,유성구,,대전광역시 유성구 상대동 498,36.347221,127.340085,휴먼시아4단지 버스정류장(45-490),일반쓰레기+재활용쓰,대전광역시 유성구청,042-611-2363,2025-06-24,3670000,대전광역시 유성구
진잠타운 아파트 버스정류장,대전광역시,유성구,대전광역시 유성구 진잠로42번길 35 (원내동),대전광역시 유성구 원내동 351,36.295726,127.321283,진잠타운 아파트 버스정류장(40-170),일반쓰레기+재활용쓰,대전광역시 유성구청,042-611-2363,2025-06-24,3670000,대전광역시 유성구
한아름 아파트 버스정류장,대전광역시,유성구,,대전광역시 유성구 원내동 711,36.295851,127.319563,한아름 아파트 버스정류장(45-610),일반쓰레기+재활용쓰,대전광역시 유성구청,042-611-2363,2025-06-24,3670000,대전광역시 유성구
서대전 IC 버스정류장,대전광역시,유성구,,대전광역시 유성구 원내동 416-6,36.293648,127.319419,서대전 IC 버스정류장(40-180),일반쓰레기+재활용쓰,대전광역시 유성구청,042-611-2363,2025-06-24,3670000,대전광역시 유성구
제이파크(아) 버스정류장,대전광역시,유성구,,대전광역시 유성구 교촌동 651,36.303999,127.319446,제이파크(아) 버스정류장(40-090),일반쓰레기+재활용쓰,대전광역시 유성구청,042-611-2363,2025-06-24,3670000,대전광역시 유성구
샘물타운 버스정류장,대전광역시,유성구,,대전광역시 유성구 원내동 711,36.299769,127.322048,샘물타운 버스정류장(40-220),일반쓰레기+재활용쓰,대전광역시 유성구청,042-611-2363,2025-06-24,3670000,대전광역시 유성구
교촌동 한승미메이드아파트 버스정류장,대전광역시,유성구,,대전광역시 유성구 교촌동 652,36.306831,127.319335,교촌동 한승미메이드아파트 버스정류장(40-150),일반쓰레기+재활용쓰,대전광역시 유성구청,042-611-2363,2025-06-24,3670000,대전광역시 유성구
드리움공원 버스정류장,대전광역시,유성구,,대전광역시 유성구 대정동 318,36.315573,127.319812,드리움공원 버스정류장(45-300),일반쓰레기+재활용쓰,대전광역시 유성구청,042-611-2363,2025-06-24,3670000,대전광역시 유성구
드리움공원 버스정류장,대전광역시,유성구,,대전광역시 유성구 대정동 318,36.315474,127.320086,드리움공원 버스정류장(45-310),일반쓰레기+재활용쓰,대전광역시 유성구청,042-611-2363,2025-06-24,3670000,대전광역시 유성구
드리움아파트(모다) 버스정류장,대전광역시,유성구,,대전광역시 유성구 대정동 246-2,36.311666,127.318471,드리움아파트(모다) 버스정류장(40-330),일반쓰레기+재활용쓰,대전광역시 유성구청,042-611-2363,2025-06-24,3670000,대전광역시 유성구
드리움아파트(모다) 버스정류장,대전광역시,유성구,,대전광역시 유성구 대정동 274,36.311975,127.318404,드리움아파트(모다) 버스정류장(40-340),일반쓰레기+재활용쓰,대전광역시 유성구청,042-611-2363,2025-06-24,3670000,대전광역시 유성구
고성성당 버스정류장,대구광역시,북구,대구광역시 북구 옥산로 112,대구광역시 북구 고성동3가 7-2,35.88331609,128.587807,,일반쓰레기,대구광역시 북구 자원순환과,053-665-2498,2025-07-23,3450000,대구광역시 북구
초계면_관평(폐비닐),경상남도,합천군,,경상남도 합천군 초계면 관평리 661-22,35.5432002,128.2589864,,기타,경상남도 합천군청,055-930-3304,2025-07-24,5480000,경상남도 합천군
초계면_정곡(폐비닐),경상남도,합천군,,경상남도 합천군 초계면 신촌리 172-2,35.5227028,128.2504306,정곡마을,기타,경상남도 합천군청,055-930-3304,2025-07-24,5480000,경상남도 합천군
초계면_무릉(폐비닐),경상남도,합천군,,경상남도 합천군 초계면 상대리 280,35.5300361,128.2436278,,기타,경상남도 합천군청,055-930-3304,2025-07-24,5480000,경상남도 합천군
초계면_대동(폐비닐),경상남도,합천군,,경상남도 합천군 초계면 중리 417,35.5564699,128.2540764,,기타,경상남도 합천군청,055-930-3304,2025-07-24,5480000,경상남도 합천군
초계면_유하(폐비닐),경상남도,합천군,,경상남도 합천군 초계면 유하리 270-1,35.5410166,128.2471571,,기타,경상남도 합천군청,055-930-3304,2025-07-24,5480000,경상남도 합천군
초계면_교촌(폐비닐),경상남도,합천군,,경상남도 합천군 초계면 초계리 500,35.5565074,128.2618088,,기타,경상남도 합천군청,055-930-3304,2025-07-24,5480000,경상남도 합천군
율곡면_갑산2구(폐비닐),경상남도,합천군,,경상남도 합천군 율곡면 갑산리 564-15,35.5900712,128.2591814,,기타,경상남도 합천군청,055-930-3304,2025-07-24,5480000,경상남도 합천군
율곡면_낙민2구(폐비닐),경상남도,합천군,,경상남도 합천군 율곡면 낙민리 1358,35.5852319,128.2225868,,기타,경상남도 합천군청,055-930-3304,2025-07-24,5480000,경상남도 합천군
율곡면_본천3구(폐비닐),경상남도,합천군,,경상남도 합천군 율곡면 본천리 1053-1,35.5399102,128.1969753,,기타,경상남도 합천군청,055-930-3304,2025-07-24,5480000,경상남도 합천군
율곡면_노양1구(폐비닐),경상남도,합천군,,경상남도 합천군 율곡면 노양리 789,35.6378249,128.1865161,,기타,경상남도 합천군청,055-930-3304,2025-07-24,5480000,경상남도 합천군
율곡면_와리(폐비닐),경상남도,합천군,,경상남도 합천군 율곡면 와리 176-2,35.6215095,128.1982571,,기타,경상남도 합천군청,055-930-3304,2025-07-24,5480000,경상남도 합천군
율곡면_본천1구(폐비닐),경상남도,합천군,,경상남도 합천군 율곡면 본천리 424,35.5567639,128.1926374,,기타,경상남도 합천군청,055-930-3304,2025-07-24,5480000,경상남도 합천군
율곡면_율진1구(폐비닐),경상남도,합천군,,경상남도 합천군 율곡면 율진리 1168,35.6076124,128.1856511,,기타,경상남도 합천군청,055-930-3304,2025-07-24,5480000,경상남도 합천군
율곡면_기리(폐비닐),경상남도,합천군,,경상남도 합천군 율곡면 기리 316-1,35.6219446,128.2274796,,기타,경상남도 합천군청,055-930-3304,2025-07-24,5480000,경상남도 합천군
율곡면_노양2구(폐비닐),경상남도,합천군,,경상남도 합천군 율곡면 노양리 548-2,35.6219777,128.1929814,,기타,경상남도 합천군청,055-930-3304,2025-07-24,5480000,경상남도 합천군
율곡면_본천2구(폐비닐),경상남도,합천군,,경상남도 합천군 율곡면 본천리 306,35.5577549,128.1985633,,기타,경상남도 합천군청,055-930-3304,2025-07-24,5480000,경상남도 합천군
율곡면_영전2구(폐비닐),경상남도,합천군,,경상남도 합천군 율곡면 영전리 74-4,35.5682415,128.2070949,,기타,경상남도 합천군청,055-930-3304,2025-07-24,5480000,경상남도 합천군
율곡면_갑산1구(폐비닐),경상남도,합천군,경상남도 합천군 율곡면 갑산2길 14-6,,35.5897028,128.2457175,,기타,경상남도 합천군청,055-930-3304,2025-07-24,5480000,경상남도 합천군
율곡면_내천(폐비닐),경상남도,합천군,,경상남도 합천군 율곡면 내천리 434,35.6133436,128.2377981,,기타,경상남도 합천군청,055-930-3304,2025-07-24,5480000,경상남도 합천군
율곡면_항곡1구(폐비닐),경상남도,합천군,,경상남도 합천군 율곡면 항곡리 243-2,35.5973827,128.2124011,,기타,경상남도 합천군청,055-930-3304,2025-07-24,5480000,경상남도 합천군
율곡면_갑산3구(폐비닐),경상남도,합천군,,경상남도 합천군 율곡면 갑산리 697,35.5944949,128.2559181,,기타,경상남도 합천군청,055-930-3304,2025-07-24,5480000,경상남도 합천군
율곡면_항곡2구(폐비닐),경상남도,합천군,,경상남도 합천군 율곡면 항곡리 557-3,35.6079027,128.2118769,,기타,경상남도 합천군청,055-930-3304,2025-07-24,5480000,경상남도 합천군
율곡면_율진2구(폐비닐),경상남도,합천군,,경상남도 합천군 율곡면 율진리 521,35.5927753,128.1860252,,기타,경상남도 합천군청,055-930-3304,2025-07-24,5480000,경상남도 합천군
율곡면_제내2구(폐비닐),경상남도,합천군,,경상남도 합천군 율곡면 제내리 24-5,35.5888012,128.2177413,,기타,경상남도 합천군청,055-930-3304,2025-07-24,5480000,경상남도 합천군
야로면_매촌2구(폐비닐),경상남도,합천군,,경상남도 합천군 야로면 매촌리 635-1,35.7148879,128.1640272,,기타,경상남도 합천군청,055-930-3304,2025-07-24,5480000,경상남도 합천군
야로면_월광(폐비닐),경상남도,합천군,,경상남도 합천군 야로면 월광리 33-3,35.7277153,128.1563931,,기타,경상남도 합천군청,055-930-3304,2025-07-24,5480000,경상남도 합천군
야로면_묵촌1구(폐비닐),경상남도,합천군,,경상남도 합천군 야로면 묵촌리 2-3,35.7050381,128.1557962,,기타,경상남도 합천군청,055-930-3304,2025-07-24,5480000,경상남도 합천군
야로면_정대(폐비닐),경상남도,합천군,,경상남도 합천군 야로면 정대리 986,35.6942784,128.1672777,,기타,경상남도 합천군청,055-930-3304,2025-07-24,5480000,경상남도 합천군
야로면_금평(폐비닐),경상남도,합천군,,경상남도 합천군 야로면 금평리 557-2,35.7029705,128.1777497,,기타,경상남도 합천군청,055-930-3304,2025-07-24,5480000,경상남도 합천군
야로면_묵촌(폐비닐),경상남도,합천군,,경상남도 합천군 야로면 묵촌리 산80-11,35.6920406,128.1485558,,기타,경상남도 합천군청,055-930-3304,2025-07-24,5480000,경상남도 합천군
가야면_치인(폐비닐)_1,경상남도,합천군,,경상남도 합천군 가야면 치인리 산25-1,35.7835206,128.0458515,,기타,경상남도 합천군청,055-930-3304,2025-07-24,5480000,경상남도 합천군
가야면_이천(폐비닐),경상남도,합천군,,경상남도 합천군 가야면 이천리 554,35.7243123,128.1302226,,기타,경상남도 합천군청,055-930-3304,2025-07-24,5480000,경상남도 합천군
가야면_치인(폐비닐)_2,경상남도,합천군,,경상남도 합천군 가야면 치인리 797,35.7878906,128.0497701,,기타,경상남도 합천군청,055-930-3304,2025-07-24,5480000,경상남도 합천군
화랑대역 1번출구 버스정류장,서울특별시,노원구,서울특별시 노원구 화랑로 510,,37.61989439,127.0837446,,일반쓰레기,서울특별시 노원구청,,2025-03-26,3100000,서울특별시 노원구
공릉한보아파트 앞 버스정류장,서울특별시,노원구,서울특별시 노원구 공릉로46길 18,,37.627173,127.0799936,,일반쓰레기,서울특별시 노원구청,,2025-03-26,3100000,서울특별시 노원구
노원경찰서 앞 버스정류장,서울특별시,노원구,서울특별시 노원구 노원로16길 15,,37.64344507,127.0733372,,일반쓰레기,서울특별시 노원구청,,2025-03-26,3100000,서울특별시 노원구
서울과학기술대학교 맞은편 버스정류장,서울특별시,노원구,서울특별시 노원구 공릉로 232,,37.63307893,127.0767947,,일반쓰레기,서울특별시 노원구청,,2025-03-26,3100000,서울특별시 노원구
중계동 364-4 정담공원 내부,서울특별시,노원구,서울특별시 노원구 중계로 169,,37.65026232,127.0807682,,일반쓰레기,서울특별시 노원구청,,2025-03-26,3100000,서울특별시 노원구
파르코오피스텔 앞 버스정류장,서울특별시,노원구,서울특별시 노원구 동일로 1690-2,,37.67928212,127.0555505,,일반쓰레기,서울특별시 노원구청,,2025-03-26,3100000,서울특별시 노원구
오피앙오피스텔 앞 버스정류장,서울특별시,노원구,서울특별시 노원구 동일로 1690-2,,37.67928212,127.0555505,,일반쓰레기,서울특별시 노원구청,,2025-03-26,3100000,서울특별시 노원구
한내근린공원 앞 버스정류장,서울특별시,노원구,서울특별시 노원구 마들로 86,,37.62358892,127.0687828,,일반쓰레기,서울특별시 노원구청,,2025-03-26,3100000,서울특별시 노원구
한내지혜의숲 앞 버스정류장,서울특별시,노원구,서울특별시 노원구 마들로 86,,37.62358892,127.0687828,,일반쓰레기,서울특별시 노원구청,,2025-03-26,3100000,서울특별시 노원구
상계2동주민센터 앞 버스정류장,서울특별시,노원구,서울특별시 노원구 상계로 118,,37.65748313,127.0678641,,일반쓰레기,서울특별시 노원구청,,2025-03-26,3100000,서울특별시 노원구
상계벽산아파트 앞 버스정류장,서울특별시,노원구,서울특별시 노원구 상계로 182,,37.66090389,127.0735754,,일반쓰레기,서울특별시 노원구청,,2025-03-26,3100000,서울특별시 노원구
상계5동주민센터 앞 버스정류장,서울특별시,노원구,서울특별시 노원구 한글비석로 434,,37.66298077,127.0693673,,일반쓰레기,서울특별시 노원구청,,2025-03-26,3100000,서울특별시 노원구
계상초등학교 앞 버스정류장,서울특별시,노원구,서울특별시 노원구 한글비석로41가길 24,,37.66219777,127.0686777,,일반쓰레기,서울특별시 노원구청,,2025-03-26,3100000,서울특별시 노원구
청백아파트 103동 앞 버스정류장,서울특별시,노원구,서울특별시 노원구 초안산로 12,,37.63034387,127.0544999,,일반쓰레기,서울특별시 노원구청,,2025-03-26,3100000,서울특별시 노원구
그랑디오피스텔 앞 버스정류장,서울특별시,노원구,서울특별시 노원구 월계로 334,,37.62901731,127.0576125,,일반쓰레기,서울특별시 노원구청,,2025-03-26,3100000,서울특별시 노원구
수락홈마트 앞 버스정류장,서울특별시,노원구,서울특별시 노원구 동일로242길 11,,37.67584698,127.0562724,,일반쓰레기,서울특별시 노원구청,,2025-03-26,3100000,서울특별시 노원구
상계10동 우체국 앞 버스정류장,서울특별시,노원구,서울특별시 노원구 노원로 510,,37.66093573,127.0625889,,일반쓰레기,서울특별시 노원구청,,2025-03-26,3100000,서울특별시 노원구
임광아파트 2동 앞 버스정류장,서울특별시,노원구,서울특별시 노원구 동일로221길 22,,37.6599719,127.0573759,,일반쓰레기,서울특별시 노원구청,,2025-03-26,3100000,서울특별시 노원구
용화여고 앞 택시정류장,서울특별시,노원구,서울특별시 노원구 동일로 1461,,37.65913138,127.0582807,,일반쓰레기,서울특별시 노원구청,,2025-03-26,3100000,서울특별시 노원구
중계주공 9단지(주공905동 앞) 버스정류장,서울특별시,노원구,서울특별시 노원구 노원로16길 15,,37.64344507,127.0733372,,일반쓰레기,서울특별시 노원구청,,2025-03-26,3100000,서울특별시 노원구
태능국제종합사격장(서울여대방면)버스정류장,서울특별시,노원구,서울특별시 노원구 화랑로 653,,37.62961285,127.0950867,,일반쓰레기,서울특별시 노원구청,,2025-03-26,3100000,서울특별시 노원구
우방아파트 앞 버스정류장(502동 앞),서울특별시,노원구,서울특별시 노원구 노원로 58,,37.62692051,127.0883803,,일반쓰레기,서울특별시 노원구청,,2025-03-26,3100000,서울특별시 노원구
원자력병원 버스정류장,서울특별시,노원구,서울특별시 노원구 노원로 75,,37.62881715,127.082693,,일반쓰레기,서울특별시 노원구청,,2025-03-26,3100000,서울특별시 노원구
중계1동주민센터(중계주공4단지방면)버스정류장,서울특별시,노원구,서울특별시 노원구 한글비석로 276,,37.65189706,127.0777654,,일반쓰레기,서울특별시 노원구청,,2025-03-26,3100000,서울특별시 노원구
은행사거리(신한은행중계동지점방면)버스정류장,서울특별시,노원구,서울특별시 노원구 한글비석로 250,,37.65002891,127.077012,,일반쓰레기,서울특별시 노원구청,,2025-03-26,3100000,서울특별시 노원구
상계역(중계주공3단지방면)버스정류장,서울특별시,노원구,서울특별시 노원구 한글비석로 383,,37.65911197,127.073075,,일반쓰레기,서울특별시 노원구청,,2025-03-26,3100000,서울특별시 노원구
상계역(상계동주유소방면)버스정류장,서울특별시,노원구,서울특별시 노원구 한글비석로 384,,37.6598085,127.07324,,일반쓰레기,서울특별시 노원구청,,2025-03-26,3100000,서울특별시 노원구
"두타빌A,B동사이",서울특별시,노원구,서울특별시 노원구 한글비석로 245,,37.6492608,127.0763611,,일반쓰레기,서울특별시 노원구청,,2025-03-26,3100000,서울특별시 노원구
중계1동주민센터(은행사거리방면)버스정류장,서울특별시,노원구,서울특별시 노원구 한글비석로 269,,37.65171822,127.0767882,,일반쓰레기,서울특별시 노원구청,,2025-03-26,3100000,서울특별시 노원구
월계로 55길 16(월계사슴2단지 205동 앞) 버스정류장,서울특별시,노원구,서울특별시 노원구 월계로 55길 16,,37.63266533,127.0608256,,일반쓰레기,서울특별시 노원구청,,2025-03-26,3100000,서울특별시 노원구
월계한일1차아파트 앞 버스정류장,서울특별시,노원구,서울특별시 노원구 석계로15길 25,,37.62206287,127.0613425,,일반쓰레기,서울특별시 노원구청,,2025-03-26,3100000,서울특별시 노원구
광운대역 3번출구 앞 버스정류장,서울특별시,노원구,서울특별시 노원구 석계로 98-2,,37.62303356,127.0617635,,일반쓰레기,서울특별시 노원구청,,2025-03-26,3100000,서울특별시 노원구
광운대학교(광운로 20 앞) 버스정류장,서울특별시,노원구,서울특별시 노원구 광운로 20,,37.61932035,127.0583381,,일반쓰레기,서울특별시 노원구청,,2025-03-26,3100000,서울특별시 노원구
민들레공원,서울특별시,노원구,서울특별시 노원구 노원로 564,,37.66165211,127.0561247,,일반쓰레기,서울특별시 노원구청,,2025-03-26,3100000,서울특별시 노원구
노원에코센터(상계동 770-2) 앞 버스정류장,서울특별시,노원구,서울특별시 노원구 덕릉로 460,,37.64438255,127.059922,,일반쓰레기,서울특별시 노원구청,,2025-03-26,3100000,서울특별시 노원구
노해로 456 앞 버스정류장,서울특별시,노원구,서울특별시 노원구 노해로 456,,37.65358729,127.0587983,,일반쓰레기,서울특별시 노원구청,,2025-03-26,3100000,서울특별시 노원구
은곡초교입구교차로,서울특별시,노원구,서울특별시 노원구 한글비석로 463,,37.66421635,127.0664373,,일반쓰레기,서울특별시 노원구청,,2025-03-26,3100000,서울특별시 노원구
당고개역(상계로 312-1 앞) 버스정류장,서울특별시,노원구,서울특별시 노원구 상계로 312-1,,37.67041582,127.0800568,,일반쓰레기,서울특별시 노원구청,,2025-03-26,3100000,서울특별시 노원구
당고개역(상계동 111-484 앞) 버스정류장,서울특별시,노원구,,서울특별시 노원구 상계동 111-484,37.64100553,127.0721484,,일반쓰레기,서울특별시 노원구청,,2025-03-26,3100000,서울특별시 노원구
수락산역 3번출구(동일로 1668 앞) 버스정류장,서울특별시,노원구,서울특별시 노원구 동일로 1668,,37.67713768,127.0555972,,일반쓰레기,서울특별시 노원구청,,2025-03-26,3100000,서울특별시 노원구
수락산역 4번출구(동일로 1669 앞) 버스정류장,서울특별시,노원구,서울특별시 노원구 동일로 1669,,37.67745849,127.054894,,일반쓰레기,서울특별시 노원구청,,2025-03-26,3100000,서울특별시 노원구
도봉운전면허시험장 앞 버스정류장,서울특별시,노원구,서울특별시 노원구 동일로 1426-3,,37.65595916,127.0603291,,일반쓰레기,서울특별시 노원구청,,2025-03-26,3100000,서울특별시 노원구
상계동 820(서울교통공사창동차량사업소) 앞 버스정류장,서울특별시,노원구,서울특별시 노원구 동일로 1449,,37.65748572,127.0588513,,일반쓰레기,서울특별시 노원구청,,2025-03-26,3100000,서울특별시 노원구
"서울생활사박물관,농협앞 버스정류장",서울특별시,노원구,서울특별시 노원구 화랑로 457,,37.61875199,127.0778767,,일반쓰레기,서울특별시 노원구청,,2025-03-26,3100000,서울특별시 노원구
공릉시장(공릉역1번출구방면)버스정류장,서울특별시,노원구,서울특별시 노원구 동일로 1038,,37.62279121,127.07424,,일반쓰레기,서울특별시 노원구청,,2025-03-26,3100000,서울특별시 노원구
동일로 1082(대우직업능력개발원) 앞 버스정류장,서울특별시,노원구,서울특별시 노원구 동일로 1082,,37.64100553,127.0721484,,일반쓰레기,서울특별시 노원구청,,2025-03-26,3100000,서울특별시 노원구
동일로 1101(KB국민은행) 앞 버스정류장,서울특별시,노원구,서울특별시 노원구 동일로 1101,,37.62825426,127.0710099,,일반쓰레기,서울특별시 노원구청,,2025-03-26,3100000,서울특별시 노원구
서울과학기술대입구(하계미성아파트방면)버스정류장,서울특별시,노원구,서울특별시 노원구 동일로 1104,,37.62849889,127.0718707,,일반쓰레기,서울특별시 노원구청,,2025-03-26,3100000,서울특별시 노원구
하계역 세이브존 앞 버스정류장,서울특별시,노원구,서울특별시 노원구 한글비석로 57,,37.63662358,127.0689153,,일반쓰레기,서울특별시 노원구청,,2025-03-26,3100000,서울특별시 노원구
하계역 5번출구 버스정류장,서울특별시,노원구,서울특별시 노원구 섬밭로 210-2,,37.63488722,127.0662096,,일반쓰레기,서울특별시 노원구청,,2025-03-26,3100000,서울특별시 노원구
하계역 미성아파트(6동 앞) 버스정류장,서울특별시,노원구,서울특별시 노원구 공릉로59길 28,,37.6342349,127.0696715,,일반쓰레기,서울특별시 노원구청,,2025-03-26,3100000,서울특별시 노원구
하계역 6번출구 버스정류장,서울특별시,노원구,서울특별시 노원구 섬밭로 232,,37.63661517,127.0656682,,일반쓰레기,서울특별시 노원구청,,2025-03-26,3100000,서울특별시 노원구
중계역 1번출구 버스정류장,서울특별시,노원구,서울특별시 노원구 동일로 1231-2,,37.63914793,127.0666156,,일반쓰레기,서울특별시 노원구청,,2025-03-26,3100000,서울특별시 노원구
서울시립북서울미술관(동일로 1238) 버스정류장,서울특별시,노원구,서울특별시 노원구 동일로 1231-2,,37.63914793,127.0666156,,일반쓰레기,서울특별시 노원구청,,2025-03-26,3100000,서울특별시 노원구
노원구민의전당(동일로 1229) 앞 버스정류장,서울특별시,노원구,서울특별시 노원구 동일로 1231-2,,37.63914793,127.0666156,,일반쓰레기,서울특별시 노원구청,,2025-03-26,3100000,서울특별시 노원구
중계역 4번출구 버스정류장,서울특별시,노원구,서울특별시 노원구 동일로 1231-2,,37.63914793,127.0666156,,일반쓰레기,서울특별시 노원구청,,2025-03-26,3100000,서울특별시 노원구
어린이교통공원(중계동 500) 버스정류장,서울특별시,노원구,서울특별시 노원구 덕릉로 483,,37.64560941,127.0627148,,일반쓰레기,서울특별시 노원구청,,2025-03-26,3100000,서울특별시 노원구
월계헬스케어센터(월계로 378) 앞 버스정류장,서울특별시,노원구,서울특별시 노원구 월계로 378,,37.63145003,127.0615911,,일반쓰레기,서울특별시 노원구청,,2025-03-26,3100000,서울특별시 노원구
월계주공 1단지(108동) 버스정류장,서울특별시,노원구,서울특별시 노원구 초안산로1길 15,,37.62729655,127.053318,,일반쓰레기,서울특별시 노원구청,,2025-03-26,3100000,서울특별시 노원구
월계주공 1단지(103동) 버스정류장,서울특별시,노원구,서울특별시 노원구 초안산로1길 15,,37.62729655,127.053318,,일반쓰레기,서울특별시 노원구청,,2025-03-26,3100000,서울특별시 노원구
상계주공10단지(1001동 앞) 버스정류장,서울특별시,노원구,서울특별시 노원구 노원로 564,,37.66165211,127.0561247,,일반쓰레기,서울특별시 노원구청,,2025-03-26,3100000,서울특별시 노원구
상계주공15단지(1508동 앞) 버스정류장,서울특별시,노원구,서울특별시 노원구 동일로227길 26,,37.67019074,127.0546889,,일반쓰레기,서울특별시 노원구청,,2025-03-26,3100000,서울특별시 노원구
상계주공4단지(상계동 749-3 앞) 버스정류장,서울특별시,노원구,서울특별시 노원구 동일로 1368,,37.65074309,127.0619264,,일반쓰레기,서울특별시 노원구청,,2025-03-26,3100000,서울특별시 노원구
상계주공 2단지(201동 앞) 버스정류장,서울특별시,노원구,서울특별시 노원구 동일로 1355,,37.64970076,127.0613593,,일반쓰레기,서울특별시 노원구청,,2025-03-26,3100000,서울특별시 노원구
당현천 근린공원(동일로 1328-1) 버스정류장,서울특별시,노원구,서울특별시 노원구 동일로 1328-1,,37.64741034,127.0636403,,일반쓰레기,서울특별시 노원구청,,2025-03-26,3100000,서울특별시 노원구
장미아파트 버스정류장(602동 앞),서울특별시,노원구,서울특별시 노원구 섬밭로 196,,37.63399762,127.0672779,,일반쓰레기,서울특별시 노원구청,,2025-03-26,3100000,서울특별시 노원구
대병면_하금1구(폐비닐),경상남도,합천군,,경상남도 합천군 대병면 하금리 704,35.5316067,127.9914876,,기타,경상남도 합천군청,055-930-3304,2025-07-24,5480000,경상남도 합천군
대병면_성리3구(폐비닐),경상남도,합천군,,경상남도 합천군 대병면 성리 127,35.5296404,128.0688629,,기타,경상남도 합천군청,055-930-3304,2025-07-24,5480000,경상남도 합천군
대병면_성리1구(폐비닐),경상남도,합천군,,경상남도 합천군 대병면 성리 1188-2,35.5232584,128.0511719,,기타,경상남도 합천군청,055-930-3304,2025-07-24,5480000,경상남도 합천군
가회면_연동(폐비닐),경상남도,합천군,,경상남도 합천군 가회면 덕촌리 1063,35.4309836,128.0164104,,기타,경상남도 합천군청,055-930-3304,2025-07-24,5480000,경상남도 합천군
가회면_내사(폐비닐),경상남도,합천군,,경상남도 합천군 가회면 외사리 45-2,35.4373834,128.0827283,내사마을,기타,경상남도 합천군청,055-930-3304,2025-07-24,5480000,경상남도 합천군
가회면_다공(폐비닐),경상남도,합천군,,경상남도 합천군 가회면 장대리 138,35.4600174,128.0684069,다공마을,기타,경상남도 합천군청,055-930-3304,2025-07-24,5480000,경상남도 합천군
가회면_동곡(폐비닐),경상남도,합천군,,경상남도 합천군 가회면 중촌리 산131,35.4427931,128.0031728,동곡마을회관 뒤,기타,경상남도 합천군청,055-930-3304,2025-07-24,5480000,경상남도 합천군
가회면_두심(폐비닐),경상남도,합천군,,경상남도 합천군 가회면 둔내리 159-3,35.4840656,128.0234744,두심마을,기타,경상남도 합천군청,055-930-3304,2025-07-24,5480000,경상남도 합천군
가회면_오도(폐비닐),경상남도,합천군,,경상남도 합천군 가회면 오도리 77-13,35.4467922,128.0270656,오도마을,기타,경상남도 합천군청,055-930-3304,2025-07-24,5480000,경상남도 합천군
가회면_구전(폐비닐),경상남도,합천군,,경상남도 합천군 가회면 함방리 339,35.4279514,128.0335679,구전마을,기타,경상남도 합천군청,055-930-3304,2025-07-24,5480000,경상남도 합천군
가회면_외사(폐비닐),경상남도,합천군,,경상남도 합천군 가회면 외사리 609-3,35.4259144,128.0737963,외사마을,기타,경상남도 합천군청,055-930-3304,2025-07-24,5480000,경상남도 합천군
가회면_산두(폐비닐),경상남도,합천군,,경상남도 합천군 가회면 월계리 504-4,35.4848477,128.0568122,산두마을,기타,경상남도 합천군청,055-930-3304,2025-07-24,5480000,경상남도 합천군
가회면_복치동(폐비닐),경상남도,합천군,,경상남도 합천군 가회면 둔내리 761-3,35.4713937,128.0120221,복치동마을,기타,경상남도 합천군청,055-930-3304,2025-07-24,5480000,경상남도 합천군
삼가면_문송(신기)(폐비닐),경상남도,합천군,,경상남도 합천군 삼가면 문송리 496-6,35.4254745,128.0968232,,기타,경상남도 합천군청,055-930-3304,2025-07-24,5480000,경상남도 합천군
삼가면_덕진(폐비닐),경상남도,합천군,,경상남도 합천군 삼가면 덕진리 167,35.4108511,128.0886139,,기타,경상남도 합천군청,055-930-3304,2025-07-24,5480000,경상남도 합천군
삼가면_외토(토동)(폐비닐),경상남도,합천군,,경상남도 합천군 삼가면 외토리 610-20,35.3864566,128.1031168,,기타,경상남도 합천군청,055-930-3304,2025-07-24,5480000,경상남도 합천군
삼가면_소오(교동)(폐비닐),경상남도,합천군,,경상남도 합천군 삼가면 소오리 176-3,35.4067591,128.1194705,,기타,경상남도 합천군청,055-930-3304,2025-07-24,5480000,경상남도 합천군
삼가면_선별장(폐비닐),경상남도,합천군,,경상남도 합천군 삼가면 소오리 517-2,35.4099565,128.1128249,,기타,경상남도 합천군청,055-930-3304,2025-07-24,5480000,경상남도 합천군
삼가면_동리(구전)(폐비닐),경상남도,합천군,,경상남도 합천군 삼가면 동리 269,35.4182886,128.1437571,,기타,경상남도 합천군청,055-930-3304,2025-07-24,5480000,경상남도 합천군
삼가면_동리(인평)(폐비닐),경상남도,합천군,,경상남도 합천군 삼가면 동리 575-1,35.4164918,128.1535761,,기타,경상남도 합천군청,055-930-3304,2025-07-24,5480000,경상남도 합천군
삼가면_아초(폐비닐),경상남도,합천군,,경상남도 합천군 삼가면 용흥리 889-1,35.3960838,128.1308377,,기타,경상남도 합천군청,055-930-3304,2025-07-24,5480000,경상남도 합천군
쌍백면_월계(폐비닐),경상남도,합천군,경상남도 합천군 쌍백면 안계2길 2,,35.4359947,128.1819191,,기타,경상남도 합천군청,055-930-3304,2025-07-24,5480000,경상남도 합천군
쌍백면_어파(폐비닐),경상남도,합천군,,경상남도 합천군 쌍백면 외초리 394,35.4193878,128.1653311,,기타,경상남도 합천군청,055-930-3304,2025-07-24,5480000,경상남도 합천군
쌍백면_삼리(폐비닐),경상남도,합천군,,경상남도 합천군 쌍백면 삼리 251-1,35.4676312,128.0986697,,기타,경상남도 합천군청,055-930-3304,2025-07-24,5480000,경상남도 합천군
쌍백면_하안(폐비닐),경상남도,합천군,,경상남도 합천군 쌍백면 평구리 887-1,35.4411999,128.1379711,,기타,경상남도 합천군청,055-930-3304,2025-07-24,5480000,경상남도 합천군
쌍백면_평구2구(폐비닐),경상남도,합천군,,경상남도 합천군 쌍백면 평구리 312,35.4402935,128.1497441,,기타,경상남도 합천군청,055-930-3304,2025-07-24,5480000,경상남도 합천군
쌍백면_안구(폐비닐),경상남도,합천군,,경상남도 합천군 쌍백면 평구리 629-1,35.4356237,128.1427967,,기타,경상남도 합천군청,055-930-3304,2025-07-24,5480000,경상남도 합천군
쌍백면_대곡(폐비닐),경상남도,합천군,,경상남도 합천군 쌍백면 대곡리 577-1,35.4687129,128.1893531,,기타,경상남도 합천군청,055-930-3304,2025-07-24,5480000,경상남도 합천군
쌍백면_내초(폐비닐),경상남도,합천군,,경상남도 합천군 쌍백면 외초리 123,35.4110224,128.1720415,,기타,경상남도 합천군청,055-930-3304,2025-07-24,5480000,경상남도 합천군
쌍백면_이암(폐비닐),경상남도,합천군,,경상남도 합천군 쌍백면 죽전리 736-3,35.4585131,128.1146334,,기타,경상남도 합천군청,055-930-3304,2025-07-24,5480000,경상남도 합천군
쌍백면_대현(폐비닐),경상남도,합천군,,경상남도 합천군 쌍백면 대현리 515-1,35.4459721,128.1941906,,기타,경상남도 합천군청,055-930-3304,2025-07-24,5480000,경상남도 합천군
쌍백면_향묵(폐비닐),경상남도,합천군,,경상남도 합천군 쌍백면 육리 1291-1,35.4539401,128.1640247,,기타,경상남도 합천군청,055-930-3304,2025-07-24,5480000,경상남도 합천군
쌍백면_하신(폐비닐),경상남도,합천군,,경상남도 합천군 쌍백면 하신리 972,35.4545748,128.1395142,,기타,경상남도 합천군청,055-930-3304,2025-07-24,5480000,경상남도 합천군
북구청건너 버스정류장,대구광역시,북구,대구광역시 북구 옥산로 70,대구광역시 북구 고성동3가 46,35.88443602,128.5826788,,일반쓰레기,대구광역시 북구 자원순환과,053-665-2498,2025-07-23,3450000,대구광역시 북구
가야면_야천리(재활용 동네마당)_2,경상남도,합천군,,경상남도 합천군 가야면 야천리 717,35.7694726,128.1359809,,재활용쓰레기,경상남도 합천군청,055-930-3304,2025-07-24,5480000,경상남도 합천군
가야면_대전리(재활용 동네마당),경상남도,합천군,,경상남도 합천군 가야면 대전리 727-1,35.7408249,128.0785634,,재활용쓰레기,경상남도 합천군청,055-930-3304,2025-07-24,5480000,경상남도 합천군
가야면_매화리(재활용 동네마당)_2,경상남도,합천군,,경상남도 합천군 가야면 매화리 716-5,35.7413236,128.1188295,,재활용쓰레기,경상남도 합천군청,055-930-3304,2025-07-24,5480000,경상남도 합천군
가야면_성기리(재활용 동네마당),경상남도,합천군,,경상남도 합천군 가야면 성기리 660-7,35.7213735,128.1027065,,재활용쓰레기,경상남도 합천군청,055-930-3304,2025-07-24,5480000,경상남도 합천군
가야면_사촌리(재활용 동네마당)_2,경상남도,합천군,,경상남도 합천군 가야면 사촌리 50-5,35.7542329,128.1341083,사촌1구마을,재활용쓰레기,경상남도 합천군청,055-930-3304,2025-07-24,5480000,경상남도 합천군
가야면_구원리(재활용 동네마당),경상남도,합천군,,경상남도 합천군 가야면 구원리 242-5,35.7822292,128.1253061,원동마을,재활용쓰레기,경상남도 합천군청,055-930-3304,2025-07-24,5480000,경상남도 합천군
가야면_매안리(재활용 동네마당)_1,경상남도,합천군,,경상남도 합천군 가야면 매안리 566-8,35.7308371,128.1034151,매안2리 상매동회관 앞,재활용쓰레기,경상남도 합천군청,055-930-3304,2025-07-24,5480000,경상남도 합천군
가야면_매안리(재활용 동네마당)_2,경상남도,합천군,,경상남도 합천군 가야면 매안리 432,35.7306414,128.1105892,마을회관,재활용쓰레기,경상남도 합천군청,055-930-3304,2025-07-24,5480000,경상남도 합천군
묘산면_도옥리(재활용 동네마당),경상남도,합천군,,경상남도 합천군 묘산면 도옥리 156-2,35.6627489,128.1222695,장촌마을,재활용쓰레기,경상남도 합천군청,055-930-3304,2025-07-24,5480000,경상남도 합천군
묘산면_안성리(재활용 동네마당),경상남도,합천군,,경상남도 합천군 묘산면 안성리 204-4,35.6741823,128.1352668,평촌마을,재활용쓰레기,경상남도 합천군청,055-930-3304,2025-07-24,5480000,경상남도 합천군
봉산면_상현리(재활용 동네마당),경상남도,합천군,,경상남도 합천군 봉산면 상현리 396,35.6408308,128.0342641,,재활용쓰레기,경상남도 합천군청,055-930-3304,2025-07-24,5480000,경상남도 합천군
봉산면_권빈리(재활용 동네마당)_1,경상남도,합천군,,경상남도 합천군 봉산면 권빈리 958-8,35.6343195,128.0645361,권빈3구,재활용쓰레기,경상남도 합천군청,055-930-3304,2025-07-24,5480000,경상남도 합천군
봉산면_권빈리(재활용 동네마당)_2,경상남도,합천군,,경상남도 합천군 봉산면 권빈리 347-2,35.6195243,128.0712361,권빈2구,재활용쓰레기,경상남도 합천군청,055-930-3304,2025-07-24,5480000,경상남도 합천군
봉산면_압곡리(재활용 동네마당),경상남도,합천군,,경상남도 합천군 봉산면 압곡리 721,35.6385721,128.0496663,압곡1구,재활용쓰레기,경상남도 합천군청,055-930-3304,2025-07-24,5480000,경상남도 합천군
봉산면_권빈리(재활용 동네마당)_3,경상남도,합천군,,경상남도 합천군 봉산면 권빈리 1515-2,35.6354552,128.0646475,권빈1구,재활용쓰레기,경상남도 합천군청,055-930-3304,2025-07-24,5480000,경상남도 합천군
봉산면_양지리(재활용 동네마당),경상남도,합천군,,경상남도 합천군 봉산면 양지리 511,35.5945863,128.0046024,양지1구 마을,재활용쓰레기,경상남도 합천군청,055-930-3304,2025-07-24,5480000,경상남도 합천군
봉산면_봉계리(재활용 동네마당),경상남도,합천군,,경상남도 합천군 봉산면 봉계리 849,35.6106827,128.0230367,봉계마을,재활용쓰레기,경상남도 합천군청,055-930-3304,2025-07-24,5480000,경상남도 합천군
봉산면_노곡리(재활용 동네마당),경상남도,합천군,,경상남도 합천군 봉산면 노곡리 908,35.5891959,127.9932802,노곡3구 마을,재활용쓰레기,경상남도 합천군청,055-930-3304,2025-07-24,5480000,경상남도 합천군
합천읍_인곡리(재활용 동네마당),경상남도,합천군,,경상남도 합천군 합천읍 인곡리 64-8,35.6071311,128.1070746,정거장 옆,재활용쓰레기,경상남도 합천군청,055-930-3304,2025-07-24,5480000,경상남도 합천군
용주면_성산(폐비닐),경상남도,합천군,,경상남도 합천군 용주면 성산리 산84,35.5514718,128.1413032,,기타,경상남도 합천군청,055-930-3304,2025-07-24,5480000,경상남도 합천군
용주면_고품(폐비닐),경상남도,합천군,,경상남도 합천군 용주면 고품리 179,35.5551054,128.1148921,,기타,경상남도 합천군청,055-930-3304,2025-07-24,5480000,경상남도 합천군
용주면_가호(폐비닐),경상남도,합천군,,경상남도 합천군 용주면 가호리 394,35.5503536,128.0698733,,기타,경상남도 합천군청,055-930-3304,2025-07-24,5480000,경상남도 합천군
용주면_용지(선별장)(폐비닐),경상남도,합천군,경상남도 합천군 용주면 황계폭포로 1061-12,,35.5344976,128.1172005,,기타,경상남도 합천군청,055-930-3304,2025-07-24,5480000,경상남도 합천군
용주면_월평(폐비닐),경상남도,합천군,,경상남도 합천군 용주면 월평리 693-3,35.5659011,128.1179081,,기타,경상남도 합천군청,055-930-3304,2025-07-24,5480000,경상남도 합천군
용주면_공암(폐비닐),경상남도,합천군,,경상남도 합천군 용주면 공암리 171,35.5058099,128.1037211,,기타,경상남도 합천군청,055-930-3304,2025-07-24,5480000,경상남도 합천군
용주면_방곡(폐비닐),경상남도,합천군,,경상남도 합천군 용주면 방곡리 826-1,35.5731171,128.1025169,,기타,경상남도 합천군청,055-930-3304,2025-07-24,5480000,경상남도 합천군
대병면_상천(폐비닐),경상남도,합천군,,경상남도 합천군 대병면 상천리 515-2,35.5440701,128.0272526,,기타,경상남도 합천군청,055-930-3304,2025-07-24,5480000,경상남도 합천군
대병면_회양2구(폐비닐),경상남도,합천군,,경상남도 합천군 대병면 회양리 337-1,35.5189139,128.0200666,,기타,경상남도 합천군청,055-930-3304,2025-07-24,5480000,경상남도 합천군
대병면_유전(폐비닐),경상남도,합천군,,경상남도 합천군 대병면 유전리 920-2,35.5396647,127.9874063,,기타,경상남도 합천군청,055-930-3304,2025-07-24,5480000,경상남도 합천군
대병면_평학(폐비닐),경상남도,합천군,,경상남도 합천군 대병면 성리 480,35.5448103,128.0514062,,기타,경상남도 합천군청,055-930-3304,2025-07-24,5480000,경상남도 합천군
대병면_장단1구(폐비닐),경상남도,합천군,,경상남도 합천군 대병면 장단리 1214,35.5092501,128.0531473,,기타,경상남도 합천군청,055-930-3304,2025-07-24,5480000,경상남도 합천군
DGB대구은행파크동편 버스정류장,대구광역시,북구,대구광역시 북구 고성로 191,대구광역시 북구 고성동3가 2,35.88301935,128.5861543,,일반쓰레기,대구광역시 북구 자원순환과,053-665-2498,2025-07-23,3450000,대구광역시 북구
청덕면_초곡(폐비닐),경상남도,합천군,경상남도 합천군 청덕면 초곡길 151-1,,35.5160212,128.3398438,,기타,경상남도 합천군청,055-930-3304,2025-07-24,5480000,경상남도 합천군
청덕면_평촌(폐비닐),경상남도,합천군,,경상남도 합천군 청덕면 운봉리 191-1,35.6111565,128.3080481,,기타,경상남도 합천군청,055-930-3304,2025-07-24,5480000,경상남도 합천군
청덕면_송정(폐비닐),경상남도,합천군,,경상남도 합천군 청덕면 운봉리 913,35.6150238,128.3007334,,기타,경상남도 합천군청,055-930-3304,2025-07-24,5480000,경상남도 합천군
청덕면_소례(폐비닐),경상남도,합천군,,경상남도 합천군 청덕면 소례리 1075-5,35.5982595,128.3345075,,기타,경상남도 합천군청,055-930-3304,2025-07-24,5480000,경상남도 합천군
청덕면_중회(폐비닐),경상남도,합천군,,경상남도 합천군 청덕면 가현리 948-4,35.5609424,128.3213688,,기타,경상남도 합천군청,055-930-3304,2025-07-24,5480000,경상남도 합천군
청덕면_내삼학(폐비닐),경상남도,합천군,,경상남도 합천군 청덕면 삼학리 600,35.5887465,128.3389812,,기타,경상남도 합천군청,055-930-3304,2025-07-24,5480000,경상남도 합천군
청덕면_중적포(폐비닐),경상남도,합천군,,경상남도 합천군 청덕면 적포리 591,35.5664288,128.3515075,,기타,경상남도 합천군청,055-930-3304,2025-07-24,5480000,경상남도 합천군
청덕면_소부(폐비닐),경상남도,합천군,,경상남도 합천군 청덕면 대부리 584-2,35.5477091,128.3414775,,기타,경상남도 합천군청,055-930-3304,2025-07-24,5480000,경상남도 합천군
청덕면_송기(폐비닐),경상남도,합천군,,경상남도 합천군 청덕면 두곡리 515-7,35.5564801,128.3147328,,기타,경상남도 합천군청,055-930-3304,2025-07-24,5480000,경상남도 합천군
청덕면_정동(폐비닐),경상남도,합천군,,경상남도 합천군 청덕면 초곡리 833-3,35.5131481,128.3358188,,기타,경상남도 합천군청,055-930-3304,2025-07-24,5480000,경상남도 합천군
청덕면_유천(폐비닐),경상남도,합천군,,경상남도 합천군 청덕면 앙진리 42-8,35.5059079,128.3703914,,기타,경상남도 합천군청,055-930-3304,2025-07-24,5480000,경상남도 합천군
덕곡면_북동(폐비닐),경상남도,합천군,,경상남도 합천군 덕곡면 포두리 13-25,35.6403539,128.3532222,,기타,경상남도 합천군청,055-930-3304,2025-07-24,5480000,경상남도 합천군
덕곡면_율원(폐비닐),경상남도,합천군,,경상남도 합천군 덕곡면 율원리 562,35.6385662,128.2902215,,기타,경상남도 합천군청,055-930-3304,2025-07-24,5480000,경상남도 합천군
덕곡면_율지(폐비닐),경상남도,합천군,,경상남도 합천군 덕곡면 율지리 314-1,35.6135357,128.3540977,,기타,경상남도 합천군청,055-930-3304,2025-07-24,5480000,경상남도 합천군
쌍책면_오서(폐비닐),경상남도,합천군,,경상남도 합천군 쌍책면 오서리 14-6,35.5754616,128.2747241,,기타,경상남도 합천군청,055-930-3304,2025-07-24,5480000,경상남도 합천군
쌍책면_월곡(폐비닐),경상남도,합천군,,경상남도 합천군 쌍책면 하신리 278-3,35.6236036,128.2499611,,기타,경상남도 합천군청,055-930-3304,2025-07-24,5480000,경상남도 합천군
쌍책면_덕봉(폐비닐),경상남도,합천군,,경상남도 합천군 쌍책면 덕봉리 575,35.5998065,128.2791555,,기타,경상남도 합천군청,055-930-3304,2025-07-24,5480000,경상남도 합천군
쌍책면_진정(폐비닐),경상남도,합천군,,경상남도 합천군 쌍책면 다라리 826-25,35.5873511,128.2862296,,기타,경상남도 합천군청,055-930-3304,2025-07-24,5480000,경상남도 합천군
쌍책면_사양(폐비닐),경상남도,합천군,,경상남도 합천군 쌍책면 사양리 407-2,35.6251061,128.2721116,,기타,경상남도 합천군청,055-930-3304,2025-07-24,5480000,경상남도 합천군
쌍책면_창동(폐비닐),경상남도,합천군,,경상남도 합천군 쌍책면 하신리 294-2,35.6283401,128.2522059,,기타,경상남도 합천군청,055-930-3304,2025-07-24,5480000,경상남도 합천군
쌍책면_중촌(폐비닐),경상남도,합천군,,경상남도 합천군 쌍책면 다라리 536-1,35.5808822,128.2924628,,기타,경상남도 합천군청,055-930-3304,2025-07-24,5480000,경상남도 합천군
쌍책면_박곡(폐비닐),경상남도,합천군,,경상남도 합천군 쌍책면 상신리 산241-1,35.6361694,128.2623223,,기타,경상남도 합천군청,055-930-3304,2025-07-24,5480000,경상남도 합천군
쌍책면_외촌(폐비닐),경상남도,합천군,,경상남도 합천군 쌍책면 성산리 252,35.5797672,128.2876149,,기타,경상남도 합천군청,055-930-3304,2025-07-24,5480000,경상남도 합천군
쌍책면_관수(폐비닐),경상남도,합천군,,경상남도 합천군 쌍책면 상포리 448,35.5827021,128.2736784,,기타,경상남도 합천군청,055-930-3304,2025-07-24,5480000,경상남도 합천군
쌍책면_도방(폐비닐),경상남도,합천군,,경상남도 합천군 쌍책면 상신리 526,35.6367168,128.2507747,,기타,경상남도 합천군청,055-930-3304,2025-07-24,5480000,경상남도 합천군
쌍책면_매호(폐비닐),경상남도,합천군,,경상남도 합천군 쌍책면 건태리 1043,35.6011368,128.2648126,,기타,경상남도 합천군청,055-930-3304,2025-07-24,5480000,경상남도 합천군
쌍책면_제촌(폐비닐),경상남도,합천군,,경상남도 합천군 쌍책면 오서리 723,35.5711881,128.2752279,,기타,경상남도 합천군청,055-930-3304,2025-07-24,5480000,경상남도 합천군
쌍책면_상포(폐비닐),경상남도,합천군,,경상남도 합천군 쌍책면 상포리 411-5,35.5840098,128.2693464,,기타,경상남도 합천군청,055-930-3304,2025-07-24,5480000,경상남도 합천군
쌍책면_건태(폐비닐),경상남도,합천군,,경상남도 합천군 쌍책면 건태리 산69-5,35.6061554,128.2488582,,기타,경상남도 합천군청,055-930-3304,2025-07-24,5480000,경상남도 합천군
초계면_대평(폐비닐),경상남도,합천군,,경상남도 합천군 초계면 대평리 161-1,35.5468275,128.2529431,,기타,경상남도 합천군청,055-930-3304,2025-07-24,5480000,경상남도 합천군
초계면_중리(폐비닐),경상남도,합천군,,경상남도 합천군 초계면 중리 380-21,35.5590822,128.2505437,,기타,경상남도 합천군청,055-930-3304,2025-07-24,5480000,경상남도 합천군
초계면_원당(폐비닐),경상남도,합천군,,경상남도 합천군 초계면 원당리 416-1,35.5381834,128.2396493,원당마을회관 뒤,기타,경상남도 합천군청,055-930-3304,2025-07-24,5480000,경상남도 합천군
초계면_각곡(폐비닐),경상남도,합천군,,경상남도 합천군 초계면 택리 598-4,35.5474392,128.2403055,,기타,경상남도 합천군청,055-930-3304,2025-07-24,5480000,경상남도 합천군
북대구세무서 앞 버스정류장,대구광역시,북구,대구광역시 북구 원대로 118,대구광역시 북구 침산동 402-1,35.88788184,128.5834556,,일반쓰레기,대구광역시 북구 자원순환과,053-665-2498,2025-07-23,3450000,대구광역시 북구
쌍백면_안계(폐비닐),경상남도,합천군,,경상남도 합천군 쌍백면 안계리 908-3,35.4422616,128.1863612,,기타,경상남도 합천군청,055-930-3304,2025-07-24,5480000,경상남도 합천군
쌍백면_외초(폐비닐),경상남도,합천군,,경상남도 합천군 쌍백면 외초리 1062-2,35.4123892,128.1680035,,기타,경상남도 합천군청,055-930-3304,2025-07-24,5480000,경상남도 합천군
쌍백면_신기(폐비닐),경상남도,합천군,,경상남도 합천군 쌍백면 육리 1248,35.4649726,128.1831963,,기타,경상남도 합천군청,055-930-3304,2025-07-24,5480000,경상남도 합천군
쌍백면_평지2구(중촌)(폐비닐),경상남도,합천군,,경상남도 합천군 쌍백면 평지리 446,35.4391394,128.1703941,,기타,경상남도 합천군청,055-930-3304,2025-07-24,5480000,경상남도 합천군
대양면_하도리(폐비닐),경상남도,합천군,,경상남도 합천군 대양면 도리 337-10,35.5011227,128.1542771,,기타,경상남도 합천군청,055-930-3304,2025-07-24,5480000,경상남도 합천군
대양면_대목(사곡)(폐비닐),경상남도,합천군,,경상남도 합천군 대양면 대목리 558,35.5215585,128.1667752,,기타,경상남도 합천군청,055-930-3304,2025-07-24,5480000,경상남도 합천군
대양면_상무곡(폐비닐),경상남도,합천군,,경상남도 합천군 대양면 무곡리 389,35.5251456,128.1969172,,기타,경상남도 합천군청,055-930-3304,2025-07-24,5480000,경상남도 합천군
대양면_양산(배미동)(폐비닐),경상남도,합천군,,경상남도 합천군 대양면 양산리 923-7,35.5085524,128.1787203,,기타,경상남도 합천군청,055-930-3304,2025-07-24,5480000,경상남도 합천군
대양면_무곡(폐비닐),경상남도,합천군,,경상남도 합천군 대양면 무곡리 984,35.5213401,128.1866761,,기타,경상남도 합천군청,055-930-3304,2025-07-24,5480000,경상남도 합천군
대양면_상촌(폐비닐),경상남도,합천군,,경상남도 합천군 대양면 백암리 367,35.4969628,128.2209542,,기타,경상남도 합천군청,055-930-3304,2025-07-24,5480000,경상남도 합천군
대양면_안금본동(폐비닐),경상남도,합천군,,경상남도 합천군 대양면 안금리 576-2,35.4959148,128.1848427,,기타,경상남도 합천군청,055-930-3304,2025-07-24,5480000,경상남도 합천군
대양면_오산(폐비닐),경상남도,합천군,,경상남도 합천군 대양면 오산리 307,35.4992874,128.2310794,,기타,경상남도 합천군청,055-930-3304,2025-07-24,5480000,경상남도 합천군
대양면_덕정(폐비닐),경상남도,합천군,,경상남도 합천군 대양면 덕정리 925-18,35.5154903,128.1744911,,기타,경상남도 합천군청,055-930-3304,2025-07-24,5480000,경상남도 합천군
적중면_정토(폐비닐),경상남도,합천군,,경상남도 합천군 적중면 정토리 206-1,35.5296748,128.2569581,,기타,경상남도 합천군청,055-930-3304,2025-07-24,5480000,경상남도 합천군
적중면_옥두(폐비닐),경상남도,합천군,,경상남도 합천군 적중면 옥두리 612-3,35.5502596,128.2899471,,기타,경상남도 합천군청,055-930-3304,2025-07-24,5480000,경상남도 합천군
적중면_평산(폐비닐),경상남도,합천군,,경상남도 합천군 적중면 황정리 290,35.5391096,128.2861684,,기타,경상남도 합천군청,055-930-3304,2025-07-24,5480000,경상남도 합천군
적중면_황정(폐비닐),경상남도,합천군,,경상남도 합천군 적중면 황정리 493,35.5369988,128.2830071,,기타,경상남도 합천군청,055-930-3304,2025-07-24,5480000,경상남도 합천군
적중면_죽고(폐비닐),경상남도,합천군,,경상남도 합천군 적중면 죽고리 287-2,35.5705284,128.3022329,,기타,경상남도 합천군청,055-930-3304,2025-07-24,5480000,경상남도 합천군
적중면_두방(폐비닐),경상남도,합천군,,경상남도 합천군 적중면 두방리 357,35.5385442,128.2926178,,기타,경상남도 합천군청,055-930-3304,2025-07-24,5480000,경상남도 합천군
적중면_누하(폐비닐),경상남도,합천군,,경상남도 합천군 적중면 누하리 554-1,35.5297239,128.2675219,,기타,경상남도 합천군청,055-930-3304,2025-07-24,5480000,경상남도 합천군
적중면_양림(폐비닐),경상남도,합천군,,경상남도 합천군 적중면 양림리 887-14,35.5345637,128.2637114,,기타,경상남도 합천군청,055-930-3304,2025-07-24,5480000,경상남도 합천군
적중면_명곡(폐비닐),경상남도,합천군,,경상남도 합천군 적중면 누하리 26-1,35.5313153,128.2733605,,기타,경상남도 합천군청,055-930-3304,2025-07-24,5480000,경상남도 합천군
청덕면_외삼학(폐비닐),경상남도,합천군,,경상남도 합천군 청덕면 삼학리 45-1,35.5782241,128.3558179,,기타,경상남도 합천군청,055-930-3304,2025-07-24,5480000,경상남도 합천군
청덕면_미곡(폐비닐),경상남도,합천군,,경상남도 합천군 청덕면 미곡리 산56-2,35.5754567,128.3305622,,기타,경상남도 합천군청,055-930-3304,2025-07-24,5480000,경상남도 합천군
청덕면_대부(폐비닐),경상남도,합천군,,경상남도 합천군 청덕면 대부리 1525,35.5353218,128.3422741,,기타,경상남도 합천군청,055-930-3304,2025-07-24,5480000,경상남도 합천군
청덕면_정산(폐비닐),경상남도,합천군,,경상남도 합천군 청덕면 소례리 870-2,35.6046309,128.3148771,,기타,경상남도 합천군청,055-930-3304,2025-07-24,5480000,경상남도 합천군
청덕면_하적포(폐비닐),경상남도,합천군,,경상남도 합천군 청덕면 적포리 757-1,35.5564858,128.3486955,,기타,경상남도 합천군청,055-930-3304,2025-07-24,5480000,경상남도 합천군
청덕면_성태(폐비닐),경상남도,합천군,,경상남도 합천군 청덕면 성태리 1023-5,35.5774253,128.3157525,,기타,경상남도 합천군청,055-930-3304,2025-07-24,5480000,경상남도 합천군
청덕면_우곡(폐비닐),경상남도,합천군,,경상남도 합천군 청덕면 앙진리 1111-4,35.5198603,128.3587906,,기타,경상남도 합천군청,055-930-3304,2025-07-24,5480000,경상남도 합천군
청덕면_가현(폐비닐),경상남도,합천군,,경상남도 합천군 청덕면 가현리 498-30,35.5672396,128.3293149,,기타,경상남도 합천군청,055-930-3304,2025-07-24,5480000,경상남도 합천군
청덕면_두곡(폐비닐),경상남도,합천군,,경상남도 합천군 청덕면 두곡리 311-6,35.5540395,128.3173263,,기타,경상남도 합천군청,055-930-3304,2025-07-24,5480000,경상남도 합천군
삼육대앞 버스정류장(11154),서울특별시,노원구,서울특별시 노원구 화랑로 815,,37.64335737,127.1088503,,일반쓰레기,서울특별시 노원구청,,2025-03-26,3100000,서울특별시 노원구
삼육대앞 버스정류장(11155),서울특별시,노원구,서울특별시 노원구 화랑로 815,,37.64335737,127.1088503,,일반쓰레기,서울특별시 노원구청,,2025-03-26,3100000,서울특별시 노원구
한국스포츠정책과학원 버스정류장(11152),서울특별시,노원구,서울특별시 노원구 화랑로 768,,37.63600845,127.1068283,,일반쓰레기,서울특별시 노원구청,,2025-03-26,3100000,서울특별시 노원구
태릉선수촌 버스정류장(11150),서울특별시,노원구,서울특별시 노원구 화랑로 653,,37.62961285,127.0950867,,일반쓰레기,서울특별시 노원구청,,2025-03-26,3100000,서울특별시 노원구
태릉 버스정류장(11148),서울특별시,노원구,서울특별시 노원구 화랑로 682,,37.62973006,127.0979586,,일반쓰레기,서울특별시 노원구청,,2025-03-26,3100000,서울특별시 노원구
태릉국제사격장 버스정류장(11146),서울특별시,노원구,서울특별시 노원구 화랑로 682,,37.62973006,127.0979586,,일반쓰레기,서울특별시 노원구청,,2025-03-26,3100000,서울특별시 노원구
태릉국제사격장 버스정류장(11147),서울특별시,노원구,서울특별시 노원구 화랑로 653,,37.62961285,127.0950867,,일반쓰레기,서울특별시 노원구청,,2025-03-26,3100000,서울특별시 노원구
서울여대.육군사관학교행정안내소 버스정류장(11145),서울특별시,노원구,서울특별시 노원구 화랑로 621,,37.62878266,127.0889915,,일반쓰레기,서울특별시 노원구청,,2025-03-26,3100000,서울특별시 노원구
서울여대.육군사관학교행정안내소 버스정류장(11144),서울특별시,노원구,서울특별시 노원구 화랑로 621,,37.62878266,127.0889915,,일반쓰레기,서울특별시 노원구청,,2025-03-26,3100000,서울특별시 노원구
화랑대사거리 버스정류장(11140),서울특별시,노원구,서울특별시 노원구 화랑로 556,,37.62128774,127.0877533,,일반쓰레기,서울특별시 노원구청,,2025-03-26,3100000,서울특별시 노원구
화랑대사거리 버스정류장(11141),서울특별시,노원구,서울특별시 노원구 화랑로51길 17,,37.62307787,127.0893658,,일반쓰레기,서울특별시 노원구청,,2025-03-26,3100000,서울특별시 노원구
공릉초등학교 버스정류장(11901),서울특별시,노원구,서울특별시 노원구 섬밭로 17,,37.61843007,127.0723471,,일반쓰레기,서울특별시 노원구청,,2025-03-26,3100000,서울특별시 노원구
공릉대아2차아파트 버스정류장(11111),서울특별시,노원구,서울특별시 노원구 동일로183길 34,,37.62328229,127.0713893,,일반쓰레기,서울특별시 노원구청,,2025-03-26,3100000,서울특별시 노원구
공릉대동2차아파트 버스정류장(11165),서울특별시,노원구,서울특별시 노원구 동일로191가길 37,,37.62672338,127.0707244,,일반쓰레기,서울특별시 노원구청,,2025-03-26,3100000,서울특별시 노원구
노원문화원 버스정류장(11167),서울특별시,노원구,서울특별시 노원구 동일로197길 24,,37.62879899,127.0698009,,일반쓰레기,서울특별시 노원구청,,2025-03-26,3100000,서울특별시 노원구
노원문화원 버스정류장(11166),서울특별시,노원구,서울특별시 노원구 동일로191가길 59,,37.62766279,127.0696059,,일반쓰레기,서울특별시 노원구청,,2025-03-26,3100000,서울특별시 노원구
두산힐스빌아파트 버스정류장(11131),서울특별시,노원구,서울특별시 노원구 공릉로 130,,37.62162319,127.0793373,,일반쓰레기,서울특별시 노원구청,,2025-03-26,3100000,서울특별시 노원구
서울과학기술대앞 버스정류장(11418),서울특별시,노원구,서울특별시 노원구 공릉로 232,,37.63307893,127.0767947,,일반쓰레기,서울특별시 노원구청,,2025-03-26,3100000,서울특별시 노원구
청솔아파트 버스정류장(11138),서울특별시,노원구,서울특별시 노원구 노원로1가길 10,,37.62365045,127.0859584,,일반쓰레기,서울특별시 노원구청,,2025-03-26,3100000,서울특별시 노원구
서울온천 버스정류장(11435),서울특별시,노원구,서울특별시 노원구 노원로 240,,37.63937196,127.0745259,,일반쓰레기,서울특별시 노원구청,,2025-03-26,3100000,서울특별시 노원구
월계삼호아파트 버스정류장(11320),서울특별시,노원구,서울특별시 노원구 마들로 111,,37.62383436,127.0647781,,일반쓰레기,서울특별시 노원구청,,2025-03-26,3100000,서울특별시 노원구
월계삼호4차아파트 버스정류장(11322),서울특별시,노원구,서울특별시 노원구 마들로 127,,37.62678626,127.0652715,,일반쓰레기,서울특별시 노원구청,,2025-03-26,3100000,서울특별시 노원구
광운대학교 버스정류장(11335),서울특별시,노원구,서울특별시 노원구 광운로 21,,37.61982653,127.0575899,,일반쓰레기,서울특별시 노원구청,,2025-03-26,3100000,서울특별시 노원구
인덕대학교 버스정류장(11309),서울특별시,노원구,서울특별시 노원구 월계로49길 5,,37.62931332,127.0562219,,일반쓰레기,서울특별시 노원구청,,2025-03-26,3100000,서울특별시 노원구
하계시영아파트 버스정류장(11453),서울특별시,노원구,서울특별시 노원구 섬밭로 201,,37.63328542,127.0655211,,일반쓰레기,서울특별시 노원구청,,2025-03-26,3100000,서울특별시 노원구
대진고등학교 버스정류장(11433),서울특별시,노원구,서울특별시 노원구 한글비석로 98,,37.6375355,127.0727752,,일반쓰레기,서울특별시 노원구청,,2025-03-26,3100000,서울특별시 노원구
한성여객종점 버스정류장(11429),서울특별시,노원구,서울특별시 노원구 공릉로62길 41,,37.63747448,127.071637,,일반쓰레기,서울특별시 노원구청,,2025-03-26,3100000,서울특별시 노원구
대진고등학교.하계우방아파트 버스정류장(11424),서울특별시,노원구,서울특별시 노원구 공릉로58길 176,,37.63769871,127.0769631,,일반쓰레기,서울특별시 노원구청,,2025-03-26,3100000,서울특별시 노원구
한신동성아파트.시립과학관(11422),서울특별시,노원구,서울특별시 노원구 한글비석로 151,,37.64133774,127.0756469,,일반쓰레기,서울특별시 노원구청,,2025-03-26,3100000,서울특별시 노원구
동천학교 버스정류장(11439),서울특별시,노원구,서울특별시 노원구 노원로16길 15,,37.64344507,127.0733372,,일반쓰레기,서울특별시 노원구청,,2025-03-26,3100000,서울특별시 노원구
동천학교 버스정류장(11440),서울특별시,노원구,서울특별시 노원구 노원로18길 41,,37.64451236,127.0729257,,일반쓰레기,서울특별시 노원구청,,2025-03-26,3100000,서울특별시 노원구
용동초등학교 버스정류장(11383),서울특별시,노원구,서울특별시 노원구 한글비석로1길 81-11,,37.64100553,127.0690818,,일반쓰레기,서울특별시 노원구청,,2025-03-26,3100000,서울특별시 노원구
서울시립북서울미술관후문 버스정류장(11385),서울특별시,노원구,서울특별시 노원구 동일로 1238,,37.64066045,127.0668656,,일반쓰레기,서울특별시 노원구청,,2025-03-26,3100000,서울특별시 노원구
노원우체국 버스정류장(11408),서울특별시,노원구,서울특별시 노원구 중계로 120,,37.64633482,127.0817898,,일반쓰레기,서울특별시 노원구청,,2025-03-26,3100000,서울특별시 노원구
중계본동주민센터 버스정류장(11406),서울특별시,노원구,서울특별시 노원구 중계로12길 24,,37.6468185,127.0818703,,일반쓰레기,서울특별시 노원구청,,2025-03-26,3100000,서울특별시 노원구
중계구민체육센터 버스정류장(11357),서울특별시,노원구,서울특별시 노원구 노원로22길 1,,37.64815756,127.0706995,,일반쓰레기,서울특별시 노원구청,,2025-03-26,3100000,서울특별시 노원구
중계구민체육센터 버스정류장(11356),서울특별시,노원구,서울특별시 노원구 노원로 330,,37.64679053,127.0709409,,일반쓰레기,서울특별시 노원구청,,2025-03-26,3100000,서울특별시 노원구
노원문화예술회관.불암초등학교 버스정류장(11403),서울특별시,노원구,서울특별시 노원구 중계로 167,,37.65005409,127.0807307,,일반쓰레기,서울특별시 노원구청,,2025-03-26,3100000,서울특별시 노원구
중계주공5단지514동 버스정류장(11364),서울특별시,노원구,서울특별시 노원구 중계로 230,,37.65101324,127.0750479,,일반쓰레기,서울특별시 노원구청,,2025-03-26,3100000,서울특별시 노원구
청계초등학교 버스정류장(11389),서울특별시,노원구,서울특별시 노원구 공릉로 431,,37.64503406,127.0661389,,일반쓰레기,서울특별시 노원구청,,2025-03-26,3100000,서울특별시 노원구
홈플러스중계점 버스정류장(11443),서울특별시,노원구,서울특별시 노원구 노원로15길 51-10,,37.63973051,127.0700338,,일반쓰레기,서울특별시 노원구청,,2025-03-26,3100000,서울특별시 노원구
중계3단지목련아파트 버스정류장(11378),서울특별시,노원구,서울특별시 노원구 노원로 331,,37.64617746,127.06966,,일반쓰레기,서울특별시 노원구청,,2025-03-26,3100000,서울특별시 노원구
상명초등학교 버스정류장(11377),서울특별시,노원구,서울특별시 노원구 덕릉로 541,,37.64872348,127.0669678,,일반쓰레기,서울특별시 노원구청,,2025-03-26,3100000,서울특별시 노원구
청암중고등학교 버스정류장(11361),서울특별시,노원구,서울특별시 노원구 덕릉로76길 18,,37.65431092,127.0749142,,일반쓰레기,서울특별시 노원구청,,2025-03-26,3100000,서울특별시 노원구
원광초등학교 버스정류장(11365),서울특별시,노원구,서울특별시 노원구 중계로 230,,37.65101324,127.0750479,,일반쓰레기,서울특별시 노원구청,,2025-03-26,3100000,서울특별시 노원구
"상계3,4동주민센터 버스정류장(11994)",서울특별시,노원구,서울특별시 노원구 덕릉로 872,,37.67350344,127.0843883,,일반쓰레기,서울특별시 노원구청,,2025-03-26,3100000,서울특별시 노원구
노원롯데캐슬시그니처아파트 버스정류장(11230),서울특별시,노원구,서울특별시 노원구 덕릉로 753,,37.66507422,127.0775817,,일반쓰레기,서울특별시 노원구청,,2025-03-26,3100000,서울특별시 노원구
노원롯데캐슬시그니처아파트 버스정류장(11229),서울특별시,노원구,서울특별시 노원구 덕릉로 753,,37.66507422,127.0775817,,일반쓰레기,서울특별시 노원구청,,2025-03-26,3100000,서울특별시 노원구
하계한신청구아파트 버스정류장(11444),서울특별시,노원구,서울특별시 노원구 공릉로 351,,37.63815992,127.0680314,,일반쓰레기,서울특별시 노원구청,,2025-03-26,3100000,서울특별시 노원구
노원평생학습관 버스정류장(11387),서울특별시,노원구,서울특별시 노원구 동일로204가길 12,,37.63985808,127.068668,,일반쓰레기,서울특별시 노원구청,,2025-03-26,3100000,서울특별시 노원구
건영옴니백화점 버스정류장(11368),서울특별시,노원구,서울특별시 노원구 섬밭로 265,,37.63828612,127.0627122,,일반쓰레기,서울특별시 노원구청,,2025-03-26,3100000,서울특별시 노원구
상계중학교정문 버스정류장(11261),서울특별시,노원구,서울특별시 노원구 동일로216길 92,,37.65052082,127.0673497,,일반쓰레기,서울특별시 노원구청,,2025-03-26,3100000,서울특별시 노원구
상계중앙하이츠2단지 버스정류장(11430),서울특별시,노원구,서울특별시 노원구 노원로 428,,37.65452808,127.0683534,,일반쓰레기,서울특별시 노원구청,,2025-03-26,3100000,서울특별시 노원구
순복음교회 버스정류장(11680),서울특별시,노원구,서울특별시 노원구 노해로 508,,37.65470356,127.066191,,일반쓰레기,서울특별시 노원구청,,2025-03-26,3100000,서울특별시 노원구
KT플라자 노원점 버스정류장(11601),서울특별시,노원구,서울특별시 노원구 노해로 502,,37.65445005,127.0636923,,일반쓰레기,서울특별시 노원구청,,2025-03-26,3100000,서울특별시 노원구
청원고등학교 버스정류장(11190),서울특별시,노원구,서울특별시 노원구 노원로38길 76,,37.66385315,127.061985,,일반쓰레기,서울특별시 노원구청,,2025-03-26,3100000,서울특별시 노원구
상계주공9단지 버스정류장(11191),서울특별시,노원구,서울특별시 노원구 노원로 532,,37.66461677,127.0598168,,일반쓰레기,서울특별시 노원구청,,2025-03-26,3100000,서울특별시 노원구
상계주공2단지 버스정류장(11254),서울특별시,노원구,서울특별시 노원구 동일로215길 23,,37.6504211,127.0590691,,일반쓰레기,서울특별시 노원구청,,2025-03-26,3100000,서울특별시 노원구
상계주공2단지 상가 버스정류장(11463),서울특별시,노원구,서울특별시 노원구 동일로215길 81,,37.65022613,127.0568651,,일반쓰레기,서울특별시 노원구청,,2025-03-26,3100000,서울특별시 노원구
수락중고등학교 버스정류장(11204),서울특별시,노원구,서울특별시 노원구 동일로 1729,,37.68314469,127.0548083,,일반쓰레기,서울특별시 노원구청,,2025-03-26,3100000,서울특별시 노원구
수락중고등학교 버스정류장(11205),서울특별시,노원구,서울특별시 노원구 동일로250길 17,,37.68246227,127.0567709,,일반쓰레기,서울특별시 노원구청,,2025-03-26,3100000,서울특별시 노원구
대한적십자사 앞 버스정류장,서울특별시,노원구,서울특별시 노원구 동일로 1324-2,,37.64700938,127.0633425,,일반쓰레기,서울특별시 노원구청,,2025-03-26,3100000,서울특별시 노원구
노원구청 앞 버스정류장,서울특별시,노원구,서울특별시 노원구 노해로 437,,37.65451904,127.0562972,,일반쓰레기,서울특별시 노원구청,,2025-03-26,3100000,서울특별시 노원구
상계주공3단지(301동) 앞 버스정류장,서울특별시,노원구,서울특별시 노원구 동일로 1378-2,,37.65173576,127.0614564,,일반쓰레기,서울특별시 노원구청,,2025-03-26,3100000,서울특별시 노원구
버스정류장,광주광역시,광산구,,광주광역시 광산구 용봉동 333-24,35.0808451,126.7664497,,일반쓰레기,광주광역시 광산구청,062-960-8473,2025-12-22,3630000,광주광역시 광산구
버스정류장,광주광역시,광산구,,광주광역시 광산구 용봉동 330-3,35.08102262,126.7661274,,일반쓰레기,광주광역시 광산구청,062-960-8473,2025-12-22,3630000,광주광역시 광산구
버스정류장,광주광역시,광산구,,광주광역시 광산구 본덕동 506-2,35.08595053,126.7716261,,일반쓰레기,광주광역시 광산구청,062-960-8473,2025-12-22,3630000,광주광역시 광산구
버스정류장,광주광역시,광산구,,광주광역시 광산구 복룡동 645-9,35.11782001,126.7807996,,일반쓰레기,광주광역시 광산구청,062-960-8473,2025-12-22,3630000,광주광역시 광산구
버스정류장,광주광역시,광산구,광주광역시 광산구 동곡로 324,,35.11093722,126.7799549,,일반쓰레기,광주광역시 광산구청,062-960-8473,2025-12-22,3630000,광주광역시 광산구
버스정류장,광주광역시,광산구,광주광역시 광산구 동곡로 282,,35.10742955,126.7794041,,일반쓰레기,광주광역시 광산구청,062-960-8473,2025-12-22,3630000,광주광역시 광산구
버스정류장,광주광역시,광산구,,광주광역시 광산구 유계동 237-18,35.10165397,126.7780947,,일반쓰레기,광주광역시 광산구청,062-960-8473,2025-12-22,3630000,광주광역시 광산구
버스정류장,광주광역시,광산구,광주광역시 광산구 동곡로 170,,35.09782047,126.7756845,,일반쓰레기,광주광역시 광산구청,062-960-8473,2025-12-22,3630000,광주광역시 광산구
공릉역 4번출구 버스정류장,서울특별시,노원구,서울특별시 노원구 동일로 1081,,37.62637728,127.0722704,,일반쓰레기,서울특별시 노원구청,,2025-03-26,3100000,서울특별시 노원구
동일로 1041(은성빌딩) 앞 버스정류장,서울특별시,노원구,서울특별시 노원구 동일로 1041,,37.62310296,127.0735029,,일반쓰레기,서울특별시 노원구청,,2025-03-26,3100000,서울특별시 노원구
태릉입구역 3번출구 버스정류장,서울특별시,노원구,서울특별시 노원구 동일로173길 12,,37.61861443,127.0746314,,일반쓰레기,서울특별시 노원구청,,2025-03-26,3100000,서울특별시 노원구
태릉입구역 4번출구 버스정류장,서울특별시,노원구,서울특별시 노원구 동일로 996,,37.61919557,127.0754877,,일반쓰레기,서울특별시 노원구청,,2025-03-26,3100000,서울특별시 노원구
공릉역(공연초등학교방면)버스정류장,서울특별시,노원구,서울특별시 노원구 동일로 192길 20,,37.62590104,127.0742578,,일반쓰레기,서울특별시 노원구청,,2025-03-26,3100000,서울특별시 노원구
태릉입구역 1번출구 버스정류장,서울특별시,노원구,서울특별시 노원구 화랑로 421,,37.61752173,127.0743315,,일반쓰레기,서울특별시 노원구청,,2025-03-26,3100000,서울특별시 노원구
오류동역,서울특별시,구로구,서울특별시 구로구 서해안로 2311,서울특별시 구로구 오류동 85-12,37.49255807,126.8413421,,일반쓰레기,서울특별시 구로구청 청소행정과,02-860-2918,2024-12-26,3160000,서울특별시 구로구
도로변(개봉동 199-4),서울특별시,구로구,,서울특별시 구로구 개봉동 199-4,37.49380798,126.8597648,,일반쓰레기,서울특별시 구로구청 청소행정과,02-860-2918,2024-12-26,3160000,서울특별시 구로구
구로디지털단지역,서울특별시,구로구,서울특별시 구로구 디지털로32나길 35,서울특별시 구로구 구로동 1124-44,37.48471269,126.900872,,일반쓰레기,서울특별시 구로구청 청소행정과,02-860-2918,2024-12-26,3160000,서울특별시 구로구
버스정류장(17775),서울특별시,구로구,,서울특별시 구로구 신도림동 350-2,37.50862717,126.8876382,,일반쓰레기,서울특별시 구로구청 청소행정과,02-860-2918,2024-12-26,3160000,서울특별시 구로구
공원,서울특별시,구로구,서울특별시 구로구 경인로 673-1,,37.50984687,126.889001,,일반쓰레기,서울특별시 구로구청 청소행정과,02-860-2918,2024-12-26,3160000,서울특별시 구로구
버스정류장(17229),서울특별시,구로구,서울특별시 구로구 시흥대로 563,서울특별시 구로구 구로동 1125-5,37.48339166,126.9014243,,일반쓰레기,서울특별시 구로구청 청소행정과,02-860-2918,2024-12-26,3160000,서울특별시 구로구
푸른수목원,서울특별시,구로구,,서울특별시 구로구 항동 9-1,37.48196844,126.8236695,,일반쓰레기,서울특별시 구로구청 청소행정과,02-860-2918,2024-12-26,3160000,서울특별시 구로구
천왕역(2),서울특별시,구로구,,서울특별시 구로구 천왕동 14-41,37.48682194,126.838774,,일반쓰레기,서울특별시 구로구청 청소행정과,02-860-2918,2024-12-26,3160000,서울특별시 구로구
천왕역(1),서울특별시,구로구,서울특별시 구로구 오류로 20,서울특별시 구로구 천왕동 280-12,37.48639966,126.839547,,일반쓰레기,서울특별시 구로구청 청소행정과,02-860-2918,2024-12-26,3160000,서울특별시 구로구
오류중앙재활의학과의원,서울특별시,구로구,서울특별시 구로구 경인로 159,서울특별시 구로구 오류동 81-30,37.49426611,126.8391462,,일반쓰레기,서울특별시 구로구청 청소행정과,02-860-2918,2024-12-26,3160000,서울특별시 구로구
레지던스,서울특별시,구로구,서울특별시 구로구 경인로22길 48-1,서울특별시 구로구 오류동 56-49,37.4961806,126.846457,,일반쓰레기,서울특별시 구로구청 청소행정과,02-860-2918,2024-12-26,3160000,서울특별시 구로구
해츠빌,서울특별시,구로구,서울특별시 구로구 오류로 104,서울특별시 구로구 오류동 76-2,37.49394797,126.8405467,,일반쓰레기,서울특별시 구로구청 청소행정과,02-860-2918,2024-12-26,3160000,서울특별시 구로구
황비홍,서울특별시,구로구,서울특별시 구로구 경인로 176-4,서울특별시 구로구 오류동 6-303,37.49446439,126.840732,,일반쓰레기,서울특별시 구로구청 청소행정과,02-860-2918,2024-12-26,3160000,서울특별시 구로구
2차동부아파트,서울특별시,구로구,서울특별시 구로구 경인로 248-14,서울특별시 구로구 오류동 336,37.49755995,126.8478786,,일반쓰레기,서울특별시 구로구청 청소행정과,02-860-2918,2024-12-26,3160000,서울특별시 구로구
새말로김치찌개삼겹살,서울특별시,구로구,서울특별시 구로구 새말로 18-53,서울특별시 구로구 구로동 572-22,37.50116412,126.88349,,일반쓰레기,서울특별시 구로구청 청소행정과,02-860-2918,2024-12-26,3160000,서울특별시 구로구
경인로,서울특별시,구로구,서울특별시 구로구 새말로4길 27,서울특별시 구로구 구로동 572-29,37.50112484,126.883602,,일반쓰레기,서울특별시 구로구청 청소행정과,02-860-2918,2024-12-26,3160000,서울특별시 구로구
양떼목장,서울특별시,구로구,서울특별시 구로구 경인로47길 50,서울특별시 구로구 고척동 52-242,37.5013741,126.8655701,,일반쓰레기,서울특별시 구로구청 청소행정과,02-860-2918,2024-12-26,3160000,서울특별시 구로구
마이홈고시원,서울특별시,구로구,서울특별시 구로구 경인로47길 49,서울특별시 구로구 고척동 53-2,37.50116963,126.865405,,일반쓰레기,서울특별시 구로구청 청소행정과,02-860-2918,2024-12-26,3160000,서울특별시 구로구
하버라인2단지,서울특별시,구로구,서울특별시 구로구 연동로 240,서울특별시 구로구 항동 9-1,37.48196844,126.8236695,,일반쓰레기,서울특별시 구로구청 청소행정과,02-860-2918,2024-12-26,3160000,서울특별시 구로구
도로변(항동 100-14),서울특별시,구로구,,서울특별시 구로구 항동 100-14,37.48130537,126.8216787,,일반쓰레기,서울특별시 구로구청 청소행정과,02-860-2918,2024-12-26,3160000,서울특별시 구로구
도로변(항동 169-1),서울특별시,구로구,,서울특별시 구로구 항동 169-1,37.478369,126.823641,,일반쓰레기,서울특별시 구로구청 청소행정과,02-860-2918,2024-12-26,3160000,서울특별시 구로구
도로변(항동 204-2),서울특별시,구로구,,서울특별시 구로구 항동 204-2,37.4769908,126.8195,,일반쓰레기,서울특별시 구로구청 청소행정과,02-860-2918,2024-12-26,3160000,서울특별시 구로구
버스정류장(17363),서울특별시,구로구,,서울특별시 구로구 항동 88-2,37.48135478,126.824877,,일반쓰레기,서울특별시 구로구청 청소행정과,02-860-2918,2024-12-26,3160000,서울특별시 구로구
도로변(항동 82-7),서울특별시,구로구,,서울특별시 구로구 항동 82-7,37.48177404,126.8246193,,일반쓰레기,서울특별시 구로구청 청소행정과,02-860-2918,2024-12-26,3160000,서울특별시 구로구
버스정류장(17362),서울특별시,구로구,,서울특별시 구로구 항동 113-5,37.47982718,126.822111,,일반쓰레기,서울특별시 구로구청 청소행정과,02-860-2918,2024-12-26,3160000,서울특별시 구로구
도로변(항동 115-2),서울특별시,구로구,,서울특별시 구로구 항동 115-2,37.48020766,126.822536,,일반쓰레기,서울특별시 구로구청 청소행정과,02-860-2918,2024-12-26,3160000,서울특별시 구로구
버스정류장(17203),서울특별시,구로구,,서울특별시 구로구 오류동 169-3,37.48822079,126.839713,,일반쓰레기,서울특별시 구로구청 청소행정과,02-860-2918,2024-12-26,3160000,서울특별시 구로구
오류동역2번출구 자전거보관소 옆,서울특별시,구로구,,서울특별시 구로구 오류동 332-36,37.4934436,126.842968,,일반쓰레기,서울특별시 구로구청 청소행정과,02-860-2918,2024-12-26,3160000,서울특별시 구로구
오류소공원 내(2),서울특별시,구로구,서울특별시 구로구 오류로 86,서울특별시 구로구 오류동 134-1,37.49246153,126.8409746,,일반쓰레기,서울특별시 구로구청 청소행정과,02-860-2918,2024-12-26,3160000,서울특별시 구로구
오류소공원 내(1),서울특별시,구로구,서울특별시 구로구 오류로 86,서울특별시 구로구 오류동 134-1,37.49246153,126.8409746,,일반쓰레기,서울특별시 구로구청 청소행정과,02-860-2918,2024-12-26,3160000,서울특별시 구로구
버스정류장(17205),서울특별시,구로구,서울특별시 구로구 오류로 66,서울특별시 구로구 오류동 156-28,37.49048756,126.8408736,,일반쓰레기,서울특별시 구로구청 청소행정과,02-860-2918,2024-12-26,3160000,서울특별시 구로구
버스정류장(17397),서울특별시,구로구,,서울특별시 구로구 천왕동 11-17,37.48360686,126.841003,,일반쓰레기,서울특별시 구로구청 청소행정과,02-860-2918,2024-12-26,3160000,서울특별시 구로구
버스정류장(17399),서울특별시,구로구,,서울특별시 구로구 천왕동 12-39,37.48371087,126.841287,,일반쓰레기,서울특별시 구로구청 청소행정과,02-860-2918,2024-12-26,3160000,서울특별시 구로구
천왕이펜하우스,서울특별시,구로구,,서울특별시 구로구 천왕동 282-10,37.48532517,126.8377231,,일반쓰레기,서울특별시 구로구청 청소행정과,02-860-2918,2024-12-26,3160000,서울특별시 구로구
도로변(블루클럽 앞)(2),서울특별시,구로구,서울특별시 구로구 경인로 196,서울특별시 구로구 오류동 48-1,37.49538169,126.8429307,,일반쓰레기,서울특별시 구로구청 청소행정과,02-860-2918,2024-12-26,3160000,서울특별시 구로구
도로변(블루클럽 앞)(1),서울특별시,구로구,서울특별시 구로구 경인로 196,서울특별시 구로구 오류동 48-1,37.49538169,126.8429307,,일반쓰레기,서울특별시 구로구청 청소행정과,02-860-2918,2024-12-26,3160000,서울특별시 구로구
버스정류소(씨티월드정류장)(2),서울특별시,구로구,서울특별시 구로구 경인로 176-4,서울특별시 구로구 오류동 6-303,37.49446439,126.8407215,,일반쓰레기,서울특별시 구로구청 청소행정과,02-860-2918,2024-12-26,3160000,서울특별시 구로구
버스정류소(씨티월드정류장)(1),서울특별시,구로구,서울특별시 구로구 경인로 176-4,서울특별시 구로구 오류동 6-303,37.49446439,126.8407215,,일반쓰레기,서울특별시 구로구청 청소행정과,02-860-2918,2024-12-26,3160000,서울특별시 구로구
버스정류소(오류지구대정류장)(2),서울특별시,구로구,서울특별시 구로구 경인로 161,서울특별시 구로구 오류동 81-91,37.49439186,126.8394568,,일반쓰레기,서울특별시 구로구청 청소행정과,02-860-2918,2024-12-26,3160000,서울특별시 구로구
버스정류소(오류지구대정류장)(1),서울특별시,구로구,서울특별시 구로구 경인로 161,서울특별시 구로구 오류동 81-91,37.49439186,126.8394568,,일반쓰레기,서울특별시 구로구청 청소행정과,02-860-2918,2024-12-26,3160000,서울특별시 구로구
버스정류장(17307),서울특별시,구로구,서울특별시 구로구 고척로 6-1,서울특별시 구로구 오류동 9-190,37.49542213,126.840901,,일반쓰레기,서울특별시 구로구청 청소행정과,02-860-2918,2024-12-26,3160000,서울특별시 구로구
한신플러스타운 아파트,서울특별시,구로구,서울특별시 구로구 고척로 52,,37.49856841,126.8404707,,일반쓰레기,서울특별시 구로구청 청소행정과,02-860-2918,2024-12-26,3160000,서울특별시 구로구
도로변(하이축산 앞),서울특별시,구로구,서울특별시 구로구 경인로 217,,37.49672189,126.8449439,,일반쓰레기,서울특별시 구로구청 청소행정과,02-860-2918,2024-12-26,3160000,서울특별시 구로구
도로변(오류1동 주민센터 앞),서울특별시,구로구,서울특별시 구로구 경인로27길 7,,37.49707073,126.8450908,,일반쓰레기,서울특별시 구로구청 청소행정과,02-860-2918,2024-12-26,3160000,서울특별시 구로구
초원양꼬치,서울특별시,구로구,서울특별시 구로구 우마길 23,,37.48090307,126.888878,,일반쓰레기,서울특별시 구로구청 청소행정과,02-860-2918,2024-12-26,3160000,서울특별시 구로구
문화의거리,서울특별시,구로구,서울특별시 구로구 구로동로 12,,37.48284325,126.887327,,일반쓰레기,서울특별시 구로구청 청소행정과,02-860-2918,2024-12-26,3160000,서울특별시 구로구
연변냉면,서울특별시,구로구,서울특별시 구로구 우마길 19,,37.48124676,126.8885862,,일반쓰레기,서울특별시 구로구청 청소행정과,02-860-2918,2024-12-26,3160000,서울특별시 구로구
뽑기대륙,서울특별시,구로구,서울특별시 구로구 우마길 23,,37.48090307,126.888878,,일반쓰레기,서울특별시 구로구청 청소행정과,02-860-2918,2024-12-26,3160000,서울특별시 구로구
연길순희냉면,서울특별시,구로구,서울특별시 구로구 우마길 10-2,,37.48185313,126.887875,,일반쓰레기,서울특별시 구로구청 청소행정과,02-860-2918,2024-12-26,3160000,서울특별시 구로구
푸르지오상가앞,서울특별시,구로구,서울특별시 구로구 경인로 661,,37.50904922,126.8869873,,일반쓰레기,서울특별시 구로구청 청소행정과,02-860-2918,2024-12-26,3160000,서울특별시 구로구
버스전용차로(7),서울특별시,구로구,,서울특별시 구로구 신도림동 413-2,37.5056427,126.8834977,,일반쓰레기,서울특별시 구로구청 청소행정과,02-860-2918,2024-12-26,3160000,서울특별시 구로구
버스전용차로(6),서울특별시,구로구,,서울특별시 구로구 신도림동 413-2,37.5056427,126.8834977,,일반쓰레기,서울특별시 구로구청 청소행정과,02-860-2918,2024-12-26,3160000,서울특별시 구로구
버스전용차로(5),서울특별시,구로구,,서울특별시 구로구 신도림동 413-2,37.5056427,126.8834977,,일반쓰레기,서울특별시 구로구청 청소행정과,02-860-2918,2024-12-26,3160000,서울특별시 구로구
버스전용차로(4),서울특별시,구로구,,서울특별시 구로구 신도림동 350-2,37.50862717,126.8876382,,일반쓰레기,서울특별시 구로구청 청소행정과,02-860-2918,2024-12-26,3160000,서울특별시 구로구
버스전용차로(3),서울특별시,구로구,,서울특별시 구로구 신도림동 350-2,37.50862717,126.8876382,,일반쓰레기,서울특별시 구로구청 청소행정과,02-860-2918,2024-12-26,3160000,서울특별시 구로구
버스전용차로(2),서울특별시,구로구,,서울특별시 구로구 신도림동 350-2,37.50862717,126.8876382,,일반쓰레기,서울특별시 구로구청 청소행정과,02-860-2918,2024-12-26,3160000,서울특별시 구로구
버스전용차로(1),서울특별시,구로구,,서울특별시 구로구 신도림동 350-2,37.50862717,126.8876382,,일반쓰레기,서울특별시 구로구청 청소행정과,02-860-2918,2024-12-26,3160000,서울특별시 구로구
디큐브시티아파트,서울특별시,구로구,서울특별시 구로구 경인로,서울특별시 구로구 신도림동 432-30,37.50623763,126.8853921,,일반쓰레기,서울특별시 구로구청 청소행정과,02-860-2918,2024-12-26,3160000,서울특별시 구로구
대림3차아파트(2),서울특별시,구로구,서울특별시 구로구 신도림로 11,서울특별시 구로구 신도림동 691,37.50727521,126.878181,,일반쓰레기,서울특별시 구로구청 청소행정과,02-860-2918,2024-12-26,3160000,서울특별시 구로구
대림3차아파트(1),서울특별시,구로구,서울특별시 구로구 신도림로 11,서울특별시 구로구 신도림동 691,37.50727521,126.878181,,일반쓰레기,서울특별시 구로구청 청소행정과,02-860-2918,2024-12-26,3160000,서울특별시 구로구
성관빌딩 파리바게트 앞,서울특별시,구로구,서울특별시 구로구 신도림로19길 7,서울특별시 구로구 신도림동 649,37.51120297,126.8844703,,일반쓰레기,서울특별시 구로구청 청소행정과,02-860-2918,2024-12-26,3160000,서울특별시 구로구
도로변(신도림로 40),서울특별시,구로구,서울특별시 구로구 신도림로 40,서울특별시 구로구 신도림동 390-68,37.50777999,126.8805952,,일반쓰레기,서울특별시 구로구청 청소행정과,02-860-2918,2024-12-26,3160000,서울특별시 구로구
신도림아이파크아파트,서울특별시,구로구,,서울특별시 구로구 신도림동 329-2,37.51198142,126.8881747,,일반쓰레기,서울특별시 구로구청 청소행정과,02-860-2918,2024-12-26,3160000,서울특별시 구로구
버스정류장(17475),서울특별시,구로구,서울특별시 구로구 신도림로 67,서울특별시 구로구 신도림동 306-13,37.50992411,126.8820265,,일반쓰레기,서울특별시 구로구청 청소행정과,02-860-2918,2024-12-26,3160000,서울특별시 구로구
신도림중학교,서울특별시,구로구,서울특별시 구로구 신도림로 78,서울특별시 구로구 신도림동 645,37.50938921,126.8847002,,일반쓰레기,서울특별시 구로구청 청소행정과,02-860-2918,2024-12-26,3160000,서울특별시 구로구
파리바게트 앞(2),서울특별시,구로구,서울특별시 구로구 신도림로 2,서울특별시 구로구 신도림동 400-3,37.50559462,126.8772754,,일반쓰레기,서울특별시 구로구청 청소행정과,02-860-2918,2024-12-26,3160000,서울특별시 구로구
예수사랑교회 앞 버스정류장,서울특별시,노원구,서울특별시 노원구 노원로 31-2,,37.62444854,127.0862158,,일반쓰레기,서울특별시 노원구청,,2025-03-26,3100000,서울특별시 노원구
파리바게트 앞(1),서울특별시,구로구,서울특별시 구로구 신도림로 2,서울특별시 구로구 신도림동 400-3,37.50559462,126.8772754,,일반쓰레기,서울특별시 구로구청 청소행정과,02-860-2918,2024-12-26,3160000,서울특별시 구로구
대림12차아파트(2),서울특별시,구로구,서울특별시 구로구 신도림로 16,서울특별시 구로구 신도림동 642,37.50512282,126.882191,,일반쓰레기,서울특별시 구로구청 청소행정과,02-860-2918,2024-12-26,3160000,서울특별시 구로구
대림12차아파트(1),서울특별시,구로구,서울특별시 구로구 신도림로 16,서울특별시 구로구 신도림동 642,37.50512282,126.882191,,일반쓰레기,서울특별시 구로구청 청소행정과,02-860-2918,2024-12-26,3160000,서울특별시 구로구
온수역 남부광장 돌돌치킨 앞(2),서울특별시,구로구,서울특별시 구로구 경인로3길 77,서울특별시 구로구 온수동 52,37.49173696,126.823542,,일반쓰레기,서울특별시 구로구청 청소행정과,02-860-2918,2024-12-26,3160000,서울특별시 구로구
온수역 남부광장 돌돌치킨 앞(1),서울특별시,구로구,서울특별시 구로구 경인로3길 77,서울특별시 구로구 온수동 52,37.49173696,126.823542,,일반쓰레기,서울특별시 구로구청 청소행정과,02-860-2918,2024-12-26,3160000,서울특별시 구로구
온수힐스테이트 버스 회차장,서울특별시,구로구,서울특별시 구로구 부일로9길 133,서울특별시 구로구 온수동 141,37.49690229,126.8221862,,일반쓰레기,서울특별시 구로구청 청소행정과,02-860-2918,2024-12-26,3160000,서울특별시 구로구
"엘림공인중개사, 월드빌라 맞은편",서울특별시,구로구,서울특별시 구로구 부일로 861,서울특별시 구로구 온수동 18-12,37.49265356,126.822945,,일반쓰레기,서울특별시 구로구청 청소행정과,02-860-2918,2024-12-26,3160000,서울특별시 구로구
기업은행 앞 횡단보도,서울특별시,구로구,서울특별시 구로구 부일로 869,서울특별시 구로구 온수동 11-1,37.49294292,126.823634,,일반쓰레기,서울특별시 구로구청 청소행정과,02-860-2918,2024-12-26,3160000,서울특별시 구로구
온수역 6번출구,서울특별시,구로구,서울특별시 구로구 부일로 868-1,서울특별시 구로구 온수동 119-4,37.49254526,126.8235425,,일반쓰레기,서울특별시 구로구청 청소행정과,02-860-2918,2024-12-26,3160000,서울특별시 구로구
우신중고교입구삼거리,서울특별시,구로구,서울특별시 구로구 부일로 917,서울특별시 구로구 궁동 230,37.49490231,126.8263536,,일반쓰레기,서울특별시 구로구청 청소행정과,02-860-2918,2024-12-26,3160000,서울특별시 구로구
24시 뼈다귀감자탕 건너편(2),서울특별시,구로구,서울특별시 구로구 부일로 957,서울특별시 구로구 궁동 202-6,37.49340026,126.8336922,,일반쓰레기,서울특별시 구로구청 청소행정과,02-860-2918,2024-12-26,3160000,서울특별시 구로구
24시 뼈다귀감자탕 건너편(1),서울특별시,구로구,서울특별시 구로구 부일로 957,서울특별시 구로구 궁동 202-6,37.49340026,126.8336922,,일반쓰레기,서울특별시 구로구청 청소행정과,02-860-2918,2024-12-26,3160000,서울특별시 구로구
도로변(부일로15길 4),서울특별시,구로구,서울특별시 구로구 부일로15길 4,서울특별시 구로구 궁동 189-25,37.49351635,126.834427,,일반쓰레기,서울특별시 구로구청 청소행정과,02-860-2918,2024-12-26,3160000,서울특별시 구로구
연세중앙교회 정문,서울특별시,구로구,서울특별시 구로구 궁동 199-26,,37.493509,126.835896,,일반쓰레기,서울특별시 구로구청 청소행정과,02-860-2918,2024-12-26,3160000,서울특별시 구로구
현대카공업사 앞,서울특별시,구로구,서울특별시 구로구 오리로 1286,서울특별시 구로구 궁동 170-11,37.49627786,126.8299962,,일반쓰레기,서울특별시 구로구청 청소행정과,02-860-2918,2024-12-26,3160000,서울특별시 구로구
DC마트 앞,서울특별시,구로구,서울특별시 구로구 오리로 1293,서울특별시 구로구 궁동 283-5,37.49688156,126.8292071,,일반쓰레기,서울특별시 구로구청 청소행정과,02-860-2918,2024-12-26,3160000,서울특별시 구로구
보현정사 앞,서울특별시,구로구,서울특별시 구로구 오리로 1307,서울특별시 구로구 궁동 278-4,37.49809846,126.8289553,,일반쓰레기,서울특별시 구로구청 청소행정과,02-860-2918,2024-12-26,3160000,서울특별시 구로구
수궁동주민센터(2),서울특별시,구로구,서울특별시 구로구 오리로15길 32,서울특별시 구로구 궁동 213-42,37.4938915,126.8314768,,일반쓰레기,서울특별시 구로구청 청소행정과,02-860-2918,2024-12-26,3160000,서울특별시 구로구
수궁동주민센터(1),서울특별시,구로구,서울특별시 구로구 오리로15길 32,서울특별시 구로구 궁동 213-42,37.4938915,126.8314768,,일반쓰레기,서울특별시 구로구청 청소행정과,02-860-2918,2024-12-26,3160000,서울특별시 구로구
대성스카이렉스아파트(2),서울특별시,구로구,서울특별시 구로구 공원로 27,서울특별시 구로구 구로동 107-9,37.49939719,126.8910091,,일반쓰레기,서울특별시 구로구청 청소행정과,02-860-2918,2024-12-26,3160000,서울특별시 구로구
도로변(구로동 3-64),서울특별시,구로구,,서울특별시 구로구 구로동 3-64,37.50726447,126.89282,,일반쓰레기,서울특별시 구로구청 청소행정과,02-860-2918,2024-12-26,3160000,서울특별시 구로구
장성빌딩,서울특별시,구로구,서울특별시 구로구 구로중앙로 108,서울특별시 구로구 구로동 514-2,37.49850642,126.8863775,,일반쓰레기,서울특별시 구로구청 청소행정과,02-860-2918,2024-12-26,3160000,서울특별시 구로구
구로보건소,서울특별시,구로구,서울특별시 구로구 구로중앙로28길 66,서울특별시 구로구 구로동 109-4,37.500164,126.8893378,,일반쓰레기,서울특별시 구로구청 청소행정과,02-860-2918,2024-12-26,3160000,서울특별시 구로구
버스정류장(17863),서울특별시,구로구,서울특별시 구로구 구로중앙로28길 65,서울특별시 구로구 구로동 111-16,37.50047025,126.8889323,,일반쓰레기,서울특별시 구로구청 청소행정과,02-860-2918,2024-12-26,3160000,서울특별시 구로구
도로변(경인로 572),서울특별시,구로구,서울특별시 구로구 경인로 572,서울특별시 구로구 구로동 603-9,37.50330627,126.8810839,,일반쓰레기,서울특별시 구로구청 청소행정과,02-860-2918,2024-12-26,3160000,서울특별시 구로구
구로미래도서관,서울특별시,구로구,서울특별시 구로구 새말로 111,서울특별시 구로구 구로동 1-4,37.50786379,126.8922179,,일반쓰레기,서울특별시 구로구청 청소행정과,02-860-2918,2024-12-26,3160000,서울특별시 구로구
신도림역2번(자전거),서울특별시,구로구,서울특별시 구로구 새말로 111,서울특별시 구로구 구로동 1-4,37.50786379,126.8922179,,일반쓰레기,서울특별시 구로구청 청소행정과,02-860-2918,2024-12-26,3160000,서울특별시 구로구
신도림역2번(신호등),서울특별시,구로구,서울특별시 구로구 새말로 111,서울특별시 구로구 구로동 1-4,37.50786379,126.8922179,,일반쓰레기,서울특별시 구로구청 청소행정과,02-860-2918,2024-12-26,3160000,서울특별시 구로구
화랑대역 2번출구 버스정류장,서울특별시,노원구,,서울특별시 노원구 공릉동 90-2,37.62095614,127.0848955,,일반쓰레기,서울특별시 노원구청,,2025-03-26,3100000,서울특별시 노원구
신도림역,서울특별시,구로구,서울특별시 구로구 새말로 117-6,서울특별시 구로구 구로동 3-55,37.5074418,126.8922686,,일반쓰레기,서울특별시 구로구청 청소행정과,02-860-2918,2024-12-26,3160000,서울특별시 구로구
신도림역2번(택시),서울특별시,구로구,서울특별시 구로구 새말로 111,서울특별시 구로구 구로동 1-4,37.50786379,126.8922179,,일반쓰레기,서울특별시 구로구청 청소행정과,02-860-2918,2024-12-26,3160000,서울특별시 구로구
한국SGI,서울특별시,구로구,서울특별시 구로구 공원로 54,서울특별시 구로구 구로동 45-9,37.50259229,126.8901814,,일반쓰레기,서울특별시 구로구청 청소행정과,02-860-2918,2024-12-26,3160000,서울특별시 구로구
삼각어린이공원,서울특별시,구로구,서울특별시 구로구 공원로6길,서울특별시 구로구 구로동 47,37.50135772,126.8920128,,일반쓰레기,서울특별시 구로구청 청소행정과,02-860-2918,2024-12-26,3160000,서울특별시 구로구
상신운수,서울특별시,구로구,서울특별시 구로구 공원로 51,서울특별시 구로구 구로동 110-2,37.50131998,126.8893996,,일반쓰레기,서울특별시 구로구청 청소행정과,02-860-2918,2024-12-26,3160000,서울특별시 구로구
대성스카이렉스아파트(1),서울특별시,구로구,서울특별시 구로구 공원로 27,서울특별시 구로구 구로동 107-9,37.49939719,126.8910091,,일반쓰레기,서울특별시 구로구청 청소행정과,02-860-2918,2024-12-26,3160000,서울특별시 구로구
구로고등학교,서울특별시,구로구,서울특별시 구로구 가마산로27길 45,서울특별시 구로구 구로동 105-1,37.49884008,126.8903092,,일반쓰레기,서울특별시 구로구청 청소행정과,02-860-2918,2024-12-26,3160000,서울특별시 구로구
남원가마솥추어탕,서울특별시,구로구,서울특별시 구로구 새말로 81,서울특별시 구로구 구로동 8-14,37.50514257,126.8889085,,일반쓰레기,서울특별시 구로구청 청소행정과,02-860-2918,2024-12-26,3160000,서울특별시 구로구
성호메이플아파트(2),서울특별시,구로구,서울특별시 구로구 가마산로 283,서울특별시 구로구 구로동 104-9,37.49690482,126.8913849,,일반쓰레기,서울특별시 구로구청 청소행정과,02-860-2918,2024-12-26,3160000,서울특별시 구로구
성호메이플아파트(1),서울특별시,구로구,서울특별시 구로구 가마산로 283,서울특별시 구로구 구로동 104-9,37.49690482,126.8913849,,일반쓰레기,서울특별시 구로구청 청소행정과,02-860-2918,2024-12-26,3160000,서울특별시 구로구
NC백화점 신구로점(2),서울특별시,구로구,서울특별시 구로구 구로중앙로 152,서울특별시 구로구 구로동 573,37.50116014,126.882773,,일반쓰레기,서울특별시 구로구청 청소행정과,02-860-2918,2024-12-26,3160000,서울특별시 구로구
NC백화점 신구로점(1),서울특별시,구로구,서울특별시 구로구 구로중앙로 152,서울특별시 구로구 구로동 573,37.50116014,126.882773,,일반쓰레기,서울특별시 구로구청 청소행정과,02-860-2918,2024-12-26,3160000,서울특별시 구로구
버스정류소(17293)(2),서울특별시,구로구,서울특별시 구로구 구로중앙로 68,서울특별시 구로구 구로동 100-8,37.49586031,126.8888073,,일반쓰레기,서울특별시 구로구청 청소행정과,02-860-2918,2024-12-26,3160000,서울특별시 구로구
버스정류소(17293)(1),서울특별시,구로구,서울특별시 구로구 구로중앙로 68,서울특별시 구로구 구로동 100-8,37.49586031,126.8888073,,일반쓰레기,서울특별시 구로구청 청소행정과,02-860-2918,2024-12-26,3160000,서울특별시 구로구
아름제일병원,서울특별시,구로구,서울특별시 구로구 새말로 94,서울특별시 구로구 구로동 25,37.50547022,126.8904984,,일반쓰레기,서울특별시 구로구청 청소행정과,02-860-2918,2024-12-26,3160000,서울특별시 구로구
도로변(구로중앙로28길 66)(2),서울특별시,구로구,서울특별시 구로구 구로중앙로28길 66,서울특별시 구로구 구로동 109-4,37.50010311,126.8893378,,일반쓰레기,서울특별시 구로구청 청소행정과,02-860-2918,2024-12-26,3160000,서울특별시 구로구
도로변(구로중앙로28길 66)(1),서울특별시,구로구,서울특별시 구로구 구로중앙로28길 66,서울특별시 구로구 구로동 109-4,37.50010311,126.8893378,,일반쓰레기,서울특별시 구로구청 청소행정과,02-860-2918,2024-12-26,3160000,서울특별시 구로구
기업은행 남구로,서울특별시,구로구,서울특별시 구로구 구로동로 126-2,서울특별시 구로구 구로동 732-1,37.48993123,126.8845698,,일반쓰레기,서울특별시 구로구청 청소행정과,02-860-2918,2024-12-26,3160000,서울특별시 구로구
농협구로지점,서울특별시,구로구,서울특별시 구로구 구로동로 124,서울특별시 구로구 구로동 732-3,37.48963242,126.8845363,,일반쓰레기,서울특별시 구로구청 청소행정과,02-860-2918,2024-12-26,3160000,서울특별시 구로구
도로변(구로동로 108),서울특별시,구로구,서울특별시 구로구 구로동로 108,서울특별시 구로구 구로동 737-1,37.48825257,126.8848511,,일반쓰레기,서울특별시 구로구청 청소행정과,02-860-2918,2024-12-26,3160000,서울특별시 구로구
도로변(구로동로 96-1),서울특별시,구로구,서울특별시 구로구 구로동로 96-1,서울특별시 구로구 구로동 738-65,37.48731314,126.8851802,,일반쓰레기,서울특별시 구로구청 청소행정과,02-860-2918,2024-12-26,3160000,서울특별시 구로구
도로변(구로동로 84),서울특별시,구로구,서울특별시 구로구 구로동로 84,서울특별시 구로구 구로동 807-15,37.48628409,126.885635,,일반쓰레기,서울특별시 구로구청 청소행정과,02-860-2918,2024-12-26,3160000,서울특별시 구로구
도로변(도림로 5),서울특별시,구로구,서울특별시 구로구 도림로 5,서울특별시 구로구 구로동 805-4,37.48522857,126.8862995,,일반쓰레기,서울특별시 구로구청 청소행정과,02-860-2918,2024-12-26,3160000,서울특별시 구로구
황금부동산 앞,서울특별시,구로구,서울특별시 구로구 구로동로 70,서울특별시 구로구 구로동 805-22,37.48515115,126.8861846,,일반쓰레기,서울특별시 구로구청 청소행정과,02-860-2918,2024-12-26,3160000,서울특별시 구로구
보민한의원,서울특별시,구로구,서울특별시 구로구 도림로 57,서울특별시 구로구 구로동 766-207,37.48891958,126.8901495,,일반쓰레기,서울특별시 구로구청 청소행정과,02-860-2918,2024-12-26,3160000,서울특별시 구로구
도로변(디지털로31길 109),서울특별시,구로구,서울특별시 구로구 디지털로31길 109,서울특별시 구로구 구로동 777-39,37.48734704,126.89033,,일반쓰레기,서울특별시 구로구청 청소행정과,02-860-2918,2024-12-26,3160000,서울특별시 구로구
도로변(디지털로33길 11),서울특별시,구로구,서울특별시 구로구 디지털로33길 11,서울특별시 구로구 구로동 256-1,37.48570578,126.8955127,,일반쓰레기,서울특별시 구로구청 청소행정과,02-860-2918,2024-12-26,3160000,서울특별시 구로구
도로변(디지털로31길 61),서울특별시,구로구,서울특별시 구로구 디지털로31길 61,서울특별시 구로구 구로동 197-12,37.48591087,126.891542,,일반쓰레기,서울특별시 구로구청 청소행정과,02-860-2918,2024-12-26,3160000,서울특별시 구로구
상계주공7단지(704동 앞) 버스정류장,서울특별시,노원구,서울특별시 노원구 동일로 1456,,37.66067691,127.0614956,,일반쓰레기,서울특별시 노원구청,,2025-03-26,3100000,서울특별시 노원구
도로변(디지털로27가길 17),서울특별시,구로구,서울특별시 구로구 디지털로27가길 17,서울특별시 구로구 구로동 197-30,37.48438754,126.8923345,,일반쓰레기,서울특별시 구로구청 청소행정과,02-860-2918,2024-12-26,3160000,서울특별시 구로구
버스정류장(17229)(2),서울특별시,구로구,서울특별시 구로구 시흥대로 563,서울특별시 구로구 구로동 1125-5,37.48339166,126.9014243,,일반쓰레기,서울특별시 구로구청 청소행정과,02-860-2918,2024-12-26,3160000,서울특별시 구로구
버스정류장(17229)(1),서울특별시,구로구,서울특별시 구로구 시흥대로 563,서울특별시 구로구 구로동 1125-5,37.48339166,126.9014243,,일반쓰레기,서울특별시 구로구청 청소행정과,02-860-2918,2024-12-26,3160000,서울특별시 구로구
도로변(시흥대로 563)(2),서울특별시,구로구,서울특별시 구로구 시흥대로 563,서울특별시 구로구 구로동 1125-9,37.48339166,126.9014243,,일반쓰레기,서울특별시 구로구청 청소행정과,02-860-2918,2024-12-26,3160000,서울특별시 구로구
도로변(시흥대로 563)(1),서울특별시,구로구,서울특별시 구로구 시흥대로 563,서울특별시 구로구 구로동 1125-9,37.48339166,126.9014243,,일반쓰레기,서울특별시 구로구청 청소행정과,02-860-2918,2024-12-26,3160000,서울특별시 구로구
도로변(디지털로32나길 51),서울특별시,구로구,서울특별시 구로구 디지털로32나길 51,서울특별시 구로구 구로동 1124-49,37.48490133,126.9003821,,일반쓰레기,서울특별시 구로구청 청소행정과,02-860-2918,2024-12-26,3160000,서울특별시 구로구
도로변(디지털로32길 38),서울특별시,구로구,서울특별시 구로구 디지털로32나길 38,서울특별시 구로구 구로동 1124-42,37.48454459,126.9011985,,일반쓰레기,서울특별시 구로구청 청소행정과,02-860-2918,2024-12-26,3160000,서울특별시 구로구
도로변(디지털로32길 79)(2),서울특별시,구로구,서울특별시 구로구 디지털로32길 79,서울특별시 구로구 구로동 824,37.48353325,126.899752,,일반쓰레기,서울특별시 구로구청 청소행정과,02-860-2918,2024-12-26,3160000,서울특별시 구로구
도로변(디지털로32길 79)(1),서울특별시,구로구,서울특별시 구로구 디지털로32길 79,서울특별시 구로구 구로동 824,37.48353325,126.899752,,일반쓰레기,서울특별시 구로구청 청소행정과,02-860-2918,2024-12-26,3160000,서울특별시 구로구
도로변(디지털로32길 55),서울특별시,구로구,서울특별시 구로구 디지털로32길 55,서울특별시 구로구 구로동 817,37.48398669,126.8983387,,일반쓰레기,서울특별시 구로구청 청소행정과,02-860-2918,2024-12-26,3160000,서울특별시 구로구
도로변(디지털로31길 120),서울특별시,구로구,서울특별시 구로구 디지털로31길 120,서울특별시 구로구 구로동 1280,37.48847002,126.890773,,일반쓰레기,서울특별시 구로구청 청소행정과,02-860-2918,2024-12-26,3160000,서울특별시 구로구
에이스하이엔드타워1차,서울특별시,구로구,서울특별시 구로구 디지털로26길 5,서울특별시 구로구 구로동 235-2,37.48161059,126.8934793,,일반쓰레기,서울특별시 구로구청 청소행정과,02-860-2918,2024-12-26,3160000,서울특별시 구로구
구로현대아파트,서울특별시,구로구,서울특별시 구로구 디지털로 319,서울특별시 구로구 구로동 1256,37.49003775,126.8954329,,일반쓰레기,서울특별시 구로구청 청소행정과,02-860-2918,2024-12-26,3160000,서울특별시 구로구
도로변(디지털로 292),서울특별시,구로구,서울특별시 구로구 디지털로 292,서울특별시 구로구 구로동 188-11,37.48469365,126.8958922,,일반쓰레기,서울특별시 구로구청 청소행정과,02-860-2918,2024-12-26,3160000,서울특별시 구로구
도로변(디지털로 273),서울특별시,구로구,서울특별시 구로구 디지털로 273,서울특별시 구로구 구로동 212-30,37.48395432,126.8941033,,일반쓰레기,서울특별시 구로구청 청소행정과,02-860-2918,2024-12-26,3160000,서울특별시 구로구
도로변(도림로 6)(2),서울특별시,구로구,서울특별시 구로구 도림로 6,서울특별시 구로구 구로동 801-51,37.4851606,126.8867371,,일반쓰레기,서울특별시 구로구청 청소행정과,02-860-2918,2024-12-26,3160000,서울특별시 구로구
도로변(도림로 6)(1),서울특별시,구로구,서울특별시 구로구 도림로 6,서울특별시 구로구 구로동 801-51,37.4851606,126.8867371,,일반쓰레기,서울특별시 구로구청 청소행정과,02-860-2918,2024-12-26,3160000,서울특별시 구로구
도로변(구로동로 203),서울특별시,구로구,서울특별시 구로구 구로동로 203,서울특별시 구로구 구로동 481-7,37.49671859,126.8822699,,일반쓰레기,서울특별시 구로구청 청소행정과,02-860-2918,2024-12-26,3160000,서울특별시 구로구
도로변(구로동로 210),서울특별시,구로구,서울특별시 구로구 구로동로 210,서울특별시 구로구 구로동 487-28,37.49721417,126.8826589,,일반쓰레기,서울특별시 구로구청 청소행정과,02-860-2918,2024-12-26,3160000,서울특별시 구로구
도로변(구로동로 170),서울특별시,구로구,서울특별시 구로구 구로동로 170,서울특별시 구로구 구로동 416-7,37.49376116,126.883394,,일반쓰레기,서울특별시 구로구청 청소행정과,02-860-2918,2024-12-26,3160000,서울특별시 구로구
도로변(가마산로 205),서울특별시,구로구,서울특별시 구로구 가마산로 205,서울특별시 구로구 구로동 426-69,37.49346137,126.884108,,일반쓰레기,서울특별시 구로구청 청소행정과,02-860-2918,2024-12-26,3160000,서울특별시 구로구
도로변(구로동로 219),서울특별시,구로구,서울특별시 구로구 구로동로 219,서울특별시 구로구 구로동 486-55,37.49813373,126.8822071,,일반쓰레기,서울특별시 구로구청 청소행정과,02-860-2918,2024-12-26,3160000,서울특별시 구로구
도로변(구로동로 153),서울특별시,구로구,서울특별시 구로구 구로동로 153,서울특별시 구로구 구로동 413-88,37.4923559,126.8834335,,일반쓰레기,서울특별시 구로구청 청소행정과,02-860-2918,2024-12-26,3160000,서울특별시 구로구
구로구청(3),서울특별시,구로구,서울특별시 구로구 가마산로 245,서울특별시 구로구 구로동 436-1,37.49551123,126.8882891,,일반쓰레기,서울특별시 구로구청 청소행정과,02-860-2918,2024-12-26,3160000,서울특별시 구로구
광양교회,서울특별시,구로구,서울특별시 구로구 구로동로 216,서울특별시 구로구 구로동 486-11,37.49784789,126.8827014,,일반쓰레기,서울특별시 구로구청 청소행정과,02-860-2918,2024-12-26,3160000,서울특별시 구로구
온누리십자당약국,서울특별시,구로구,서울특별시 구로구 구로동로 173,서울특별시 구로구 구로동 415-3,37.49392402,126.8829027,,일반쓰레기,서울특별시 구로구청 청소행정과,02-860-2918,2024-12-26,3160000,서울특별시 구로구
라크라센타(2),서울특별시,구로구,서울특별시 구로구 가마산로 242,서울특별시 구로구 구로동 83,37.49436222,126.8876711,,일반쓰레기,서울특별시 구로구청 청소행정과,02-860-2918,2024-12-26,3160000,서울특별시 구로구
구로고대병원 이음관,서울특별시,구로구,서울특별시 구로구 가마산로 218,서울특별시 구로구 구로동 80-24,37.49321551,126.8851411,,일반쓰레기,서울특별시 구로구청 청소행정과,02-860-2918,2024-12-26,3160000,서울특별시 구로구
상계주공7단지(714동 앞) 버스정류장,서울특별시,노원구,서울특별시 노원구 동일로 1456,,37.66067691,127.0614956,,일반쓰레기,서울특별시 노원구청,,2025-03-26,3100000,서울특별시 노원구
라크라센타(1),서울특별시,구로구,서울특별시 구로구 가마산로 242,서울특별시 구로구 구로동 83,37.49436222,126.8876711,,일반쓰레기,서울특별시 구로구청 청소행정과,02-860-2918,2024-12-26,3160000,서울특별시 구로구
버스전용차로-17006(2),서울특별시,구로구,,서울특별시 구로구 구로동 635-4,37.49985843,126.8749308,,일반쓰레기,서울특별시 구로구청 청소행정과,02-860-2918,2024-12-26,3160000,서울특별시 구로구
버스전용차로-17006(1),서울특별시,구로구,,서울특별시 구로구 구로동 635-4,37.49985843,126.8749308,,일반쓰레기,서울특별시 구로구청 청소행정과,02-860-2918,2024-12-26,3160000,서울특별시 구로구
버스전용차로-17005(2),서울특별시,구로구,,서울특별시 구로구 구로동 635-4,37.49985843,126.8749308,,일반쓰레기,서울특별시 구로구청 청소행정과,02-860-2918,2024-12-26,3160000,서울특별시 구로구
버스전용차로-17005(1),서울특별시,구로구,,서울특별시 구로구 구로동 635-4,37.49985843,126.8749308,,일반쓰레기,서울특별시 구로구청 청소행정과,02-860-2918,2024-12-26,3160000,서울특별시 구로구
도로변(가마산로 203),서울특별시,구로구,서울특별시 구로구 가마산로 203,서울특별시 구로구 구로동 426-6,37.49340254,126.8837472,,일반쓰레기,서울특별시 구로구청 청소행정과,02-860-2918,2024-12-26,3160000,서울특별시 구로구
도로변(구로동로 107),서울특별시,구로구,서울특별시 구로구 구로동로 107,서울특별시 구로구 구로동 721-14,37.48813556,126.8845201,,일반쓰레기,서울특별시 구로구청 청소행정과,02-860-2918,2024-12-26,3160000,서울특별시 구로구
도로변(구로동로 125-1),서울특별시,구로구,서울특별시 구로구 구로동로 125-1,서울특별시 구로구 구로동 726-3,37.48982287,126.8840474,,일반쓰레기,서울특별시 구로구청 청소행정과,02-860-2918,2024-12-26,3160000,서울특별시 구로구
도로변(벚꽃로 484),서울특별시,구로구,서울특별시 구로구 벚꽃로 484,서울특별시 구로구 구로동 476-134,37.49733165,126.8801354,,일반쓰레기,서울특별시 구로구청 청소행정과,02-860-2918,2024-12-26,3160000,서울특별시 구로구
도로변(가마산로9길 4-4),서울특별시,구로구,서울특별시 구로구 가마산로9길 4-4,서울특별시 구로구 구로동 402-7,37.49154041,126.8816385,,일반쓰레기,서울특별시 구로구청 청소행정과,02-860-2918,2024-12-26,3160000,서울특별시 구로구
도로변(가마산로 222),서울특별시,구로구,서울특별시 구로구 가마산로 222,서울특별시 구로구 구로동 80-4,37.49349581,126.8857884,,일반쓰레기,서울특별시 구로구청 청소행정과,02-860-2918,2024-12-26,3160000,서울특별시 구로구
도로변(가마산로 180-2),서울특별시,구로구,서울특별시 구로구 가마산로 180-2,서울특별시 구로구 구로동 704-38,37.49168151,126.8822748,,일반쓰레기,서울특별시 구로구청 청소행정과,02-860-2918,2024-12-26,3160000,서울특별시 구로구
도로변(구로동로 174),서울특별시,구로구,서울특별시 구로구 구로동로 174,서울특별시 구로구 구로동 416-1,37.49404864,126.8833646,,일반쓰레기,서울특별시 구로구청 청소행정과,02-860-2918,2024-12-26,3160000,서울특별시 구로구
버스정류소(17142),서울특별시,구로구,,서울특별시 구로구 구로동 490,37.498129,126.883412,,일반쓰레기,서울특별시 구로구청 청소행정과,02-860-2918,2024-12-26,3160000,서울특별시 구로구
도로변(구로동 481-7),서울특별시,구로구,서울특별시 구로구 구로동로 203,서울특별시 구로구 구로동 481-7,37.49671859,126.8822699,,일반쓰레기,서울특별시 구로구청 청소행정과,02-860-2918,2024-12-26,3160000,서울특별시 구로구
도로변(구로동로 179),서울특별시,구로구,서울특별시 구로구 구로동로 179,서울특별시 구로구 구로동 461-7,37.49445292,126.8825421,,일반쓰레기,서울특별시 구로구청 청소행정과,02-860-2918,2024-12-26,3160000,서울특별시 구로구
도로변(경인로 518),서울특별시,구로구,서울특별시 구로구 경인로 518,서울특별시 구로구 구로동 636-1,37.50023921,126.8769102,,일반쓰레기,서울특별시 구로구청 청소행정과,02-860-2918,2024-12-26,3160000,서울특별시 구로구
도로변(경인로 557),서울특별시,구로구,서울특별시 구로구 경인로 557,서울특별시 구로구 구로동 606-4,37.50310865,126.8790091,,일반쓰레기,서울특별시 구로구청 청소행정과,02-860-2918,2024-12-26,3160000,서울특별시 구로구
도로변(경인로 565),서울특별시,구로구,서울특별시 구로구 경인로 565,서울특별시 구로구 구로동 604-19,37.50363988,126.8797139,,일반쓰레기,서울특별시 구로구청 청소행정과,02-860-2918,2024-12-26,3160000,서울특별시 구로구
도로변(구로동로 159),서울특별시,구로구,서울특별시 구로구 구로동로 159,서울특별시 구로구 구로동 413-80,37.49273634,126.8832036,,일반쓰레기,서울특별시 구로구청 청소행정과,02-860-2918,2024-12-26,3160000,서울특별시 구로구
도로변(가마산로 206),서울특별시,구로구,서울특별시 구로구 가마산로 206,서울특별시 구로구 구로동 426-92,37.49295531,126.8840437,,일반쓰레기,서울특별시 구로구청 청소행정과,02-860-2918,2024-12-26,3160000,서울특별시 구로구
도로변(구로동로 135),서울특별시,구로구,서울특별시 구로구 구로동로 135,서울특별시 구로구 구로동 754-9,37.4906411,126.8837098,,일반쓰레기,서울특별시 구로구청 청소행정과,02-860-2918,2024-12-26,3160000,서울특별시 구로구
도로변(가마산로 250),서울특별시,구로구,서울특별시 구로구 가마산로 250,서울특별시 구로구 구로동 83-4,37.49481403,126.8886765,,일반쓰레기,서울특별시 구로구청 청소행정과,02-860-2918,2024-12-26,3160000,서울특별시 구로구
도로변(가마산로 235),서울특별시,구로구,서울특별시 구로구 가마산로 235,서울특별시 구로구 구로동 436-1,37.49453206,126.887015,,일반쓰레기,서울특별시 구로구청 청소행정과,02-860-2918,2024-12-26,3160000,서울특별시 구로구
구로구청(2),서울특별시,구로구,서울특별시 구로구 가마산로 245,서울특별시 구로구 구로동 435,37.49551123,126.8882891,,일반쓰레기,서울특별시 구로구청 청소행정과,02-860-2918,2024-12-26,3160000,서울특별시 구로구
구로구청(1),서울특별시,구로구,서울특별시 구로구 가마산로 245,서울특별시 구로구 구로동 435,37.49551123,126.8882891,,일반쓰레기,서울특별시 구로구청 청소행정과,02-860-2918,2024-12-26,3160000,서울특별시 구로구
도로변(구로동로 141),서울특별시,구로구,서울특별시 구로구 구로동로 141,서울특별시 구로구 구로동 704-57,37.4913197,126.883399,,일반쓰레기,서울특별시 구로구청 청소행정과,02-860-2918,2024-12-26,3160000,서울특별시 구로구
도로변(구로중앙로 135-6)(2),서울특별시,구로구,서울특별시 구로구 구로중앙로 135-6,서울특별시 구로구 구로동 500-27,37.49995073,126.8828691,,일반쓰레기,서울특별시 구로구청 청소행정과,02-860-2918,2024-12-26,3160000,서울특별시 구로구
